%  GPST          latitude(deg) longitude(deg)  height(m)   Q  ns   sdn(m)   sde(m)   sdu(m)  sdne(m)  sdeu(m)  sdun(m) age(s)  ratio
2046 359941.000   34.220272411  117.144017104    36.0463   2  13   1.4881    1.3752   3.4113   0.3599  -1.0208  -1.3894   0.00    0.0
2046 359940.000   34.220272396  117.144017085    36.0911   2  12   1.1022    1.0201   2.5366   0.2241  -0.7145  -1.0272   0.00    0.0
2046 359939.000   34.220272369  117.144017082    36.1057   2  12   0.9160    0.8480   2.1108   0.1714  -0.5803  -0.8536   0.00    0.0
2046 359938.000   34.220272254  117.144017031    36.1349   2  12   0.7877    0.7356   1.8030   0.0783  -0.4613  -0.7057   0.00    0.0
2046 359937.000   34.220272006  117.144016806    36.1841   2  12   0.7033    0.6597   1.6027  -0.0461  -0.3915  -0.6154   0.00    0.0
2046 359936.000   34.220271982  117.144016967    36.1848   2   9   0.6538    0.6125   1.4996  -0.0753  -0.3410  -0.5897   0.00    0.0
2046 359935.000   34.220271832  117.144017143    36.1212   2   9   0.6303    0.5908   1.4796  -0.1482  -0.1869  -0.6093   0.00    0.0
2046 359934.000   34.220271961  117.144016889    36.1957   2  13   0.5873    0.5533   1.3748  -0.1469  -0.1681  -0.5611   0.00    0.0
2046 359933.000   34.220271983  117.144016988    36.1876   2  13   0.5553    0.5220   1.2973  -0.1236  -0.1960  -0.5286   0.00    0.0
2046 359932.000   34.220271882  117.144016944    36.2186   2  14   0.5222    0.4934   1.2156  -0.1225  -0.1852  -0.4847   0.00    0.0
2046 359931.000   34.220271828  117.144016950    36.2301   2  14   0.4962    0.4700   1.1512  -0.1171  -0.1817  -0.4526   0.00    0.0
2046 359930.000   34.220271806  117.144016966    36.2388   2  14   0.4742    0.4501   1.0970  -0.1126  -0.1782  -0.4260   0.00    0.0
2046 359929.000   34.220271818  117.144017030    36.2327   2  13   0.4589    0.4346   1.0614  -0.0980  -0.1904  -0.4140   0.00    0.0
2046 359928.000   34.220274735  117.144018731    35.5532   1  12   0.0066    0.0053   0.0144  -0.0022  -0.0006  -0.0071   0.00   10.7
2046 359927.000   34.220271937  117.144016972    36.2358   2  14   0.4355    0.4079   0.9950  -0.0984  -0.1778  -0.3916   0.00    1.6
2046 359926.000   34.220271860  117.144016980    36.2200   2  14   0.4215    0.3958   0.9619  -0.0962  -0.1744  -0.3743   0.00    1.0
2046 359925.000   34.220271841  117.144017007    36.2162   2  13   0.4098    0.3853   0.9328  -0.0964  -0.1707  -0.3596   0.00    1.0
2046 359924.000   34.220271871  117.144017017    36.2113   2  14   0.3990    0.3757   0.9067  -0.0953  -0.1681  -0.3461   0.00    1.0
2046 359923.000   34.220271905  117.144017046    36.2038   2  14   0.3889    0.3669   0.8835  -0.0934  -0.1658  -0.3341   0.00    1.0
2046 359922.000   34.220271934  117.144017046    36.1998   2  14   0.3799    0.3590   0.8626  -0.0917  -0.1638  -0.3233   0.00    1.6
2046 359921.000   34.220271990  117.144017045    36.1928   2  14   0.3717    0.3518   0.8438  -0.0902  -0.1620  -0.3136   0.00    1.2
2046 359920.000   34.220271992  117.144017097    36.1860   2  14   0.3643    0.3452   0.8267  -0.0888  -0.1605  -0.3047   0.00    1.3
2046 359919.000   34.220272052  117.144017073    36.1765   2  14   0.3576    0.3392   0.8112  -0.0876  -0.1591  -0.2967   0.00    1.5
2046 359918.000   34.220272162  117.144017058    36.1588   2  14   0.3514    0.3338   0.7971  -0.0864  -0.1579  -0.2894   0.00    1.3
2046 359917.000   34.220272322  117.144017070    36.1560   2  14   0.3458    0.3288   0.7841  -0.0854  -0.1569  -0.2827   0.00    1.2
2046 359916.000   34.220272400  117.144017026    36.1411   2  12   0.3425    0.3254   0.7728  -0.0901  -0.1571  -0.2761   0.00    1.8
2046 359915.000   34.220272424  117.144017046    36.1409   2  13   0.3392    0.3220   0.7624  -0.0931  -0.1570  -0.2701   0.00    2.9
2046 359914.000   34.220272379  117.144017130    36.1466   2  13   0.3356    0.3184   0.7525  -0.0938  -0.1555  -0.2656   0.00    1.3
2046 359913.000   34.220272430  117.144017171    36.1396   2  13   0.3339    0.3156   0.7455  -0.0978  -0.1504  -0.2650   0.00    2.5
2046 359912.000   34.220272456  117.144017204    36.1403   2  13   0.3324    0.3131   0.7390  -0.1013  -0.1457  -0.2645   0.00    1.2
2046 359911.000   34.220272376  117.144017299    36.1443   2  14   0.3289    0.3100   0.7308  -0.1006  -0.1455  -0.2601   0.00    1.5
2046 359910.000   34.220272348  117.144017368    36.1490   2  14   0.3251    0.3069   0.7232  -0.0986  -0.1457  -0.2556   0.00    1.4
2046 359909.000   34.220272355  117.144017412    36.1557   2  14   0.3216    0.3039   0.7162  -0.0968  -0.1460  -0.2515   0.00    1.5
2046 359908.000   34.220272346  117.144017453    36.1626   2  14   0.3183    0.3013   0.7096  -0.0950  -0.1462  -0.2476   0.00    1.8
2046 359907.000   34.220272311  117.144017518    36.1600   2  14   0.3153    0.2988   0.7036  -0.0935  -0.1465  -0.2440   0.00    1.0
2046 359906.000   34.220272276  117.144017585    36.1670   2  14   0.3125    0.2964   0.6980  -0.0920  -0.1467  -0.2407   0.00    1.0
2046 359905.000   34.220272240  117.144017636    36.1710   2  14   0.3099    0.2943   0.6928  -0.0907  -0.1469  -0.2375   0.00    2.9
2046 359904.000   34.220272187  117.144017697    36.1728   2  14   0.3074    0.2923   0.6879  -0.0894  -0.1472  -0.2346   0.00    1.8
2046 359903.000   34.220274854  117.144018452    35.5673   1  14   0.0066    0.0053   0.0144  -0.0022  -0.0008  -0.0071   0.00    5.5
2046 359902.000   34.220274842  117.144018464    35.5643   1  14   0.0065    0.0053   0.0144  -0.0021  -0.0008  -0.0071   0.00    4.1
2046 359901.000   34.220274824  117.144018464    35.5711   1  14   0.0066    0.0053   0.0144  -0.0022  -0.0008  -0.0071   0.00    3.3
2046 359900.000   34.220271918  117.144017886    36.2115   2  13   0.3013    0.2864   0.6719  -0.0895  -0.1468  -0.2260   0.00    2.7
2046 359899.000   34.220271873  117.144017885    36.2231   2  14   0.3003    0.2853   0.6686  -0.0903  -0.1465  -0.2244   0.00    1.1
2046 359898.000   34.220271852  117.144017843    36.2224   2  14   0.2986    0.2839   0.6654  -0.0891  -0.1469  -0.2222   0.00    1.5
2046 359897.000   34.220271761  117.144017839    36.2132   2  13   0.2981    0.2831   0.6626  -0.0904  -0.1464  -0.2211   0.00    1.0
2046 359896.000   34.220271743  117.144017739    36.2098   2  13   0.2988    0.2828   0.6614  -0.0938  -0.1437  -0.2225   0.00    1.6
2046 359895.000   34.220271738  117.144017649    36.2401   2  12   0.3041    0.2836   0.6676  -0.0899  -0.1495  -0.2353   0.00    1.2
2046 359894.000   34.220271928  117.144017604    36.1938   2  13   0.3079    0.2841   0.6737  -0.0817  -0.1592  -0.2457   0.00    1.5
2046 359893.000   34.220274738  117.144018576    35.5566   1  12   0.0066    0.0063   0.0149   0.0035  -0.0053  -0.0071   0.00    4.2
2046 359892.000   34.220271668  117.144017429    36.1830   2  13   0.3130    0.2947   0.6860  -0.0233  -0.1934  -0.2599   0.00    1.1
2046 359891.000   34.220271722  117.144017498    36.1770   2  12   0.3105    0.2948   0.6829  -0.0290  -0.1870  -0.2551   0.00    1.6
2046 359890.000   34.220271893  117.144017447    36.1650   2  13   0.3080    0.2949   0.6800  -0.0359  -0.1804  -0.2511   0.00    1.0
2046 359889.000   34.220271903  117.144017409    36.1587   2  14   0.3058    0.2933   0.6760  -0.0409  -0.1777  -0.2473   0.00    1.4
2046 359888.000   34.220271875  117.144017312    36.1257   2  14   0.3036    0.2914   0.6722  -0.0443  -0.1758  -0.2436   0.00    2.3
2046 359887.000   34.220271963  117.144017216    36.0935   2  12   0.3051    0.2926   0.6758  -0.0178  -0.1834  -0.2485   0.00    1.1
2046 359886.000   34.220274761  117.144018639    35.5487   1  13   0.0055    0.0052   0.0134   0.0001  -0.0023  -0.0052   0.00    4.6
2046 359885.000   34.220274771  117.144018669    35.5491   1  13   0.0055    0.0052   0.0134   0.0003  -0.0023  -0.0052   0.00    8.1
2046 359884.000   34.220274708  117.144018536    35.5683   1  14   0.0051    0.0051   0.0123  -0.0014   0.0008  -0.0041   0.00    3.5
2046 359883.000   34.220274767  117.144018611    35.5601   1  14   0.0051    0.0051   0.0123  -0.0015   0.0008  -0.0041   0.00    9.4
2046 359882.000   34.220274748  117.144018597    35.5587   1  14   0.0051    0.0049   0.0115  -0.0013  -0.0022  -0.0040   0.00    4.1
2046 359881.000   34.220274776  117.144018603    35.5530   1  14   0.0051    0.0049   0.0115  -0.0013  -0.0022  -0.0040   0.00    3.8
2046 359880.000   34.220274792  117.144018635    35.5493   1  13   0.0055    0.0051   0.0126   0.0008  -0.0033  -0.0050   0.00    3.8
2046 359879.000   34.220274803  117.144018652    35.5528   1  14   0.0051    0.0049   0.0115  -0.0013  -0.0022  -0.0040   0.00    4.9
2046 359878.000   34.220274767  117.144018621    35.5574   1  14   0.0051    0.0049   0.0115  -0.0013  -0.0022  -0.0040   0.00    3.5
2046 359877.000   34.220274771  117.144018622    35.5580   1  14   0.0051    0.0049   0.0115  -0.0013  -0.0022  -0.0040   0.00    3.5
2046 359876.000   34.220272734  117.144017476    35.9551   2  14   0.2953    0.2825   0.6617   0.0117  -0.1875  -0.2372   0.00    3.0
2046 359875.000   34.220274793  117.144018599    35.5625   1  14   0.0052    0.0052   0.0118  -0.0018  -0.0030  -0.0036   0.00    4.8
2046 359874.000   34.220274790  117.144018601    35.5625   1  14   0.0052    0.0052   0.0118  -0.0018  -0.0030  -0.0036   0.00    5.8
2046 359873.000   34.220274793  117.144018570    35.5619   1  14   0.0052    0.0052   0.0118  -0.0018  -0.0030  -0.0036   0.00    3.5
2046 359872.000   34.220274774  117.144018594    35.5556   1  14   0.0052    0.0052   0.0118  -0.0018  -0.0030  -0.0036   0.00    4.8
2046 359871.000   34.220274772  117.144018601    35.5590   1  14   0.0052    0.0052   0.0118  -0.0018  -0.0030  -0.0036   0.00    7.8
2046 359870.000   34.220274779  117.144018628    35.5577   1  14   0.0052    0.0052   0.0118  -0.0018  -0.0030  -0.0036   0.00   14.7
2046 359869.000   34.220274776  117.144018648    35.5578   1  14   0.0052    0.0052   0.0118  -0.0018  -0.0030  -0.0036   0.00   16.9
2046 359868.000   34.220274794  117.144018650    35.5545   1  14   0.0052    0.0052   0.0118  -0.0018  -0.0030  -0.0036   0.00   12.2
2046 359867.000   34.220274804  117.144018660    35.5565   1  14   0.0052    0.0052   0.0118  -0.0018  -0.0030  -0.0036   0.00    5.7
2046 359866.000   34.220274795  117.144018664    35.5552   1  14   0.0052    0.0052   0.0118  -0.0018  -0.0030  -0.0036   0.00    4.3
2046 359865.000   34.220274789  117.144018640    35.5560   1  14   0.0052    0.0052   0.0118  -0.0018  -0.0030  -0.0036   0.00    4.5
2046 359864.000   34.220274812  117.144018657    35.5541   1  14   0.0052    0.0052   0.0118  -0.0018  -0.0030  -0.0036   0.00    5.1
2046 359863.000   34.220274799  117.144018684    35.5483   1  14   0.0051    0.0049   0.0115  -0.0013  -0.0022  -0.0039   0.00    4.2
2046 359862.000   34.220274800  117.144018671    35.5502   1  14   0.0051    0.0049   0.0115  -0.0013  -0.0022  -0.0039   0.00    3.0
2046 359861.000   34.220274754  117.144018649    35.5434   1  14   0.0051    0.0049   0.0115  -0.0013  -0.0022  -0.0039   0.00    6.1
2046 359860.000   34.220274767  117.144018661    35.5468   1  14   0.0051    0.0049   0.0115  -0.0013  -0.0022  -0.0039   0.00    5.1
2046 359859.000   34.220274769  117.144018687    35.5489   1  14   0.0051    0.0049   0.0115  -0.0013  -0.0022  -0.0039   0.00    6.5
2046 359858.000   34.220274767  117.144018689    35.5486   1  14   0.0051    0.0049   0.0115  -0.0013  -0.0022  -0.0039   0.00    6.1
2046 359857.000   34.220274746  117.144018661    35.5500   1  14   0.0051    0.0049   0.0115  -0.0013  -0.0022  -0.0039   0.00    5.8
2046 359856.000   34.220274745  117.144018664    35.5504   1  14   0.0051    0.0049   0.0115  -0.0013  -0.0022  -0.0039   0.00    5.4
2046 359855.000   34.220274759  117.144018645    35.5496   1  14   0.0051    0.0049   0.0115  -0.0013  -0.0022  -0.0039   0.00   22.1
2046 359854.000   34.220274784  117.144018625    35.5470   1  14   0.0051    0.0049   0.0115  -0.0013  -0.0022  -0.0039   0.00   27.0
2046 359853.000   34.220274770  117.144018619    35.5499   1  14   0.0051    0.0049   0.0115  -0.0013  -0.0022  -0.0039   0.00   26.9
2046 359852.000   34.220274800  117.144018632    35.5536   1  14   0.0051    0.0049   0.0115  -0.0013  -0.0022  -0.0039   0.00   17.1
2046 359851.000   34.220274802  117.144018552    35.5584   1  14   0.0051    0.0049   0.0115  -0.0013  -0.0022  -0.0039   0.00   13.5
2046 359850.000   34.220274760  117.144018569    35.5592   1  14   0.0051    0.0049   0.0115  -0.0013  -0.0022  -0.0039   0.00   25.4
2046 359849.000   34.220274771  117.144018579    35.5555   1  14   0.0051    0.0049   0.0115  -0.0013  -0.0022  -0.0039   0.00   48.6
2046 359848.000   34.220274789  117.144018546    35.5548   1  14   0.0051    0.0049   0.0115  -0.0013  -0.0022  -0.0039   0.00   38.8
2046 359847.000   34.220274786  117.144018553    35.5509   1  14   0.0051    0.0049   0.0115  -0.0013  -0.0022  -0.0039   0.00   19.5
2046 359846.000   34.220274808  117.144018545    35.5490   1  14   0.0051    0.0049   0.0115  -0.0013  -0.0022  -0.0039   0.00   32.4
2046 359845.000   34.220274808  117.144018533    35.5546   1  14   0.0051    0.0049   0.0115  -0.0013  -0.0022  -0.0039   0.00   23.8
2046 359844.000   34.220274833  117.144018440    35.5590   1  14   0.0051    0.0049   0.0115  -0.0013  -0.0022  -0.0039   0.00   76.3
2046 359843.000   34.220274834  117.144018454    35.5504   1  14   0.0051    0.0049   0.0115  -0.0013  -0.0022  -0.0039   0.00   29.6
2046 359842.000   34.220274816  117.144018461    35.5555   1  14   0.0051    0.0049   0.0115  -0.0013  -0.0022  -0.0039   0.00   35.5
2046 359841.000   34.220274813  117.144018453    35.5540   1  14   0.0051    0.0049   0.0115  -0.0013  -0.0022  -0.0039   0.00   36.2
2046 359840.000   34.220274824  117.144018439    35.5569   1  14   0.0051    0.0049   0.0115  -0.0013  -0.0022  -0.0039   0.00   30.2
2046 359839.000   34.220274839  117.144018433    35.5560   1  14   0.0051    0.0049   0.0115  -0.0013  -0.0022  -0.0039   0.00   38.2
2046 359838.000   34.220274869  117.144018427    35.5551   1  14   0.0051    0.0049   0.0115  -0.0013  -0.0022  -0.0039   0.00   21.9
2046 359837.000   34.220274870  117.144018422    35.5549   1  14   0.0051    0.0049   0.0115  -0.0013  -0.0022  -0.0039   0.00   17.3
2046 359836.000   34.220274878  117.144018426    35.5575   1  14   0.0051    0.0049   0.0115  -0.0013  -0.0022  -0.0039   0.00   12.2
2046 359835.000   34.220274878  117.144018412    35.5553   1  14   0.0051    0.0049   0.0115  -0.0013  -0.0022  -0.0039   0.00   11.5
2046 359834.000   34.220274884  117.144018410    35.5565   1  14   0.0051    0.0049   0.0115  -0.0013  -0.0022  -0.0039   0.00   14.4
2046 359833.000   34.220274849  117.144018357    35.5623   1  14   0.0051    0.0049   0.0115  -0.0014  -0.0022  -0.0039   0.00   24.5
2046 359832.000   34.220274847  117.144018402    35.5559   1  13   0.0053    0.0051   0.0120  -0.0020  -0.0031  -0.0032   0.00   47.4
2046 359831.000   34.220274943  117.144018237    35.5647   1  14   0.0051    0.0049   0.0115  -0.0013  -0.0022  -0.0039   0.00    7.7
2046 359830.000   34.220274919  117.144018261    35.5590   1  13   0.0053    0.0051   0.0120  -0.0020  -0.0031  -0.0032   0.00    8.1
2046 359829.000   34.220274939  117.144018230    35.5602   1  14   0.0051    0.0049   0.0115  -0.0013  -0.0022  -0.0039   0.00    8.6
2046 359828.000   34.220274906  117.144018250    35.5640   1  14   0.0051    0.0049   0.0115  -0.0013  -0.0022  -0.0039   0.00   42.8
2046 359827.000   34.220274915  117.144018222    35.5610   1  14   0.0051    0.0049   0.0115  -0.0013  -0.0022  -0.0039   0.00   26.3
2046 359826.000   34.220274918  117.144018245    35.5607   1  14   0.0051    0.0049   0.0115  -0.0013  -0.0022  -0.0039   0.00   31.2
2046 359825.000   34.220274909  117.144018255    35.5603   1  14   0.0051    0.0049   0.0115  -0.0013  -0.0022  -0.0039   0.00   24.8
2046 359824.000   34.220274922  117.144018231    35.5628   1  14   0.0051    0.0049   0.0115  -0.0013  -0.0022  -0.0039   0.00   25.5
2046 359823.000   34.220274926  117.144018234    35.5641   1  14   0.0051    0.0049   0.0115  -0.0013  -0.0022  -0.0039   0.00   23.4
2046 359822.000   34.220274906  117.144018255    35.5614   1  14   0.0051    0.0049   0.0115  -0.0013  -0.0022  -0.0039   0.00   35.4
2046 359821.000   34.220274906  117.144018259    35.5621   1  14   0.0051    0.0049   0.0115  -0.0013  -0.0022  -0.0039   0.00   36.2
2046 359820.000   34.220274889  117.144018243    35.5633   1  14   0.0051    0.0049   0.0115  -0.0013  -0.0022  -0.0039   0.00   33.7
2046 359819.000   34.220274888  117.144018256    35.5593   1  14   0.0051    0.0049   0.0115  -0.0014  -0.0022  -0.0039   0.00   44.8
2046 359818.000   34.220274901  117.144018245    35.5618   1  14   0.0051    0.0049   0.0115  -0.0013  -0.0022  -0.0039   0.00   35.3
2046 359817.000   34.220274899  117.144018249    35.5609   1  14   0.0051    0.0049   0.0115  -0.0013  -0.0022  -0.0039   0.00   43.8
2046 359816.000   34.220274894  117.144018265    35.5615   1  14   0.0051    0.0049   0.0115  -0.0013  -0.0022  -0.0039   0.00   27.6
2046 359815.000   34.220274888  117.144018248    35.5589   1  14   0.0051    0.0049   0.0115  -0.0013  -0.0022  -0.0039   0.00   52.1
2046 359814.000   34.220274904  117.144018257    35.5596   1  14   0.0051    0.0049   0.0115  -0.0013  -0.0022  -0.0039   0.00   32.6
2046 359813.000   34.220274915  117.144018247    35.5585   1  14   0.0051    0.0049   0.0115  -0.0013  -0.0022  -0.0039   0.00   23.6
2046 359812.000   34.220274925  117.144018247    35.5601   1  14   0.0051    0.0049   0.0115  -0.0013  -0.0022  -0.0039   0.00   21.0
2046 359811.000   34.220274924  117.144018252    35.5593   1  14   0.0051    0.0049   0.0115  -0.0013  -0.0022  -0.0039   0.00   21.5
2046 359810.000   34.220274933  117.144018280    35.5564   1  14   0.0051    0.0049   0.0115  -0.0013  -0.0022  -0.0039   0.00   19.4
2046 359809.000   34.220274939  117.144018286    35.5550   1  14   0.0051    0.0049   0.0115  -0.0013  -0.0022  -0.0039   0.00   18.0
2046 359808.000   34.220274946  117.144018289    35.5569   1  14   0.0051    0.0049   0.0115  -0.0013  -0.0022  -0.0039   0.00   15.9
2046 359807.000   34.220274939  117.144018272    35.5608   1  14   0.0051    0.0049   0.0115  -0.0013  -0.0022  -0.0039   0.00   25.9
2046 359806.000   34.220274935  117.144018264    35.5592   1  14   0.0051    0.0049   0.0115  -0.0013  -0.0022  -0.0039   0.00   30.1
2046 359805.000   34.220274923  117.144018248    35.5605   1  14   0.0051    0.0049   0.0115  -0.0013  -0.0022  -0.0038   0.00   27.4
2046 359804.000   34.220274928  117.144018243    35.5609   1  14   0.0051    0.0049   0.0115  -0.0013  -0.0022  -0.0038   0.00   27.1
2046 359803.000   34.220274921  117.144018254    35.5617   1  14   0.0051    0.0049   0.0115  -0.0014  -0.0022  -0.0038   0.00   32.7
2046 359802.000   34.220274927  117.144018244    35.5598   1  14   0.0051    0.0049   0.0115  -0.0013  -0.0022  -0.0038   0.00   26.3
2046 359801.000   34.220274926  117.144018246    35.5604   1  14   0.0051    0.0049   0.0115  -0.0013  -0.0022  -0.0038   0.00   36.5
2046 359800.000   34.220274928  117.144018241    35.5613   1  14   0.0051    0.0049   0.0115  -0.0013  -0.0022  -0.0038   0.00   31.6
2046 359799.000   34.220274925  117.144018241    35.5624   1  14   0.0051    0.0049   0.0115  -0.0013  -0.0022  -0.0038   0.00   39.1
2046 359798.000   34.220274926  117.144018231    35.5645   1  14   0.0051    0.0049   0.0115  -0.0013  -0.0022  -0.0038   0.00   31.9
2046 359797.000   34.220274925  117.144018220    35.5650   1  14   0.0051    0.0049   0.0115  -0.0013  -0.0022  -0.0038   0.00   29.9
2046 359796.000   34.220274928  117.144018218    35.5648   1  14   0.0051    0.0049   0.0115  -0.0013  -0.0022  -0.0038   0.00   26.8
2046 359795.000   34.220274915  117.144018209    35.5658   1  14   0.0051    0.0049   0.0115  -0.0013  -0.0022  -0.0038   0.00   27.5
2046 359794.000   34.220274914  117.144018210    35.5655   1  14   0.0051    0.0049   0.0115  -0.0014  -0.0022  -0.0038   0.00   34.5
2046 359793.000   34.220274922  117.144018200    35.5646   1  14   0.0051    0.0049   0.0115  -0.0013  -0.0022  -0.0038   0.00   28.4
2046 359792.000   34.220274932  117.144018203    35.5651   1  14   0.0051    0.0049   0.0115  -0.0013  -0.0022  -0.0038   0.00   41.7
2046 359791.000   34.220274907  117.144018224    35.5682   1  14   0.0051    0.0049   0.0115  -0.0013  -0.0022  -0.0038   0.00   47.7
2046 359790.000   34.220274914  117.144018204    35.5629   1  14   0.0051    0.0049   0.0115  -0.0013  -0.0022  -0.0038   0.00   37.2
2046 359789.000   34.220274921  117.144018197    35.5655   1  14   0.0051    0.0049   0.0115  -0.0013  -0.0022  -0.0038   0.00   29.4
2046 359788.000   34.220274921  117.144018192    35.5627   1  14   0.0051    0.0049   0.0115  -0.0013  -0.0022  -0.0038   0.00   45.4
2046 359787.000   34.220274930  117.144018179    35.5617   1  14   0.0051    0.0049   0.0115  -0.0013  -0.0022  -0.0038   0.00   19.4
2046 359786.000   34.220274930  117.144018183    35.5568   1  14   0.0051    0.0049   0.0115  -0.0013  -0.0022  -0.0038   0.00   22.1
2046 359785.000   34.220274926  117.144018171    35.5593   1  14   0.0051    0.0049   0.0115  -0.0013  -0.0022  -0.0038   0.00   24.3
2046 359784.000   34.220274933  117.144018167    35.5583   1  14   0.0051    0.0049   0.0115  -0.0013  -0.0022  -0.0038   0.00   28.1
2046 359783.000   34.220274935  117.144018175    35.5594   1  14   0.0051    0.0049   0.0115  -0.0014  -0.0022  -0.0038   0.00   23.5
2046 359782.000   34.220274925  117.144018176    35.5585   1  14   0.0051    0.0049   0.0115  -0.0014  -0.0022  -0.0038   0.00   24.8
2046 359781.000   34.220274930  117.144018151    35.5567   1  14   0.0051    0.0049   0.0115  -0.0013  -0.0022  -0.0038   0.00   25.1
2046 359780.000   34.220274929  117.144018152    35.5576   1  14   0.0051    0.0049   0.0115  -0.0014  -0.0022  -0.0038   0.00   24.9
2046 359779.000   34.220274936  117.144018151    35.5569   1  14   0.0051    0.0049   0.0115  -0.0014  -0.0022  -0.0038   0.00   29.5
2046 359778.000   34.220274936  117.144018146    35.5595   1  14   0.0051    0.0049   0.0115  -0.0013  -0.0022  -0.0038   0.00   30.4
2046 359777.000   34.220274940  117.144018138    35.5619   1  14   0.0051    0.0049   0.0115  -0.0013  -0.0022  -0.0038   0.00   23.0
2046 359776.000   34.220274985  117.144018105    35.5597   1  14   0.0051    0.0049   0.0115  -0.0014  -0.0022  -0.0038   0.00   23.5
2046 359775.000   34.220274974  117.144018071    35.5625   1  14   0.0051    0.0049   0.0115  -0.0013  -0.0022  -0.0038   0.00   38.1
2046 359774.000   34.220274979  117.144018069    35.5622   1  14   0.0051    0.0049   0.0115  -0.0014  -0.0022  -0.0038   0.00   41.3
2046 359773.000   34.220274972  117.144018071    35.5614   1  14   0.0051    0.0049   0.0115  -0.0013  -0.0022  -0.0038   0.00   26.8
2046 359772.000   34.220274974  117.144018085    35.5574   1  14   0.0051    0.0049   0.0115  -0.0013  -0.0022  -0.0038   0.00   23.0
2046 359771.000   34.220274970  117.144018081    35.5630   1  14   0.0051    0.0049   0.0115  -0.0014  -0.0022  -0.0038   0.00   21.2
2046 359770.000   34.220274971  117.144018077    35.5605   1  14   0.0051    0.0049   0.0115  -0.0013  -0.0022  -0.0038   0.00   26.2
2046 359769.000   34.220274973  117.144018071    35.5606   1  14   0.0051    0.0049   0.0115  -0.0013  -0.0022  -0.0038   0.00   29.6
2046 359768.000   34.220274981  117.144018084    35.5632   1  14   0.0051    0.0049   0.0115  -0.0013  -0.0022  -0.0038   0.00   22.7
2046 359767.000   34.220274974  117.144018079    35.5665   1  14   0.0051    0.0049   0.0115  -0.0014  -0.0022  -0.0038   0.00   37.8
2046 359766.000   34.220274988  117.144018064    35.5662   1  14   0.0051    0.0049   0.0115  -0.0013  -0.0022  -0.0038   0.00   21.7
2046 359765.000   34.220274987  117.144018060    35.5631   1  14   0.0051    0.0049   0.0115  -0.0014  -0.0022  -0.0038   0.00   30.5
2046 359764.000   34.220274996  117.144018049    35.5629   1  14   0.0051    0.0049   0.0115  -0.0014  -0.0022  -0.0038   0.00   22.7
2046 359763.000   34.220274992  117.144018041    35.5655   1  14   0.0051    0.0049   0.0115  -0.0014  -0.0022  -0.0038   0.00   32.7
2046 359762.000   34.220275002  117.144018017    35.5673   1  14   0.0051    0.0049   0.0115  -0.0014  -0.0022  -0.0038   0.00   22.9
2046 359761.000   34.220275016  117.144018024    35.5650   1  14   0.0051    0.0049   0.0115  -0.0013  -0.0023  -0.0038   0.00   24.9
2046 359760.000   34.220275053  117.144017923    35.5649   1  14   0.0051    0.0049   0.0115  -0.0014  -0.0022  -0.0038   0.00   15.0
2046 359759.000   34.220275079  117.144017833    35.5607   1  14   0.0051    0.0049   0.0115  -0.0014  -0.0022  -0.0038   0.00   19.9
2046 359758.000   34.220275105  117.144017796    35.5640   1  14   0.0051    0.0049   0.0115  -0.0014  -0.0022  -0.0038   0.00   15.1
2046 359757.000   34.220275154  117.144017731    35.5646   1  14   0.0051    0.0049   0.0115  -0.0013  -0.0022  -0.0038   0.00   12.8
2046 359756.000   34.220275171  117.144017681    35.5660   1  13   0.0055    0.0051   0.0126   0.0007  -0.0034  -0.0049   0.00   15.9
2046 359755.000   34.220275192  117.144017533    35.5548   1  14   0.0051    0.0049   0.0115  -0.0013  -0.0022  -0.0038   0.00   16.0
2046 359754.000   34.220275214  117.144017508    35.5556   1  14   0.0051    0.0049   0.0115  -0.0014  -0.0022  -0.0038   0.00   14.5
2046 359753.000   34.220274682  117.144018742    35.5534   1  14   0.0051    0.0049   0.0115  -0.0014  -0.0022  -0.0038   0.00   17.3
2046 359752.000   34.220272876  117.144022967    35.5505   1  14   0.0051    0.0049   0.0115  -0.0014  -0.0022  -0.0038   0.00   21.9
2046 359751.000   34.220269696  117.144030034    35.5463   1  13   0.0055    0.0051   0.0126   0.0007  -0.0034  -0.0049   0.00   71.7
2046 359750.000   34.220263771  117.144039064    35.5291   1  14   0.0051    0.0049   0.0115  -0.0014  -0.0023  -0.0038   0.00   24.4
2046 359749.000   34.220258621  117.144046022    35.4990   1  13   0.0055    0.0051   0.0126   0.0007  -0.0034  -0.0049   0.00   71.9
2046 359748.000   34.220253691  117.144052272    35.4814   1  13   0.0055    0.0051   0.0126   0.0007  -0.0034  -0.0049   0.00   29.1
2046 359747.000   34.220245897  117.144059663    35.4405   1  13   0.0055    0.0051   0.0126   0.0007  -0.0034  -0.0049   0.00   31.4
2046 359746.000   34.220237788  117.144065605    35.4291   1  13   0.0055    0.0051   0.0126   0.0007  -0.0034  -0.0049   0.00   26.9
2046 359745.000   34.220231745  117.144069913    35.4145   1  13   0.0055    0.0051   0.0126   0.0007  -0.0034  -0.0049   0.00   33.9
2046 359744.000   34.220224242  117.144076114    35.4129   1  14   0.0051    0.0049   0.0115  -0.0014  -0.0022  -0.0038   0.00    9.7
2046 359743.000   34.220211828  117.144089751    35.3637   1  13   0.0055    0.0051   0.0126   0.0007  -0.0034  -0.0049   0.00   61.5
2046 359742.000   34.220198311  117.144107318    35.3311   1  12   0.0056    0.0051   0.0130   0.0002  -0.0036  -0.0044   0.00   79.5
2046 359741.000   34.220185767  117.144130024    35.2992   1  12   0.0056    0.0051   0.0130  -0.0002  -0.0036  -0.0044   0.00   20.4
2046 359740.000   34.220174149  117.144155765    35.2527   1  12   0.0056    0.0051   0.0130   0.0001  -0.0036  -0.0044   0.00   11.3
2046 359739.000   34.220164671  117.144184685    35.2091   1  11   0.0059    0.0054   0.0140  -0.0019  -0.0048  -0.0031   0.00    4.3
2046 359738.000   34.220157553  117.144216773    35.1699   1  11   0.0059    0.0054   0.0140  -0.0018  -0.0048  -0.0031   0.00    4.9
2046 359737.000   34.220151343  117.144248592    35.1262   1  11   0.0059    0.0054   0.0140  -0.0019  -0.0048  -0.0031   0.00    6.5
2046 359736.000   34.220145572  117.144279689    35.0994   1  10   0.0060    0.0055   0.0149  -0.0017  -0.0043  -0.0025   0.00    5.9
2046 359735.000   34.220139960  117.144311912    35.0580   1  10   0.0060    0.0055   0.0149  -0.0017  -0.0043  -0.0025   0.00    5.0
2046 359734.000   34.220134205  117.144344815    35.0048   1   9   0.0060    0.0056   0.0165  -0.0017  -0.0032  -0.0023   0.00    7.3
2046 359733.000   34.220127946  117.144379774    34.9572   1  10   0.0060    0.0055   0.0149  -0.0017  -0.0043  -0.0025   0.00    7.3
2046 359732.000   34.220121487  117.144417453    34.8901   1   9   0.0060    0.0056   0.0165  -0.0017  -0.0032  -0.0022   0.00   16.1
2046 359731.000   34.220114273  117.144456556    34.8589   1  11   0.0058    0.0053   0.0134  -0.0022  -0.0029   0.0017   0.00    4.2
2046 359730.000   34.220107059  117.144495923    34.7838   2   8   0.0944    0.0778   0.2336  -0.0330  -0.0731  -0.0598   0.00    2.3
2046 359729.000   34.220099960  117.144534247    34.7247   1   9   0.0069    0.0058   0.0175  -0.0031  -0.0017  -0.0065   0.00    4.1
2046 359728.000   34.220092158  117.144572772    34.7525   2   8   0.1564    0.1283   0.3877  -0.0513  -0.1153  -0.1072   0.00    1.3
2046 359727.000   34.220084512  117.144612208    34.6943   2   9   0.1788    0.1467   0.4434  -0.0581  -0.1305  -0.1238   0.00    2.8
2046 359726.000   34.220077100  117.144651784    34.5522   1  11   0.0061    0.0056   0.0137  -0.0031   0.0024  -0.0049   0.00    4.4
2046 359725.000   34.220069431  117.144691164    34.5187   1  12   0.0054    0.0053   0.0125  -0.0020  -0.0025  -0.0027   0.00    3.6
2046 359724.000   34.220061557  117.144730294    34.5714   2   9   0.2201    0.1869   0.5359  -0.0751  -0.1460  -0.1611   0.00    1.6
2046 359723.000   34.220054271  117.144769841    34.3795   1  11   0.0064    0.0057   0.0147  -0.0033   0.0019  -0.0037   0.00    4.9
2046 359722.000   34.220046587  117.144809413    34.3027   1   9   0.0069    0.0058   0.0175  -0.0031  -0.0018  -0.0065   0.00    3.2
2046 359721.000   34.220038118  117.144849092    34.4576   2  10   0.2607    0.2186   0.6054  -0.0894  -0.1889  -0.1864   0.00    2.2
2046 359720.000   34.220030467  117.144889223    34.4118   2   9   0.2721    0.2278   0.6270  -0.0927  -0.2014  -0.1947   0.00    2.4
2046 359719.000   34.220023725  117.144928914    34.1299   1  10   0.0069    0.0056   0.0157  -0.0028  -0.0037  -0.0058   0.00    3.3
2046 359718.000   34.220015747  117.144968702    34.3415   2   9   0.2923    0.2435   0.6599  -0.1005  -0.2205  -0.2042   0.00    1.8
2046 359717.000   34.220008252  117.145010332    34.3067   2   8   0.3017    0.2510   0.6868  -0.1047  -0.2237  -0.2096   0.00    1.6
2046 359716.000   34.220000514  117.145051392    34.2870   2  10   0.3093    0.2580   0.7114  -0.1060  -0.2299  -0.2129   0.00    1.0
2046 359715.000   34.219992772  117.145091114    34.1925   2  10   0.3130    0.2641   0.7263  -0.1047  -0.2388  -0.2057   0.00    1.1
2046 359714.000   34.219984790  117.145129091    34.0926   2  10   0.3208    0.2696   0.7371  -0.1092  -0.2437  -0.2119   0.00    1.7
2046 359713.000   34.219976993  117.145168181    34.1104   2   9   0.3267    0.2749   0.7545  -0.1118  -0.2457  -0.2121   0.00    1.2
2046 359712.000   34.219969920  117.145209218    34.0464   2  10   0.3322    0.2801   0.7735  -0.1125  -0.2502  -0.2144   0.00    2.3
2046 359711.000   34.219962976  117.145250435    34.0026   2   9   0.3384    0.2843   0.7802  -0.1160  -0.2538  -0.2163   0.00    1.9
2046 359710.000   34.219955622  117.145291181    33.9620   2  10   0.3423    0.2884   0.7931  -0.1178  -0.2549  -0.2141   0.00    1.1
2046 359709.000   34.219948238  117.145331463    33.9072   2  10   0.3428    0.2916   0.7937  -0.1176  -0.2601  -0.2043   0.00    2.5
2046 359708.000   34.219940823  117.145371708    33.8581   2  10   0.3431    0.2945   0.8000  -0.1180  -0.2602  -0.1894   0.00    1.9
2046 359707.000   34.219933634  117.145411866    33.8054   2   9   0.3444    0.2982   0.8120  -0.1157  -0.2647  -0.1814   0.00    2.6
2046 359706.000   34.219926728  117.145452369    33.3418   1   8   0.0060    0.0062   0.0198  -0.0017   0.0041  -0.0021   0.00    3.2
2046 359705.000   34.219917364  117.145489871    33.7320   2   8   0.3459    0.3065   0.8434  -0.1060  -0.2531  -0.1549   0.00    2.9
2046 359704.000   34.219907430  117.145529859    33.6708   2   9   0.3469    0.3101   0.8560  -0.1035  -0.2478  -0.1349   0.00    2.6
2046 359703.000   34.219896266  117.145569249    33.6007   2  10   0.3459    0.3110   0.8557  -0.0992  -0.2447  -0.1322   0.00    1.6
2046 359702.000   34.219884710  117.145608115    33.1033   1  10   0.0056    0.0054   0.0149   0.0004   0.0003  -0.0043   0.00    4.8
2046 359701.000   34.219869754  117.145644492    33.0708   1  10   0.0056    0.0054   0.0149   0.0005   0.0002  -0.0043   0.00    5.3
2046 359700.000   34.219850692  117.145677215    33.4282   2   9   0.3406    0.3132   0.8480  -0.0742  -0.2117  -0.1480   0.00    1.8
2046 359699.000   34.219832144  117.145709390    32.9677   1   9   0.0057    0.0061   0.0173  -0.0011   0.0050  -0.0047   0.00    9.6
2046 359698.000   34.219811279  117.145740134    33.3379   2   9   0.3363    0.3181   0.8451  -0.0538  -0.1791  -0.1626   0.00    1.2
2046 359697.000   34.219790666  117.145772973    32.8731   1  10   0.0054    0.0061   0.0155  -0.0015   0.0054  -0.0029   0.00   17.1
2046 359696.000   34.219768014  117.145801944    33.2297   2   9   0.3362    0.3271   0.8453   0.0390  -0.1507  -0.1718   0.00    2.5
2046 359695.000   34.219745316  117.145832749    32.7925   1  10   0.0055    0.0060   0.0158  -0.0014   0.0044  -0.0055   0.00    3.7
2046 359694.000   34.219720716  117.145862254    32.7287   1  10   0.0057    0.0061   0.0173  -0.0011   0.0050  -0.0047   0.00    6.1
2046 359693.000   34.219695434  117.145889806    32.7133   1   9   0.0057    0.0061   0.0173  -0.0011   0.0050  -0.0047   0.00    8.3
2046 359692.000   34.219668376  117.145916724    32.6849   1   9   0.0057    0.0061   0.0173  -0.0011   0.0050  -0.0047   0.00    5.3
2046 359691.000   34.219640204  117.145942542    32.6638   1   9   0.0057    0.0061   0.0173  -0.0011   0.0050  -0.0047   0.00    9.0
2046 359690.000   34.219610459  117.145965527    33.0479   2  11   0.3269    0.3382   0.8507   0.0665   0.0817  -0.1901   0.00    1.1
2046 359689.000   34.219580178  117.145988233    32.9786   2  11   0.3233    0.3385   0.8442   0.0597   0.1068  -0.1899   0.00    1.1
2046 359688.000   34.219549661  117.146009009    33.0046   2  11   0.3202    0.3400   0.8383   0.0563   0.1251  -0.1898   0.00    1.1
2046 359687.000   34.219518336  117.146029283    32.6058   1  11   0.0055    0.0060   0.0158  -0.0015   0.0044  -0.0055   0.00    4.4
2046 359686.000   34.219484560  117.146046663    32.5903   1  10   0.0055    0.0060   0.0158  -0.0015   0.0044  -0.0055   0.00    5.3
2046 359685.000   34.219449602  117.146061680    32.5692   1  11   0.0055    0.0060   0.0158  -0.0015   0.0044  -0.0055   0.00    5.9
2046 359684.000   34.219415370  117.146075056    32.5443   1  11   0.0055    0.0060   0.0158  -0.0015   0.0044  -0.0055   0.00    4.3
2046 359683.000   34.219381512  117.146087002    32.8227   2  11   0.3095    0.3427   0.8215   0.0338   0.1721  -0.1992   0.00    1.8
2046 359682.000   34.219347126  117.146099975    32.5057   1  10   0.0055    0.0060   0.0158  -0.0015   0.0044  -0.0055   0.00    5.7
2046 359681.000   34.219310780  117.146108622    32.4820   1   9   0.0057    0.0061   0.0170  -0.0019   0.0035  -0.0048   0.00    9.8
2046 359680.000   34.219274613  117.146112891    32.4700   1  11   0.0057    0.0061   0.0170  -0.0019   0.0035  -0.0048   0.00    4.1
2046 359679.000   34.219238669  117.146113983    32.4504   1  11   0.0057    0.0061   0.0169  -0.0019   0.0036  -0.0048   0.00    6.3
2046 359678.000   34.219203563  117.146113898    32.4649   1  11   0.0054    0.0057   0.0135  -0.0024   0.0022  -0.0033   0.00    4.4
2046 359677.000   34.219168656  117.146112223    32.7532   2  11   0.3049    0.3451   0.8126  -0.0434   0.1739  -0.2034   0.00    1.3
2046 359676.000   34.219135736  117.146110846    32.7529   2  10   0.3056    0.3461   0.8155  -0.0375   0.1642  -0.2116   0.00    1.1
2046 359675.000   34.219102579  117.146110247    32.4596   1  10   0.0055    0.0060   0.0158  -0.0014   0.0044  -0.0055   0.00   17.3
2046 359674.000   34.219067172  117.146106420    32.7294   2  10   0.3060    0.3481   0.8197  -0.0164   0.1670  -0.2236   0.00    1.3
2046 359673.000   34.219030892  117.146104585    32.4485   1  11   0.0055    0.0056   0.0141  -0.0010   0.0019  -0.0051   0.00    4.2
2046 359672.000   34.218992081  117.146103358    32.8095   2  12   0.3071    0.3430   0.8079   0.0380   0.1257  -0.2343   0.00    1.5
2046 359671.000   34.218954644  117.146103662    32.4486   1  12   0.0052    0.0060   0.0143  -0.0018   0.0049  -0.0041   0.00    6.6
2046 359670.000   34.218917876  117.146103036    32.4307   1  11   0.0052    0.0060   0.0143  -0.0018   0.0049  -0.0041   0.00    7.4
2046 359669.000   34.218880919  117.146102390    32.4266   1  11   0.0052    0.0060   0.0143  -0.0018   0.0049  -0.0041   0.00    9.5
2046 359668.000   34.218843557  117.146101111    32.8981   2  11   0.3005    0.3383   0.7910   0.0075   0.1467  -0.2236   0.00    1.6
2046 359667.000   34.218807004  117.146099541    32.3988   1  11   0.0052    0.0060   0.0143  -0.0018   0.0049  -0.0041   0.00    6.9
2046 359666.000   34.218769945  117.146098932    32.4321   1  10   0.0066    0.0081   0.0201  -0.0051   0.0100  -0.0087   0.00    5.8
2046 359665.000   34.218733049  117.146098912    32.4066   1  10   0.0066    0.0081   0.0201  -0.0051   0.0100  -0.0087   0.00    8.5
2046 359664.000   34.218696004  117.146099323    32.3980   1  11   0.0052    0.0060   0.0143  -0.0018   0.0049  -0.0041   0.00   14.6
2046 359663.000   34.218658962  117.146099290    32.3857   1  10   0.0055    0.0060   0.0158  -0.0015   0.0044  -0.0055   0.00   14.6
2046 359662.000   34.218622111  117.146098550    32.3826   1  11   0.0055    0.0060   0.0158  -0.0014   0.0044  -0.0055   0.00    5.2
2046 359661.000   34.218585912  117.146096659    32.3885   1  11   0.0055    0.0060   0.0158  -0.0015   0.0044  -0.0055   0.00   16.7
2046 359660.000   34.218551198  117.146093349    32.3714   1  10   0.0055    0.0060   0.0158  -0.0015   0.0044  -0.0055   0.00    6.6
2046 359659.000   34.218516563  117.146089754    32.3614   1  11   0.0055    0.0060   0.0158  -0.0015   0.0044  -0.0055   0.00   15.8
2046 359658.000   34.218482019  117.146086916    32.3626   1  10   0.0086    0.0086   0.0275  -0.0065   0.0125  -0.0133   0.00   12.6
2046 359657.000   34.218447941  117.146084264    32.3633   1  10   0.0055    0.0060   0.0158  -0.0014   0.0044  -0.0055   0.00    9.0
2046 359656.000   34.218413203  117.146081473    32.3487   1   8   0.0086    0.0086   0.0300  -0.0065   0.0127  -0.0135   0.00    6.7
2046 359655.000   34.218377406  117.146077998    32.3327   1  10   0.0086    0.0086   0.0300  -0.0065   0.0127  -0.0135   0.00   11.2
2046 359654.000   34.218341964  117.146073567    32.3288   1   9   0.0086    0.0086   0.0300  -0.0065   0.0127  -0.0135   0.00   14.0
2046 359653.000   34.218306525  117.146067471    32.3300   1  11   0.0086    0.0086   0.0299  -0.0065   0.0127  -0.0135   0.00   10.8
2046 359652.000   34.218271237  117.146059926    32.3382   1  11   0.0068    0.0060   0.0184  -0.0032   0.0040  -0.0076   0.00   12.9
2046 359651.000   34.218235158  117.146051633    32.7679   2  12   0.3610    0.3780   0.9192  -0.1819   0.2996  -0.3890   0.00    1.7
2046 359650.000   34.218201248  117.146041787    32.3421   1  11   0.0068    0.0060   0.0184  -0.0032   0.0039  -0.0076   0.00    4.1
2046 359649.000   34.218166767  117.146032397    32.3305   1  11   0.0068    0.0057   0.0163  -0.0029  -0.0009  -0.0070   0.00    7.8
2046 359648.000   34.218132301  117.146023077    32.3390   1  13   0.0061    0.0054   0.0128  -0.0031  -0.0015  -0.0046   0.00    5.1
2046 359647.000   34.218097974  117.146013268    32.3385   1  11   0.0059    0.0059   0.0149  -0.0031   0.0050  -0.0059   0.00    3.8
2046 359646.000   34.218063334  117.146002779    32.3144   1  10   0.0064    0.0067   0.0161  -0.0041   0.0060  -0.0062   0.00    5.5
2046 359645.000   34.218027631  117.145991451    32.3029   1   9   0.0067    0.0081   0.0209  -0.0051   0.0098  -0.0082   0.00   10.6
2046 359644.000   34.217990786  117.145979006    32.2936   1   9   0.0067    0.0081   0.0209  -0.0051   0.0098  -0.0082   0.00   10.3
2046 359643.000   34.217953083  117.145966949    32.3145   1   9   0.0067    0.0081   0.0209  -0.0051   0.0098  -0.0082   0.00    6.9
2046 359642.000   34.217917414  117.145955199    32.3337   1  11   0.0054    0.0057   0.0135  -0.0024   0.0021  -0.0032   0.00    4.7
2046 359641.000   34.217880898  117.145944047    32.9294   2  13   0.3446    0.3674   0.8319  -0.1762   0.2491  -0.3300   0.00    2.5
2046 359640.000   34.217846633  117.145929386    32.3719   1  11   0.0054    0.0061   0.0150  -0.0023   0.0043  -0.0029   0.00    3.2
2046 359639.000   34.217811049  117.145914586    32.3892   1  12   0.0051    0.0053   0.0128  -0.0014   0.0024  -0.0036   0.00    4.4
2046 359638.000   34.217773963  117.145900922    33.0381   2  10   0.3317    0.3534   0.8056  -0.1581   0.2206  -0.2963   0.00    2.4
2046 359637.000   34.217739845  117.145883114    32.4306   1  10   0.0054    0.0061   0.0150  -0.0023   0.0043  -0.0029   0.00    6.3
2046 359636.000   34.217702676  117.145867241    33.0860   2  10   0.3267    0.3535   0.8032  -0.1539   0.2212  -0.2783   0.00    2.1
2046 359635.000   34.217667126  117.145848974    33.1526   2  11   0.3281    0.3597   0.8073  -0.1625   0.2373  -0.2822   0.00    1.3
2046 359634.000   34.217633284  117.145828131    32.5151   1   9   0.0066    0.0085   0.0231  -0.0050   0.0115  -0.0086   0.00    4.1
2046 359633.000   34.217598279  117.145809026    32.5505   1   9   0.0068    0.0085   0.0260  -0.0049   0.0118  -0.0075   0.00    3.9
2046 359632.000   34.217563029  117.145790121    32.5728   1   9   0.0068    0.0085   0.0259  -0.0049   0.0118  -0.0075   0.00    3.4
2046 359631.000   34.217526070  117.145772792    33.2122   2   8   0.3386    0.3827   0.8611  -0.1799   0.3003  -0.2997   0.00    1.3
2046 359630.000   34.217492493  117.145750619    32.6887   1  10   0.0066    0.0085   0.0231  -0.0050   0.0115  -0.0086   0.00    4.2
2046 359629.000   34.217457204  117.145730575    32.7065   1  11   0.0066    0.0085   0.0231  -0.0050   0.0114  -0.0086   0.00    4.0
2046 359628.000   34.217421705  117.145709528    32.7126   1  10   0.0066    0.0085   0.0231  -0.0050   0.0114  -0.0086   0.00    5.0
2046 359627.000   34.217386031  117.145687148    32.7887   1   8   0.0068    0.0085   0.0260  -0.0049   0.0118  -0.0075   0.00    4.1
2046 359626.000   34.217351466  117.145664171    32.8340   1   9   0.0058    0.0061   0.0172  -0.0020   0.0048   0.0032   0.00    3.7
2046 359625.000   34.217317918  117.145641118    32.8774   1   9   0.0058    0.0061   0.0172  -0.0020   0.0048   0.0032   0.00    4.1
2046 359624.000   34.217282875  117.145620421    33.4617   2   9   0.3430    0.3953   0.8930  -0.1807   0.3351  -0.2620   0.00    2.6
2046 359623.000   34.217252972  117.145594698    32.9646   1  10   0.0064    0.0060   0.0169  -0.0034   0.0044  -0.0039   0.00    4.3
2046 359622.000   34.217222093  117.145570308    32.9964   1   9   0.0066    0.0066   0.0176  -0.0041   0.0059  -0.0055   0.00    3.1
2046 359621.000   34.217189279  117.145546788    33.6171   2   8   0.3526    0.3896   0.8875  -0.1921   0.3139  -0.2380   0.00    2.7
2046 359620.000   34.217157241  117.145519960    33.6469   2  10   0.3548    0.3952   0.8973  -0.1969   0.3264  -0.2373   0.00    1.3
2046 359619.000   34.217124312  117.145491120    33.6604   2   9   0.3550    0.3985   0.8957  -0.2026   0.3300  -0.2437   0.00    1.4
2046 359618.000   34.217091129  117.145460682    33.6819   2   9   0.3551    0.4014   0.8941  -0.2077   0.3331  -0.2494   0.00    1.7
2046 359617.000   34.217057342  117.145429665    33.7811   2  11   0.3550    0.3997   0.8840  -0.2108   0.3251  -0.2522   0.00    1.2
2046 359616.000   34.217023646  117.145399057    33.7860   2   7   0.3685    0.4067   0.8907  -0.2244   0.3294  -0.2425   0.00    1.8
2046 359615.000   34.216989622  117.145368127    33.7891   2   7   0.3802    0.4128   0.8963  -0.2360   0.3329  -0.2335   0.00    2.4
2046 359614.000   34.216955767  117.145336436    33.8256   2   7   0.3888    0.4147   0.8976  -0.2412   0.3271  -0.2092   0.00    1.5
2046 359613.000   34.216922074  117.145303994    33.8672   2   7   0.3965    0.4165   0.8990  -0.2458   0.3219  -0.1841   0.00    1.9
2046 359612.000   34.216888197  117.145271579    33.8953   2   8   0.4025    0.4182   0.9044  -0.2479   0.3200  -0.1525   0.00    1.2
2046 359611.000   34.216854878  117.145240367    33.9600   2   8   0.4159    0.4251   0.9089  -0.2630   0.3203  -0.1408   0.00    2.1
2046 359610.000   34.216823945  117.145209302    33.5738   1   9   0.0066    0.0066   0.0176  -0.0041   0.0059  -0.0055   0.00    7.3
2046 359609.000   34.216791544  117.145178861    33.6166   1   9   0.0066    0.0066   0.0176  -0.0041   0.0059  -0.0055   0.00    5.6
2046 359608.000   34.216757741  117.145147703    33.6522   1   9   0.0066    0.0066   0.0176  -0.0041   0.0059  -0.0055   0.00    3.7
2046 359607.000   34.216723105  117.145116321    33.7066   1   8   0.0067    0.0085   0.0259  -0.0049   0.0117  -0.0074   0.00    3.7
2046 359606.000   34.216689205  117.145084114    33.7590   1  10   0.0065    0.0066   0.0161  -0.0042   0.0057  -0.0064   0.00    4.2
2046 359605.000   34.216655041  117.145051378    33.8232   1  10   0.0054    0.0061   0.0150  -0.0023   0.0043  -0.0028   0.00    4.0
2046 359604.000   34.216620479  117.145018547    33.8652   1   8   0.0067    0.0085   0.0259  -0.0049   0.0117  -0.0074   0.00    4.4
2046 359603.000   34.216585632  117.144986013    33.9173   1   8   0.0067    0.0085   0.0259  -0.0049   0.0117  -0.0074   0.00    3.1
2046 359602.000   34.216552082  117.144952517    34.3890   2   8   0.3866    0.4175   0.9213  -0.2309   0.3349  -0.0879   0.00    1.1
2046 359601.000   34.216517621  117.144921672    34.0003   1  10   0.0058    0.0057   0.0147  -0.0025   0.0016   0.0013   0.00    4.5
2046 359600.000   34.216485087  117.144890855    34.0298   1   9   0.0066    0.0066   0.0176  -0.0041   0.0059  -0.0055   0.00    4.3
2046 359599.000   34.216452454  117.144859694    34.0771   1   9   0.0066    0.0066   0.0176  -0.0041   0.0059  -0.0054   0.00    3.1
2046 359598.000   34.216418842  117.144827865    34.1266   1   9   0.0088    0.0071   0.0149  -0.0062  -0.0024  -0.0016   0.00    3.4
2046 359597.000   34.216383852  117.144795587    34.1622   1  10   0.0064    0.0057   0.0148  -0.0034   0.0016  -0.0038   0.00    8.5
2046 359596.000   34.216348114  117.144763184    34.1921   1  12   0.0054    0.0053   0.0127  -0.0022  -0.0025  -0.0027   0.00    3.8
2046 359595.000   34.216312686  117.144729928    34.2397   1  12   0.0051    0.0053   0.0128  -0.0014   0.0024  -0.0035   0.00    5.0
2046 359594.000   34.216277683  117.144696746    34.2726   1  11   0.0052    0.0060   0.0142  -0.0019   0.0048  -0.0040   0.00   12.2
2046 359593.000   34.216242485  117.144663739    34.2824   1  11   0.0052    0.0060   0.0142  -0.0019   0.0048  -0.0040   0.00    3.6
2046 359592.000   34.216206915  117.144630847    34.3161   1   8   0.0067    0.0085   0.0259  -0.0049   0.0117  -0.0073   0.00    4.4
2046 359591.000   34.216171008  117.144597156    34.3376   1   8   0.0067    0.0085   0.0259  -0.0049   0.0117  -0.0073   0.00    3.4
2046 359590.000   34.216135017  117.144563078    34.3636   1   8   0.0067    0.0085   0.0259  -0.0049   0.0117  -0.0073   0.00    5.3
2046 359589.000   34.216098782  117.144529028    34.3974   1   9   0.0067    0.0085   0.0259  -0.0049   0.0117  -0.0073   0.00    3.4
2046 359588.000   34.216063087  117.144493084    34.8026   2   9   0.3622    0.3967   0.8859  -0.2061   0.3235  -0.1421   0.00    1.3
2046 359587.000   34.216026305  117.144459125    34.8373   2  10   0.3604    0.3916   0.8765  -0.2037   0.3121  -0.1396   0.00    1.2
2046 359586.000   34.215988643  117.144426819    34.4516   1   8   0.0089    0.0072   0.0172  -0.0061   0.0022   0.0027   0.00    3.0
2046 359585.000   34.215951961  117.144391708    34.4911   1   9   0.0064    0.0060   0.0169  -0.0034   0.0043  -0.0037   0.00    7.4
2046 359584.000   34.215915736  117.144356718    34.5124   1  10   0.0059    0.0055   0.0148  -0.0022  -0.0014   0.0029   0.00    4.8
2046 359583.000   34.215879816  117.144321541    34.5655   1  10   0.0059    0.0055   0.0148  -0.0022  -0.0014   0.0029   0.00    7.3
2046 359582.000   34.215843783  117.144286304    34.5973   1  11   0.0058    0.0053   0.0135  -0.0025  -0.0030   0.0016   0.00   12.5
2046 359581.000   34.215808723  117.144249866    35.0572   2  11   0.3686    0.3629   0.8358  -0.2005   0.2235   0.0316   0.00    1.0
2046 359580.000   34.215772287  117.144216026    35.1067   2   8   0.3775    0.3739   0.8474  -0.2121   0.2439   0.0417   0.00    2.7
2046 359579.000   34.215735299  117.144183789    34.6839   1   9   0.0066    0.0065   0.0176  -0.0041   0.0058  -0.0054   0.00    3.7
2046 359578.000   34.215702977  117.144146012    35.1568   2  11   0.3823    0.3708   0.8306  -0.2213   0.2198  -0.0303   0.00    3.0
2046 359577.000   34.215669428  117.144113150    34.7699   1  12   0.0063    0.0064   0.0166  -0.0037   0.0064  -0.0064   0.00    6.2
2046 359576.000   34.215639912  117.144074939    35.2605   2  11   0.3667    0.3565   0.8082  -0.2032   0.1966  -0.0673   0.00    3.0
2046 359575.000   34.215607602  117.144038387    35.3255   2  11   0.3609    0.3523   0.8037  -0.1959   0.1935  -0.0741   0.00    1.7
2046 359574.000   34.215575430  117.144001400    35.3970   2  10   0.3571    0.3500   0.8007  -0.1920   0.1943  -0.0883   0.00    1.9
2046 359573.000   34.215544171  117.143964735    35.4532   2  10   0.3564    0.3471   0.7953  -0.1913   0.1834  -0.0854   0.00    1.5
2046 359572.000   34.215512563  117.143930954    34.9510   1  10   0.0064    0.0057   0.0148  -0.0034   0.0015  -0.0037   0.00    7.4
2046 359571.000   34.215481898  117.143893654    34.9919   1  10   0.0064    0.0057   0.0148  -0.0034   0.0015  -0.0037   0.00    3.8
2046 359570.000   34.215450638  117.143854809    35.0550   1  10   0.0067    0.0085   0.0258  -0.0049   0.0116  -0.0072   0.00    4.4
2046 359569.000   34.215420467  117.143815566    35.1125   1  11   0.0066    0.0065   0.0175  -0.0041   0.0058  -0.0053   0.00    3.2
2046 359568.000   34.215391243  117.143776240    35.1923   1  11   0.0058    0.0057   0.0147  -0.0025   0.0015   0.0015   0.00    4.2
2046 359567.000   34.215362856  117.143736341    35.2778   1  11   0.0066    0.0065   0.0176  -0.0041   0.0058  -0.0054   0.00    3.5
2046 359566.000   34.215335328  117.143696011    35.3692   1  10   0.0066    0.0065   0.0175  -0.0041   0.0057  -0.0053   0.00    3.3
2046 359565.000   34.215308799  117.143656567    35.4412   1  10   0.0064    0.0057   0.0148  -0.0034   0.0014  -0.0037   0.00    7.5
2046 359564.000   34.215282462  117.143616726    35.5162   1  11   0.0058    0.0053   0.0135  -0.0025  -0.0031   0.0017   0.00    7.0
2046 359563.000   34.215255595  117.143576214    35.6056   1  11   0.0058    0.0053   0.0135  -0.0025  -0.0031   0.0018   0.00    6.8
2046 359562.000   34.215230218  117.143532534    36.3520   2  10   0.3491    0.3300   0.7789  -0.1769   0.1149   0.0503   0.00    2.7
2046 359561.000   34.215203452  117.143491290    36.4521   2   9   0.3509    0.3318   0.7809  -0.1808   0.1129   0.0583   0.00    1.3
2046 359560.000   34.215176474  117.143451332    36.5643   2  10   0.3525    0.3319   0.7795  -0.1838   0.1002   0.0678   0.00    2.1
2046 359559.000   34.215149336  117.143414803    35.9715   1  10   0.0064    0.0057   0.0148  -0.0034   0.0014  -0.0037   0.00    5.9
2046 359558.000   34.215126566  117.143376186    36.7630   2  10   0.3528    0.3280   0.7737  -0.1838   0.0664   0.0776   0.00    1.3
2046 359557.000   34.215103685  117.143341654    36.8615   2  10   0.3539    0.3269   0.7723  -0.1850   0.0352   0.0876   0.00    2.3
2046 359556.000   34.215080290  117.143307027    36.9870   2  10   0.3541    0.3274   0.7697  -0.1871   0.0127   0.0824   0.00    1.3
2046 359555.000   34.215056811  117.143271530    37.0831   2  10   0.3539    0.3264   0.7661  -0.1877   0.0219   0.0568   0.00    1.5
2046 359554.000   34.215032649  117.143235602    37.1396   2  10   0.3563    0.3263   0.7674  -0.1907  -0.0304   0.0576   0.00    1.1
2046 359553.000   34.215008994  117.143198777    37.2102   2  11   0.3584    0.3256   0.7643  -0.1935  -0.0630   0.0583   0.00    1.2
2046 359552.000   34.214985910  117.143161565    37.2861   2  11   0.3604    0.3249   0.7618  -0.1959  -0.0816   0.0591   0.00    1.6
2046 359551.000   34.214962494  117.143126210    36.5609   1  11   0.0064    0.0055   0.0135  -0.0034  -0.0025  -0.0033   0.00    4.6
2046 359550.000   34.214940731  117.143090480    36.6469   1  11   0.0064    0.0055   0.0135  -0.0034  -0.0025  -0.0033   0.00    9.3
2046 359549.000   34.214919147  117.143056051    36.7151   1  10   0.0077    0.0065   0.0140  -0.0050  -0.0048   0.0046   0.00    6.2
2046 359548.000   34.214897136  117.143022327    36.7913   1  10   0.0077    0.0065   0.0140  -0.0050  -0.0048   0.0046   0.00    4.4
2046 359547.000   34.214874537  117.142988963    36.8571   1  13   0.0053    0.0049   0.0119  -0.0016  -0.0026  -0.0028   0.00    3.6
2046 359546.000   34.214851325  117.142955885    36.9215   1  11   0.0064    0.0055   0.0135  -0.0034  -0.0026  -0.0033   0.00    3.7
2046 359545.000   34.214829937  117.142920935    37.9323   2  10   0.3701    0.3238   0.7425  -0.2091  -0.1381   0.0716   0.00    2.1
2046 359544.000   34.214803635  117.142890569    37.0817   1  10   0.0058    0.0057   0.0147  -0.0026   0.0014   0.0017   0.00    4.8
2046 359543.000   34.214779205  117.142858001    37.1632   1  10   0.0058    0.0057   0.0147  -0.0026   0.0014   0.0017   0.00    5.7
2046 359542.000   34.214756443  117.142823107    38.1127   2   9   0.3637    0.3243   0.7474  -0.2027  -0.1208   0.0689   0.00    1.1
2046 359541.000   34.214730478  117.142790963    38.1687   2   8   0.3733    0.3326   0.7491  -0.2167  -0.1075   0.0536   0.00    2.4
2046 359540.000   34.214703922  117.142759211    38.2263   2  10   0.3824    0.3393   0.7507  -0.2290  -0.1101   0.0663   0.00    1.4
2046 359539.000   34.214676771  117.142728044    38.2762   2  12   0.3762    0.3363   0.7479  -0.2220  -0.1018   0.0401   0.00    1.4
2046 359538.000   34.214650270  117.142696561    38.3541   2  11   0.3730    0.3335   0.7437  -0.2185  -0.1115   0.0373   0.00    1.7
2046 359537.000   34.214622704  117.142666941    37.6343   1  11   0.0060    0.0054   0.0140  -0.0028   0.0031  -0.0049   0.00    6.1
2046 359536.000   34.214598450  117.142634175    38.4705   2  10   0.3625    0.3277   0.7386  -0.2061  -0.0942  -0.0652   0.00    1.0
2046 359535.000   34.214572151  117.142604110    38.5241   2  11   0.3593    0.3280   0.7386  -0.2035  -0.0799  -0.0800   0.00    1.4
2046 359534.000   34.214544249  117.142576033    37.8504   1  11   0.0062    0.0063   0.0156  -0.0038   0.0060  -0.0067   0.00    3.6
2046 359533.000   34.214518760  117.142544781    38.6049   2  12   0.3513    0.3259   0.7338  -0.1966  -0.0303  -0.1248   0.00    1.5
2046 359532.000   34.214489908  117.142517767    37.9844   1  12   0.0062    0.0063   0.0156  -0.0038   0.0060  -0.0067   0.00    4.1
2046 359531.000   34.214461904  117.142489532    38.0628   1  12   0.0059    0.0054   0.0135  -0.0028   0.0032  -0.0054   0.00    6.1
2046 359530.000   34.214433701  117.142461649    38.1383   1  14   0.0051    0.0049   0.0114  -0.0015  -0.0024  -0.0034   0.00    8.2
2046 359529.000   34.214405234  117.142434514    38.2160   1  13   0.0051    0.0051   0.0119  -0.0014  -0.0012  -0.0033   0.00    7.2
2046 359528.000   34.214376620  117.142407857    38.2617   1  13   0.0051    0.0050   0.0121  -0.0015  -0.0010  -0.0035   0.00    5.5
2046 359527.000   34.214348996  117.142381770    38.3236   1  14   0.0051    0.0049   0.0114  -0.0015  -0.0024  -0.0034   0.00    9.7
2046 359526.000   34.214322931  117.142357591    38.3815   1  14   0.0051    0.0049   0.0114  -0.0015  -0.0024  -0.0034   0.00    8.6
2046 359525.000   34.214296805  117.142332722    38.4282   1  14   0.0051    0.0049   0.0114  -0.0015  -0.0024  -0.0034   0.00    5.6
2046 359524.000   34.214269944  117.142306564    38.4551   1  13   0.0051    0.0050   0.0121  -0.0015  -0.0010  -0.0035   0.00    7.8
2046 359523.000   34.214241585  117.142279981    38.5073   1  13   0.0051    0.0050   0.0121  -0.0015  -0.0010  -0.0035   0.00    4.6
2046 359522.000   34.214211647  117.142252993    38.5329   1  13   0.0051    0.0050   0.0121  -0.0015  -0.0010  -0.0035   0.00    6.7
2046 359521.000   34.214182231  117.142225100    39.1553   2  14   0.3074    0.2931   0.6830  -0.1352  -0.0961  -0.1602   0.00    2.1
2046 359520.000   34.214150470  117.142201388    38.5604   1  10   0.0059    0.0061   0.0172  -0.0021   0.0047   0.0035   0.00    5.7
2046 359519.000   34.214120387  117.142177232    38.5741   1   9   0.0059    0.0061   0.0173  -0.0021   0.0047   0.0035   0.00    7.5
2046 359518.000   34.214092934  117.142152529    39.1857   2   9   0.3169    0.3083   0.7235  -0.1370   0.0749  -0.1099   0.00    2.7
2046 359517.000   34.214062885  117.142131228    38.6037   1   9   0.0064    0.0060   0.0169  -0.0034   0.0041  -0.0034   0.00    5.5
2046 359516.000   34.214034418  117.142105631    39.2310   2   9   0.3252    0.3204   0.7497  -0.1475   0.1301  -0.0929   0.00    1.4
2046 359515.000   34.214002024  117.142083149    38.6489   1  11   0.0055    0.0057   0.0135  -0.0025   0.0018  -0.0029   0.00    5.1
2046 359514.000   34.213970128  117.142059040    38.6640   1  10   0.0064    0.0056   0.0148  -0.0034   0.0011  -0.0035   0.00    4.2
2046 359513.000   34.213937807  117.142035459    38.6731   1  12   0.0064    0.0056   0.0148  -0.0034   0.0011  -0.0035   0.00    3.3
2046 359512.000   34.213904976  117.142011335    38.6713   1  12   0.0058    0.0053   0.0136  -0.0026  -0.0032   0.0020   0.00    9.3
2046 359511.000   34.213871107  117.141986445    38.6933   1  13   0.0058    0.0053   0.0136  -0.0026  -0.0032   0.0020   0.00    9.2
2046 359510.000   34.213838003  117.141959381    39.2465   2  12   0.3264    0.3179   0.7345  -0.1530   0.0829  -0.0843   0.00    1.8
2046 359509.000   34.213803286  117.141935451    39.2380   2  13   0.3244    0.3159   0.7282  -0.1518   0.0573  -0.0863   0.00    2.9
2046 359508.000   34.213768004  117.141913670    39.2270   2  11   0.3257    0.3149   0.7269  -0.1535   0.0414  -0.0862   0.00    1.3
2046 359507.000   34.213731423  117.141895755    38.7181   1  13   0.0058    0.0052   0.0124  -0.0025   0.0013  -0.0049   0.00    8.9
2046 359506.000   34.213695510  117.141874966    38.7589   1  12   0.0055    0.0053   0.0125  -0.0022  -0.0027  -0.0020   0.00    3.4
2046 359505.000   34.213659162  117.141853805    38.7769   1  13   0.0051    0.0050   0.0121  -0.0015  -0.0011  -0.0035   0.00    4.6
2046 359504.000   34.213622728  117.141834837    38.7999   1  13   0.0051    0.0050   0.0121  -0.0015  -0.0011  -0.0035   0.00    4.1
2046 359503.000   34.213587202  117.141816833    38.7876   1  14   0.0051    0.0049   0.0114  -0.0015  -0.0024  -0.0034   0.00   19.9
2046 359502.000   34.213551906  117.141797301    38.8088   1  12   0.0058    0.0054   0.0132  -0.0027   0.0031  -0.0051   0.00    5.2
2046 359501.000   34.213516830  117.141775085    38.7947   1  11   0.0059    0.0058   0.0148  -0.0030   0.0048  -0.0056   0.00    9.8
2046 359500.000   34.213483473  117.141750010    39.3010   2  11   0.3108    0.3105   0.7045  -0.1415   0.0660  -0.1487   0.00    1.9
2046 359499.000   34.213449185  117.141729321    38.8364   1  11   0.0065    0.0079   0.0197  -0.0049   0.0096  -0.0082   0.00    7.4
2046 359498.000   34.213414066  117.141708815    38.8235   1  13   0.0058    0.0051   0.0124  -0.0026   0.0013  -0.0049   0.00    5.9
2046 359497.000   34.213377743  117.141687326    38.8361   1  13   0.0058    0.0051   0.0124  -0.0025   0.0013  -0.0049   0.00    5.4
2046 359496.000   34.213341767  117.141665106    38.8615   1  10   0.0054    0.0061   0.0155  -0.0015   0.0053  -0.0024   0.00   10.6
2046 359495.000   34.213305952  117.141643213    38.9013   1  11   0.0054    0.0061   0.0155  -0.0015   0.0053  -0.0024   0.00    3.2
2046 359494.000   34.213269818  117.141621826    38.8987   1  11   0.0054    0.0061   0.0155  -0.0015   0.0053  -0.0024   0.00    5.1
2046 359493.000   34.213233430  117.141600913    38.8917   1  11   0.0054    0.0056   0.0135  -0.0016   0.0033  -0.0025   0.00   12.8
2046 359492.000   34.213196788  117.141580665    38.9106   1  12   0.0054    0.0061   0.0155  -0.0015   0.0053  -0.0024   0.00    4.2
2046 359491.000   34.213161956  117.141561944    38.9110   1  12   0.0059    0.0061   0.0172  -0.0021   0.0046   0.0036   0.00    9.4
2046 359490.000   34.213128539  117.141542168    39.4809   2  12   0.3090    0.3131   0.7068  -0.1322   0.0955  -0.1461   0.00    1.4
2046 359489.000   34.213094685  117.141523063    38.9138   1  12   0.0064    0.0060   0.0169  -0.0034   0.0040  -0.0033   0.00    6.2
2046 359488.000   34.213062028  117.141499547    38.9243   1  13   0.0064    0.0060   0.0169  -0.0034   0.0041  -0.0033   0.00    4.5
2046 359487.000   34.213029364  117.141474133    38.9441   1  13   0.0064    0.0060   0.0168  -0.0034   0.0040  -0.0032   0.00    5.3
2046 359486.000   34.212996542  117.141448016    38.9417   1  13   0.0064    0.0060   0.0168  -0.0034   0.0040  -0.0032   0.00    5.6
2046 359485.000   34.212963773  117.141421425    38.9329   1  11   0.0067    0.0083   0.0255  -0.0048   0.0113  -0.0068   0.00    4.1
2046 359484.000   34.212931386  117.141393867    38.9237   1  11   0.0067    0.0083   0.0255  -0.0048   0.0113  -0.0068   0.00    4.1
2046 359483.000   34.212898717  117.141365986    38.9275   1  10   0.0065    0.0083   0.0227  -0.0048   0.0111  -0.0082   0.00    3.8
2046 359482.000   34.212866588  117.141338147    38.9259   1  12   0.0065    0.0083   0.0227  -0.0048   0.0111  -0.0082   0.00    3.9
2046 359481.000   34.212835007  117.141309376    38.9309   1  11   0.0065    0.0083   0.0227  -0.0048   0.0111  -0.0081   0.00    4.1
2046 359480.000   34.212803906  117.141279985    38.9250   1  11   0.0060    0.0054   0.0140  -0.0028   0.0030  -0.0048   0.00    6.5
2046 359479.000   34.212773650  117.141249443    39.6758   2  12   0.3146    0.3021   0.7030  -0.1376  -0.0467  -0.1328   0.00    1.7
2046 359478.000   34.212743103  117.141219441    39.6943   2  13   0.3139    0.3009   0.6988  -0.1377  -0.0590  -0.1377   0.00    1.6
2046 359477.000   34.212712256  117.141189958    38.9532   1  12   0.0060    0.0057   0.0132  -0.0023  -0.0027  -0.0046   0.00    4.6
2046 359476.000   34.212683016  117.141158613    38.9615   1  12   0.0060    0.0057   0.0132  -0.0023  -0.0027  -0.0046   0.00    5.7
2046 359475.000   34.212655416  117.141124441    39.7323   2  13   0.3179    0.2982   0.6894  -0.1426  -0.0997  -0.1336   0.00    2.3
2046 359474.000   34.212627994  117.141090284    39.7592   2  14   0.3153    0.2964   0.6845  -0.1398  -0.1075  -0.1354   0.00    1.4
2046 359473.000   34.212600737  117.141057009    39.0018   1  12   0.0054    0.0055   0.0132  -0.0009  -0.0032  -0.0031   0.00    3.9
2046 359472.000   34.212574517  117.141022884    39.0022   1  11   0.0065    0.0061   0.0151  -0.0033  -0.0027  -0.0036   0.00    4.8
2046 359471.000   34.212548109  117.140989426    39.0228   1  10   0.0065    0.0061   0.0151  -0.0033  -0.0027  -0.0036   0.00    4.0
2046 359470.000   34.212522572  117.140955479    39.0391   1  12   0.0065    0.0061   0.0151  -0.0033  -0.0027  -0.0036   0.00    3.6
2046 359469.000   34.212498949  117.140919723    39.9287   2  11   0.3218    0.2959   0.6927  -0.1469  -0.1287  -0.1029   0.00    1.2
2046 359468.000   34.212473385  117.140885979    39.9314   2  12   0.3218    0.2951   0.6937  -0.1463  -0.1344  -0.0923   0.00    1.1
2046 359467.000   34.212447754  117.140852532    39.9448   2  11   0.3225    0.2948   0.6967  -0.1466  -0.1279  -0.1014   0.00    1.7
2046 359466.000   34.212421535  117.140820840    39.0874   1  10   0.0064    0.0056   0.0148  -0.0034   0.0006  -0.0033   0.00    3.7
2046 359465.000   34.212399667  117.140787902    39.1014   1  10   0.0064    0.0056   0.0148  -0.0035   0.0006  -0.0033   0.00    6.2
2046 359464.000   34.212380552  117.140752987    39.9509   2  11   0.3312    0.2976   0.7019  -0.1583  -0.1393  -0.0820   0.00    1.4
2046 359463.000   34.212356739  117.140720260    39.1150   1  11   0.0064    0.0056   0.0148  -0.0035   0.0004  -0.0033   0.00    5.5
2046 359462.000   34.212333698  117.140683404    39.1241   1  11   0.0064    0.0055   0.0135  -0.0034  -0.0027  -0.0030   0.00    4.8
2046 359461.000   34.212310034  117.140644112    39.1502   1  11   0.0078    0.0065   0.0132  -0.0052  -0.0054   0.0048   0.00    3.8
2046 359460.000   34.212286692  117.140602402    39.1733   1  11   0.0089    0.0070   0.0137  -0.0062  -0.0043   0.0025   0.00    3.3
2046 359459.000   34.212266027  117.140557563    39.9857   2  12   0.3611    0.3100   0.6998  -0.1966  -0.1797   0.0820   0.00    2.3
2046 359458.000   34.212241306  117.140517408    39.2442   1  11   0.0089    0.0072   0.0149  -0.0063  -0.0031   0.0015   0.00    3.3
2046 359457.000   34.212218290  117.140474919    39.2943   1  11   0.0058    0.0053   0.0136  -0.0026  -0.0033   0.0023   0.00    3.7
2046 359456.000   34.212197862  117.140430242    40.0880   2  12   0.3579    0.3070   0.7005  -0.1919  -0.1834   0.0873   0.00    1.1
2046 359455.000   34.212174266  117.140390552    39.3540   1  11   0.0064    0.0056   0.0148  -0.0035   0.0002  -0.0033   0.00    4.5
2046 359454.000   34.212151670  117.140349542    39.3963   1  11   0.0064    0.0055   0.0135  -0.0034  -0.0028  -0.0030   0.00    3.9
2046 359453.000   34.212131271  117.140305898    40.1867   2  12   0.3543    0.3040   0.6942  -0.1872  -0.1855   0.0783   0.00    1.4
2046 359452.000   34.212107546  117.140267105    39.4765   1  11   0.0089    0.0070   0.0137  -0.0062  -0.0043   0.0026   0.00    3.5
2046 359451.000   34.212087132  117.140224976    39.5307   1  12   0.0089    0.0070   0.0137  -0.0062  -0.0043   0.0026   0.00    3.5
2046 359450.000   34.212068113  117.140181531    39.5846   1  12   0.0069    0.0057   0.0128  -0.0040   0.0013  -0.0046   0.00    4.8
2046 359449.000   34.212050067  117.140136725    39.6298   1  14   0.0069    0.0057   0.0128  -0.0039   0.0013  -0.0046   0.00    5.2
2046 359448.000   34.212032260  117.140091029    39.6784   1  12   0.0089    0.0070   0.0137  -0.0062  -0.0043   0.0026   0.00    3.8
2046 359447.000   34.212015105  117.140045084    39.7326   1  12   0.0089    0.0070   0.0137  -0.0062  -0.0043   0.0026   0.00    4.0
2046 359446.000   34.211997110  117.139999732    39.7817   1  13   0.0089    0.0070   0.0137  -0.0062  -0.0043   0.0026   0.00    3.4
2046 359445.000   34.211980552  117.139951839    40.5280   2  12   0.3447    0.2966   0.6774  -0.1749  -0.1894   0.0401   0.00    1.8
2046 359444.000   34.211962921  117.139905952    40.5764   2  11   0.3470    0.2986   0.6852  -0.1704  -0.2012  -0.0529   0.00    2.2
2046 359443.000   34.211945469  117.139861820    39.9528   1  11   0.0064    0.0055   0.0135  -0.0034  -0.0028  -0.0029   0.00    5.5
2046 359442.000   34.211934283  117.139811841    40.6899   2  10   0.3601    0.3061   0.6904  -0.1831  -0.2161  -0.0532   0.00    2.1
2046 359441.000   34.211924173  117.139763890    40.7687   2  11   0.3667    0.3101   0.6918  -0.1928  -0.2117  -0.0539   0.00    2.2
2046 359440.000   34.211913505  117.139718667    40.1097   1  10   0.0066    0.0054   0.0163  -0.0023   0.0014  -0.0067   0.00    4.0
2046 359439.000   34.211905237  117.139670787    40.1774   1  11   0.0056    0.0052   0.0140  -0.0005  -0.0032  -0.0041   0.00    3.4
2046 359438.000   34.211895719  117.139623405    40.2412   1  10   0.0060    0.0056   0.0153  -0.0021  -0.0048  -0.0019   0.00    4.5
2046 359437.000   34.211884343  117.139576239    40.2995   1  11   0.0056    0.0052   0.0140  -0.0005  -0.0032  -0.0041   0.00    4.1
2046 359436.000   34.211875091  117.139525880    41.1463   2   8   0.3683    0.3186   0.7385  -0.1769  -0.2372  -0.1272   0.00    2.0
2046 359435.000   34.211864404  117.139478186    41.2328   2   8   0.3759    0.3254   0.7475  -0.1858  -0.2443  -0.1345   0.00    2.2
2046 359434.000   34.211854671  117.139430615    41.3225   2   8   0.3825    0.3313   0.7556  -0.1931  -0.2502  -0.1414   0.00    1.5
2046 359433.000   34.211845558  117.139382803    41.3988   2   8   0.3905    0.3372   0.7643  -0.2017  -0.2532  -0.1543   0.00    1.3
2046 359432.000   34.211836896  117.139334030    41.4575   2   9   0.3976    0.3435   0.7743  -0.2103  -0.2636  -0.1449   0.00    1.4
2046 359431.000   34.211829395  117.139285761    41.5257   2  11   0.4004    0.3456   0.7793  -0.2128  -0.2652  -0.1469   0.00    1.5
2046 359430.000   34.211822199  117.139239705    41.5817   2   9   0.4004    0.3443   0.7906  -0.2063  -0.2658  -0.1698   0.00    2.5
2046 359429.000   34.211812775  117.139196595    40.6909   1  10   0.0060    0.0056   0.0153  -0.0021  -0.0048  -0.0019   0.00    4.5
2046 359428.000   34.211807388  117.139146438    41.6822   2   9   0.3935    0.3401   0.8011  -0.1896  -0.2679  -0.1885   0.00    2.3
2046 359427.000   34.211799621  117.139098722    41.7190   2   9   0.3937    0.3407   0.8116  -0.1859  -0.2752  -0.1908   0.00    2.2
2046 359426.000   34.211792822  117.139051173    41.7737   2  11   0.3895    0.3380   0.8103  -0.1797  -0.2719  -0.1939   0.00    1.6
2046 359425.000   34.211788221  117.139003587    41.7739   2  13   0.3817    0.3327   0.8008  -0.1729  -0.2615  -0.1895   0.00    2.6
2046 359424.000   34.211786854  117.138956076    41.8067   2  10   0.3772    0.3318   0.8017  -0.1675  -0.2636  -0.1831   0.00    2.8
2046 359423.000   34.211788518  117.138909303    41.8574   2  11   0.3734    0.3310   0.8059  -0.1599  -0.2673  -0.1834   0.00    1.4
2046 359422.000   34.211788617  117.138865185    41.0804   1  10   0.0060    0.0056   0.0153  -0.0021  -0.0048  -0.0018   0.00    4.2
2046 359421.000   34.211790071  117.138817680    41.1447   1  12   0.0053    0.0050   0.0127  -0.0016  -0.0015  -0.0024   0.00    3.7
2046 359420.000   34.211792666  117.138766998    41.9947   2  12   0.3609    0.3252   0.7971  -0.1487  -0.2596  -0.1633   0.00    1.2
2046 359419.000   34.211791053  117.138721124    41.2462   1  12   0.0059    0.0053   0.0140  -0.0027   0.0029  -0.0046   0.00    3.2
2046 359418.000   34.211791444  117.138673521    41.2899   1  12   0.0059    0.0053   0.0140  -0.0027   0.0029  -0.0046   0.00    4.4
2046 359417.000   34.211791415  117.138626067    41.3500   1  11   0.0066    0.0054   0.0162  -0.0023   0.0012  -0.0067   0.00    4.4
2046 359416.000   34.211791053  117.138579050    41.4023   1  12   0.0066    0.0054   0.0162  -0.0023   0.0012  -0.0067   0.00    3.6
2046 359415.000   34.211790843  117.138533909    41.4538   1  13   0.0065    0.0054   0.0155  -0.0022   0.0015  -0.0070   0.00    7.2
2046 359414.000   34.211790794  117.138490499    41.5087   1  12   0.0059    0.0053   0.0140  -0.0027   0.0028  -0.0046   0.00    3.6
2046 359413.000   34.211790758  117.138447485    41.5552   1  12   0.0059    0.0053   0.0140  -0.0027   0.0028  -0.0046   0.00    4.8
2046 359412.000   34.211791029  117.138403617    41.6107   1  10   0.0065    0.0056   0.0148  -0.0035  -0.0008  -0.0031   0.00    3.3
2046 359411.000   34.211791045  117.138358496    41.6367   1  11   0.0069    0.0058   0.0175  -0.0030  -0.0035  -0.0056   0.00    3.3
2046 359410.000   34.211793339  117.138310307    42.5024   2  12   0.3361    0.3057   0.7615  -0.1177  -0.2137  -0.1589   0.00    1.9
2046 359409.000   34.211792959  117.138263698    42.5576   2  11   0.3347    0.3040   0.7583  -0.1183  -0.2066  -0.1564   0.00    2.7
2046 359408.000   34.211792550  117.138216636    42.6316   2  10   0.3371    0.3036   0.7630  -0.1133  -0.2068  -0.1707   0.00    2.7
2046 359407.000   34.211792182  117.138169535    42.7182   2  11   0.3402    0.3054   0.7697  -0.1152  -0.2133  -0.1720   0.00    2.1
2046 359406.000   34.211792089  117.138122556    42.7895   2   9   0.3418    0.3083   0.7809  -0.1165  -0.2228  -0.1538   0.00    2.0
2046 359405.000   34.211791771  117.138075973    42.8694   2   9   0.3427    0.3106   0.7919  -0.1134  -0.2310  -0.1456   0.00    1.6
2046 359404.000   34.211791450  117.138029599    42.9399   2  10   0.3426    0.3117   0.7982  -0.1110  -0.2345  -0.1339   0.00    1.1
2046 359403.000   34.211790779  117.137983579    42.9687   2  10   0.3409    0.3112   0.7971  -0.1039  -0.2305  -0.1356   0.00    2.9
2046 359402.000   34.211790791  117.137937591    43.0368   2  11   0.3384    0.3103   0.7931  -0.0975  -0.2244  -0.1388   0.00    1.1
2046 359401.000   34.211791361  117.137892328    43.0946   2  12   0.3358    0.3083   0.7881  -0.0957  -0.2159  -0.1317   0.00    2.7
2046 359400.000   34.211791444  117.137847514    43.1773   2  10   0.3364    0.3072   0.7870  -0.0989  -0.2108  -0.1107   0.00    1.1
2046 359399.000   34.211790997  117.137803680    43.2312   2   9   0.3383    0.3099   0.7970  -0.1016  -0.2208  -0.0867   0.00    2.0
2046 359398.000   34.211789806  117.137761573    43.3009   2  10   0.3386    0.3113   0.8029  -0.1000  -0.2254  -0.0734   0.00    1.2
2046 359397.000   34.211787644  117.137720696    43.3641   2  11   0.3372    0.3107   0.8011  -0.0932  -0.2224  -0.0838   0.00    1.2
2046 359396.000   34.211783723  117.137681619    42.8654   1  11   0.0056    0.0052   0.0140  -0.0006  -0.0032  -0.0040   0.00    3.9
2046 359395.000   34.211783026  117.137640848    42.9362   1  12   0.0060    0.0056   0.0153  -0.0022  -0.0049  -0.0017   0.00    5.9
2046 359394.000   34.211783783  117.137600041    43.0252   1  10   0.0061    0.0057   0.0169  -0.0020  -0.0041   0.0018   0.00    3.9
2046 359393.000   34.211784730  117.137559239    43.1174   1  11   0.0061    0.0057   0.0169  -0.0020  -0.0041   0.0018   0.00    3.8
2046 359392.000   34.211787320  117.137516882    43.6841   2  11   0.3306    0.3063   0.7828  -0.0905  -0.2010  -0.0663   0.00    1.4
2046 359391.000   34.211788124  117.137475506    43.6998   2  11   0.3286    0.3047   0.7791  -0.0889  -0.1932  -0.0590   0.00    2.3
2046 359390.000   34.211787049  117.137434649    43.3171   1  12   0.0059    0.0053   0.0136  -0.0027  -0.0034   0.0025   0.00    3.3
2046 359389.000   34.211787179  117.137391550    43.3619   1  11   0.0060    0.0056   0.0153  -0.0022  -0.0049  -0.0016   0.00    5.4
2046 359388.000   34.211787198  117.137347757    43.4433   1  11   0.0060    0.0056   0.0153  -0.0022  -0.0049  -0.0016   0.00   10.2
2046 359387.000   34.211787002  117.137303947    43.5429   1  10   0.0060    0.0056   0.0153  -0.0022  -0.0049  -0.0016   0.00    4.8
2046 359386.000   34.211786494  117.137260348    43.6509   1  11   0.0059    0.0053   0.0136  -0.0027  -0.0034   0.0026   0.00    3.2
2046 359385.000   34.211786923  117.137216559    44.0822   2  11   0.3270    0.3091   0.7814  -0.0928  -0.2123  -0.0540   0.00    2.6
2046 359384.000   34.211785584  117.137175062    44.1379   2  11   0.3273    0.3083   0.7796  -0.0945  -0.2047  -0.0196   0.00    2.9
2046 359383.000   34.211783124  117.137135638    44.2457   2  13   0.3270    0.3068   0.7757  -0.0958  -0.1991   0.0328   0.00    1.0
2046 359382.000   34.211778137  117.137098005    43.9749   1  11   0.0059    0.0053   0.0136  -0.0027  -0.0034   0.0026   0.00    5.4
2046 359381.000   34.211775470  117.137058121    44.4115   2   9   0.3332    0.3077   0.7836  -0.0993  -0.2002   0.0929   0.00    1.0
2046 359380.000   34.211770303  117.137020059    44.1214   1   9   0.0082    0.0066   0.0158  -0.0052  -0.0048   0.0065   0.00    3.5
2046 359379.000   34.211768661  117.136978974    44.5205   2  12   0.3676    0.3118   0.7878  -0.1397  -0.2048   0.1704   0.00    2.1
2046 359378.000   34.211766769  117.136937915    44.5872   2  11   0.3629    0.3101   0.7810  -0.1387  -0.2011   0.1617   0.00    2.5
2046 359377.000   34.211763993  117.136897295    44.3384   1  11   0.0067    0.0062   0.0136  -0.0041  -0.0025   0.0022   0.00    4.5
2046 359376.000   34.211766518  117.136853999    44.7709   2  10   0.3703    0.3138   0.7777  -0.1575  -0.2033   0.1757   0.00    1.7
2046 359375.000   34.211767281  117.136812999    44.5001   1  10   0.0082    0.0066   0.0158  -0.0052  -0.0048   0.0065   0.00    6.3
2046 359374.000   34.211769234  117.136770803    44.6097   1  10   0.0060    0.0055   0.0149  -0.0024  -0.0021   0.0036   0.00    8.6
2046 359373.000   34.211771281  117.136728599    44.6943   1  11   0.0060    0.0055   0.0149  -0.0024  -0.0021   0.0036   0.00    8.2
2046 359372.000   34.211773233  117.136686364    44.7787   1  11   0.0060    0.0055   0.0149  -0.0024  -0.0021   0.0036   0.00   14.5
2046 359371.000   34.211774615  117.136643986    44.8451   1  11   0.0059    0.0053   0.0137  -0.0027  -0.0034   0.0026   0.00    7.5
2046 359370.000   34.211776471  117.136601190    44.9502   1  12   0.0059    0.0053   0.0137  -0.0027  -0.0034   0.0026   0.00    3.4
2046 359369.000   34.211777853  117.136558273    45.0158   1  13   0.0053    0.0050   0.0127  -0.0017  -0.0016  -0.0023   0.00    6.8
2046 359368.000   34.211779373  117.136514955    45.0995   1  12   0.0052    0.0053   0.0128  -0.0014   0.0022  -0.0031   0.00   11.3
2046 359367.000   34.211780847  117.136471274    45.1936   1  12   0.0052    0.0053   0.0128  -0.0014   0.0021  -0.0031   0.00    3.0
2046 359366.000   34.211782780  117.136426968    45.5600   2  12   0.3318    0.3009   0.7411  -0.1285  -0.1546   0.1037   0.00    1.3
2046 359365.000   34.211782762  117.136382780    45.6730   2  12   0.3293    0.2991   0.7389  -0.1259  -0.1524   0.0992   0.00    1.3
2046 359364.000   34.211783015  117.136338126    45.7609   2   8   0.3449    0.3097   0.7650  -0.1464  -0.1771   0.1152   0.00    1.1
2046 359363.000   34.211783941  117.136292942    45.8386   2   8   0.3472    0.3119   0.7819  -0.1436  -0.1818   0.0901   0.00    1.1
2046 359362.000   34.211786089  117.136248098    45.8540   2   9   0.3495    0.3142   0.7995  -0.1395  -0.1891   0.0500   0.00    3.0
2046 359361.000   34.211788774  117.136202991    45.9294   2  10   0.3482    0.3155   0.8044  -0.1359  -0.1937   0.0610   0.00    2.2
2046 359360.000   34.211791199  117.136157708    46.0310   2   9   0.3506    0.3164   0.8072  -0.1404  -0.1815   0.0665   0.00    1.5
2046 359359.000   34.211792114  117.136112324    46.1223   2   9   0.3528    0.3167   0.8076  -0.1448  -0.1721   0.0688   0.00    2.4
2046 359358.000   34.211792447  117.136066580    46.1611   2   9   0.3547    0.3171   0.8080  -0.1488  -0.1629   0.0704   0.00    1.0
2046 359357.000   34.211793174  117.136020489    46.2912   2   8   0.3588    0.3202   0.8261  -0.1502  -0.1695   0.0230   0.00    1.5
2046 359356.000   34.211793579  117.135974568    46.4186   2   8   0.3619    0.3221   0.8402  -0.1485  -0.1766  -0.0879   0.00    2.6
2046 359355.000   34.211792272  117.135928831    46.1914   1   9   0.0065    0.0059   0.0169  -0.0034   0.0037  -0.0025   0.00    4.8
2046 359354.000   34.211792552  117.135882328    46.6321   2   9   0.3667    0.3244   0.8590  -0.1490  -0.1822  -0.1316   0.00    2.8
2046 359353.000   34.211792754  117.135835889    46.6719   2  10   0.3673    0.3245   0.8572  -0.1478  -0.1902  -0.1371   0.00    1.0
2046 359352.000   34.211792997  117.135789478    46.7976   2   8   0.3711    0.3271   0.8727  -0.1485  -0.1996  -0.1546   0.00    2.8
2046 359351.000   34.211793092  117.135743216    46.9212   2   8   0.3717    0.3278   0.8812  -0.1460  -0.2017  -0.1558   0.00    2.3
2046 359350.000   34.211792187  117.135698112    47.0348   2   8   0.3752    0.3296   0.8928  -0.1491  -0.2073  -0.1583   0.00    2.0
2046 359349.000   34.211789658  117.135654365    47.1176   2   9   0.3748    0.3301   0.9001  -0.1433  -0.2095  -0.1729   0.00    2.6
2046 359348.000   34.211785593  117.135611354    47.2509   2  10   0.3728    0.3286   0.8978  -0.1362  -0.2016  -0.1807   0.00    1.1
2046 359347.000   34.211781617  117.135569104    47.3048   2  10   0.3686    0.3272   0.8899  -0.1259  -0.2020  -0.1873   0.00    1.4
2046 359346.000   34.211778089  117.135527636    47.3732   2   7   0.4015    0.3372   0.9009  -0.1628  -0.2374  -0.0819   0.00    1.5
2046 359345.000   34.211775099  117.135487981    47.0229   1   9   0.0061    0.0057   0.0170  -0.0020  -0.0042   0.0021   0.00    3.0
2046 359344.000   34.211775274  117.135449438    47.1112   1  11   0.0059    0.0053   0.0137  -0.0027  -0.0035   0.0027   0.00    4.8
2046 359343.000   34.211780519  117.135411723    47.1856   1  11   0.0059    0.0053   0.0137  -0.0027  -0.0035   0.0027   0.00    5.5
2046 359342.000   34.211791825  117.135376459    47.2711   1  12   0.0053    0.0050   0.0127  -0.0017  -0.0017  -0.0022   0.00    3.9
2046 359341.000   34.211808221  117.135345253    47.3312   1  13   0.0052    0.0050   0.0121  -0.0016  -0.0014  -0.0032   0.00    9.2
2046 359340.000   34.211827801  117.135319205    47.3953   1  12   0.0055    0.0052   0.0133   0.0003  -0.0031  -0.0045   0.00   20.3
2046 359339.000   34.211849649  117.135298772    47.4484   1  12   0.0055    0.0052   0.0133   0.0003  -0.0031  -0.0045   0.00    9.6
2046 359338.000   34.211873840  117.135282329    47.4893   1  12   0.0055    0.0052   0.0133   0.0002  -0.0031  -0.0045   0.00    9.1
2046 359337.000   34.211900044  117.135268593    47.5175   1  12   0.0055    0.0052   0.0133   0.0003  -0.0031  -0.0045   0.00    7.5
2046 359336.000   34.211928916  117.135259009    47.5405   1  12   0.0055    0.0052   0.0133   0.0003  -0.0031  -0.0045   0.00    9.2
2046 359335.000   34.211959959  117.135255378    47.5545   1  12   0.0055    0.0052   0.0133   0.0003  -0.0031  -0.0045   0.00    8.1
2046 359334.000   34.211992444  117.135255346    47.5502   1  10   0.0071    0.0062   0.0186  -0.0037   0.0058  -0.0088   0.00   14.9
2046 359333.000   34.212025733  117.135256033    47.5735   1  12   0.0052    0.0055   0.0129  -0.0020   0.0027  -0.0036   0.00   15.0
2046 359332.000   34.212059940  117.135256129    47.6011   1  10   0.0064    0.0078   0.0194  -0.0047   0.0094  -0.0079   0.00    7.4
2046 359331.000   34.212094117  117.135255076    47.6158   1  10   0.0064    0.0078   0.0194  -0.0047   0.0094  -0.0079   0.00    6.8
2046 359330.000   34.212127095  117.135253638    47.6265   1  11   0.0052    0.0060   0.0142  -0.0019   0.0047  -0.0035   0.00   12.8
2046 359329.000   34.212160633  117.135252734    47.6442   1  11   0.0052    0.0060   0.0142  -0.0019   0.0047  -0.0035   0.00    9.3
2046 359328.000   34.212195177  117.135252392    47.6316   1  10   0.0056    0.0061   0.0158  -0.0015   0.0041  -0.0051   0.00   11.1
2046 359327.000   34.212230343  117.135252531    47.6554   1   9   0.0081    0.0081   0.0261  -0.0059   0.0114  -0.0122   0.00   11.2
2046 359326.000   34.212265682  117.135252629    47.6611   1   9   0.0081    0.0081   0.0261  -0.0059   0.0114  -0.0122   0.00   10.2
2046 359325.000   34.212301205  117.135252687    47.6781   1   9   0.0081    0.0081   0.0261  -0.0059   0.0114  -0.0122   0.00   24.9
2046 359324.000   34.212337498  117.135252523    47.7060   1  10   0.0056    0.0061   0.0158  -0.0014   0.0041  -0.0051   0.00   19.5
2046 359323.000   34.212374251  117.135252275    47.7266   1  10   0.0056    0.0061   0.0158  -0.0015   0.0041  -0.0051   0.00   32.1
2046 359322.000   34.212410925  117.135252880    47.7366   1   9   0.0081    0.0081   0.0261  -0.0058   0.0114  -0.0122   0.00   54.4
2046 359321.000   34.212447159  117.135253862    47.7550   1   9   0.0081    0.0081   0.0261  -0.0058   0.0114  -0.0122   0.00   49.3
2046 359320.000   34.212483141  117.135254941    47.8001   1  10   0.0064    0.0078   0.0194  -0.0047   0.0094  -0.0079   0.00    8.9
2046 359319.000   34.212519527  117.135255123    47.7938   1  10   0.0064    0.0078   0.0194  -0.0047   0.0094  -0.0079   0.00   14.6
2046 359318.000   34.212556816  117.135254405    47.7888   1   9   0.0081    0.0081   0.0261  -0.0058   0.0114  -0.0122   0.00   69.8
2046 359317.000   34.212594417  117.135253554    47.7959   1  10   0.0056    0.0061   0.0158  -0.0014   0.0041  -0.0051   0.00   55.9
2046 359316.000   34.212630954  117.135252578    47.8062   1   9   0.0081    0.0081   0.0261  -0.0058   0.0114  -0.0122   0.00   48.7
2046 359315.000   34.212666973  117.135252061    47.8588   1  10   0.0071    0.0062   0.0185  -0.0037   0.0057  -0.0088   0.00    6.0
2046 359314.000   34.212701832  117.135252027    47.8170   1  10   0.0071    0.0062   0.0185  -0.0037   0.0057  -0.0088   0.00   81.1
2046 359313.000   34.212734888  117.135252305    47.8278   1  10   0.0071    0.0062   0.0185  -0.0037   0.0057  -0.0088   0.00   55.6
2046 359312.000   34.212768352  117.135252827    47.8501   1  10   0.0071    0.0062   0.0185  -0.0037   0.0057  -0.0088   0.00   37.1
2046 359311.000   34.212802793  117.135253507    47.8620   1   9   0.0081    0.0081   0.0261  -0.0058   0.0114  -0.0122   0.00   38.8
2046 359310.000   34.212838405  117.135254161    47.8750   1   9   0.0081    0.0081   0.0261  -0.0058   0.0113  -0.0122   0.00   16.5
2046 359309.000   34.212875290  117.135254615    47.8838   1   9   0.0081    0.0081   0.0261  -0.0058   0.0113  -0.0122   0.00   18.3
2046 359308.000   34.212912644  117.135255248    47.9083   1   9   0.0081    0.0081   0.0261  -0.0058   0.0113  -0.0122   0.00   19.2
2046 359307.000   34.212949934  117.135255470    47.9701   1  10   0.0064    0.0078   0.0194  -0.0047   0.0093  -0.0078   0.00    5.6
2046 359306.000   34.212987564  117.135255130    47.9884   1  10   0.0064    0.0078   0.0194  -0.0047   0.0093  -0.0078   0.00   28.5
2046 359305.000   34.213025505  117.135254828    47.9996   1  10   0.0064    0.0078   0.0194  -0.0047   0.0093  -0.0078   0.00   33.9
2046 359304.000   34.213064307  117.135254972    47.9976   1   9   0.0081    0.0081   0.0261  -0.0058   0.0113  -0.0121   0.00   15.7
2046 359303.000   34.213103749  117.135255303    48.0263   1  10   0.0064    0.0078   0.0194  -0.0047   0.0093  -0.0078   0.00   12.1
2046 359302.000   34.213142772  117.135255283    48.0275   1   9   0.0081    0.0081   0.0261  -0.0058   0.0113  -0.0121   0.00   29.9
2046 359301.000   34.213180327  117.135255825    48.0328   1   9   0.0081    0.0081   0.0261  -0.0058   0.0113  -0.0121   0.00   28.5
2046 359300.000   34.213216723  117.135256877    48.0726   1  10   0.0064    0.0078   0.0194  -0.0047   0.0093  -0.0078   0.00    4.7
2046 359299.000   34.213253624  117.135258148    48.0489   1  10   0.0064    0.0078   0.0194  -0.0047   0.0093  -0.0078   0.00   15.9
2046 359298.000   34.213290586  117.135259251    48.0596   1  10   0.0064    0.0078   0.0194  -0.0047   0.0093  -0.0078   0.00   22.7
2046 359297.000   34.213327529  117.135258684    48.1014   1  10   0.0064    0.0078   0.0194  -0.0047   0.0093  -0.0078   0.00   11.7
2046 359296.000   34.213364604  117.135257763    48.1142   1   9   0.0081    0.0081   0.0260  -0.0058   0.0113  -0.0121   0.00   26.0
2046 359295.000   34.213401765  117.135256949    48.1527   1  10   0.0064    0.0078   0.0194  -0.0047   0.0093  -0.0078   0.00   10.8
2046 359294.000   34.213439795  117.135256441    48.1383   1   9   0.0081    0.0081   0.0260  -0.0058   0.0113  -0.0121   0.00   27.4
2046 359293.000   34.213478441  117.135256203    48.1681   1  10   0.0064    0.0077   0.0194  -0.0047   0.0093  -0.0078   0.00   14.7
2046 359292.000   34.213517505  117.135255358    48.1758   1   9   0.0081    0.0081   0.0260  -0.0058   0.0113  -0.0121   0.00   19.1
2046 359291.000   34.213556480  117.135253651    48.2024   1   9   0.0081    0.0081   0.0260  -0.0058   0.0113  -0.0121   0.00   20.3
2046 359290.000   34.213595487  117.135251209    48.2112   1   9   0.0081    0.0081   0.0260  -0.0058   0.0113  -0.0121   0.00   22.8
2046 359289.000   34.213634763  117.135249465    48.2200   1   9   0.0081    0.0081   0.0260  -0.0058   0.0113  -0.0121   0.00   25.6
2046 359288.000   34.213674420  117.135248893    48.2284   1   9   0.0081    0.0081   0.0260  -0.0058   0.0113  -0.0121   0.00   24.1
2046 359287.000   34.213714868  117.135249000    48.2436   1  10   0.0064    0.0077   0.0194  -0.0047   0.0093  -0.0078   0.00   15.5
2046 359286.000   34.213755172  117.135250008    48.2560   1   9   0.0081    0.0081   0.0260  -0.0058   0.0113  -0.0121   0.00   15.8
2046 359285.000   34.213795332  117.135251092    48.2561   1   9   0.0081    0.0081   0.0260  -0.0058   0.0113  -0.0121   0.00   16.4
2046 359284.000   34.213835306  117.135252716    48.2434   1   9   0.0081    0.0081   0.0260  -0.0058   0.0113  -0.0121   0.00   52.6
2046 359283.000   34.213874813  117.135254463    48.2433   1   9   0.0081    0.0081   0.0260  -0.0058   0.0113  -0.0121   0.00   20.5
2046 359282.000   34.213914206  117.135256151    48.2421   1   9   0.0081    0.0081   0.0260  -0.0058   0.0113  -0.0121   0.00   29.5
2046 359281.000   34.213953684  117.135257722    48.2710   1   9   0.0081    0.0081   0.0260  -0.0058   0.0113  -0.0121   0.00   20.8
2046 359280.000   34.213992084  117.135258585    48.3023   1  10   0.0064    0.0077   0.0194  -0.0047   0.0093  -0.0078   0.00   12.3
2046 359279.000   34.214029109  117.135258533    48.3157   1  10   0.0064    0.0077   0.0194  -0.0047   0.0093  -0.0078   0.00   45.8
2046 359278.000   34.214064007  117.135257708    48.3115   1   9   0.0081    0.0081   0.0260  -0.0058   0.0112  -0.0121   0.00   24.1
2046 359277.000   34.214096275  117.135256914    48.3277   1   9   0.0081    0.0081   0.0260  -0.0058   0.0112  -0.0121   0.00   15.4
2046 359276.000   34.214126288  117.135256546    48.3796   1  10   0.0056    0.0061   0.0159  -0.0015   0.0040  -0.0051   0.00   11.2
2046 359275.000   34.214157377  117.135256496    48.3699   1  12   0.0052    0.0055   0.0129  -0.0020   0.0027  -0.0035   0.00   14.5
2046 359274.000   34.214189822  117.135256319    48.3844   1  11   0.0052    0.0060   0.0143  -0.0020   0.0047  -0.0034   0.00   13.6
2046 359273.000   34.214223994  117.135255540    48.3933   1  12   0.0052    0.0052   0.0128  -0.0015   0.0020  -0.0029   0.00   19.4
2046 359272.000   34.214259668  117.135254495    48.3866   1  12   0.0052    0.0052   0.0128  -0.0015   0.0020  -0.0029   0.00   25.2
2046 359271.000   34.214295898  117.135254082    48.4030   1  11   0.0055    0.0054   0.0141   0.0005  -0.0018  -0.0044   0.00    3.7
2046 359270.000   34.214332622  117.135254520    48.3802   1  10   0.0066    0.0057   0.0172  -0.0026   0.0039  -0.0074   0.00   39.1
2046 359269.000   34.214369512  117.135255576    48.3962   1  11   0.0055    0.0054   0.0141   0.0005  -0.0019  -0.0044   0.00   30.0
2046 359268.000   34.214406309  117.135256870    48.4245   1  12   0.0055    0.0052   0.0134   0.0002  -0.0032  -0.0044   0.00    6.8
2046 359267.000   34.214442963  117.135257547    48.4188   1  13   0.0052    0.0050   0.0122  -0.0016  -0.0016  -0.0030   0.00   24.0
2046 359266.000   34.214479351  117.135257963    48.4027   1  12   0.0055    0.0052   0.0134   0.0002  -0.0032  -0.0044   0.00   22.4
2046 359265.000   34.214515533  117.135258176    48.4035   1  13   0.0052    0.0050   0.0122  -0.0016  -0.0016  -0.0030   0.00   26.2
2046 359264.000   34.214551721  117.135257992    48.3714   1  13   0.0052    0.0050   0.0122  -0.0016  -0.0016  -0.0030   0.00   13.7
2046 359263.000   34.214587846  117.135257615    48.3476   1  12   0.0052    0.0052   0.0128  -0.0015   0.0020  -0.0028   0.00   37.1
2046 359262.000   34.214624384  117.135257201    48.3259   1  11   0.0058    0.0057   0.0146  -0.0029   0.0045  -0.0052   0.00   20.5
2046 359261.000   34.214661835  117.135256683    48.3109   1  11   0.0058    0.0057   0.0146  -0.0029   0.0045  -0.0052   0.00   20.0
2046 359260.000   34.214699757  117.135256309    48.3044   1  11   0.0058    0.0057   0.0146  -0.0029   0.0045  -0.0052   0.00   18.0
2046 359259.000   34.214738084  117.135256164    48.2954   1  12   0.0058    0.0053   0.0133  -0.0026   0.0026  -0.0049   0.00   24.3
2046 359258.000   34.214776367  117.135256875    48.2738   1  11   0.0065    0.0054   0.0154  -0.0021  -0.0005  -0.0068   0.00   32.9
2046 359257.000   34.214814577  117.135258003    48.2521   1  11   0.0061    0.0062   0.0153  -0.0036   0.0055  -0.0061   0.00   34.0
2046 359256.000   34.214852620  117.135259658    48.2320   1   9   0.0080    0.0081   0.0259  -0.0057   0.0112  -0.0120   0.00   28.4
2046 359255.000   34.214890210  117.135262268    48.2102   1   9   0.0080    0.0080   0.0259  -0.0057   0.0112  -0.0120   0.00   23.2
2046 359254.000   34.214927041  117.135265544    48.1883   1   9   0.0080    0.0080   0.0259  -0.0057   0.0112  -0.0120   0.00   26.4
2046 359253.000   34.214963487  117.135268825    48.1420   1   9   0.0080    0.0080   0.0259  -0.0057   0.0112  -0.0120   0.00   29.0
2046 359252.000   34.214999568  117.135272408    48.1017   1   9   0.0080    0.0080   0.0259  -0.0057   0.0112  -0.0120   0.00   23.7
2046 359251.000   34.215035281  117.135276541    48.1005   1  10   0.0064    0.0077   0.0193  -0.0047   0.0092  -0.0077   0.00    7.9
2046 359250.000   34.215069963  117.135281442    48.0694   1  10   0.0064    0.0077   0.0193  -0.0047   0.0092  -0.0077   0.00   36.0
2046 359249.000   34.215103274  117.135288099    48.0499   1  10   0.0064    0.0077   0.0193  -0.0047   0.0092  -0.0077   0.00   78.0
2046 359248.000   34.215135044  117.135296739    48.0303   1  10   0.0064    0.0077   0.0193  -0.0047   0.0092  -0.0077   0.00   57.3
2046 359247.000   34.215165242  117.135306626    48.0158   1  10   0.0064    0.0077   0.0193  -0.0047   0.0092  -0.0077   0.00   20.7
2046 359246.000   34.215193348  117.135316834    48.0061   1  10   0.0064    0.0077   0.0193  -0.0046   0.0092  -0.0077   0.00   32.6
2046 359245.000   34.215221543  117.135328282    47.9976   1  10   0.0064    0.0077   0.0193  -0.0046   0.0092  -0.0077   0.00   16.0
2046 359244.000   34.215251523  117.135340831    47.9788   1  10   0.0064    0.0077   0.0193  -0.0047   0.0092  -0.0077   0.00   17.0
2046 359243.000   34.215283487  117.135354510    47.9616   1  10   0.0064    0.0077   0.0193  -0.0047   0.0092  -0.0077   0.00   54.0
2046 359242.000   34.215316726  117.135369631    47.9382   1  10   0.0064    0.0077   0.0193  -0.0047   0.0092  -0.0077   0.00   35.0
2046 359241.000   34.215350909  117.135385753    47.9075   1  10   0.0064    0.0077   0.0193  -0.0046   0.0092  -0.0077   0.00   27.2
2046 359240.000   34.215385680  117.135401876    47.8851   1  10   0.0064    0.0077   0.0193  -0.0046   0.0092  -0.0077   0.00   38.6
2046 359239.000   34.215419461  117.135418188    47.8672   1  10   0.0064    0.0077   0.0193  -0.0046   0.0092  -0.0077   0.00   24.7
2046 359238.000   34.215453526  117.135436315    47.8608   1  10   0.0064    0.0077   0.0193  -0.0046   0.0092  -0.0077   0.00    4.7
2046 359237.000   34.215487725  117.135456739    47.8286   1   9   0.0064    0.0081   0.0223  -0.0046   0.0106  -0.0076   0.00   10.2
2046 359236.000   34.215521305  117.135477609    47.7925   1   9   0.0064    0.0081   0.0223  -0.0046   0.0106  -0.0076   0.00    9.3
2046 359235.000   34.215554778  117.135499075    47.7439   1   9   0.0064    0.0081   0.0223  -0.0046   0.0106  -0.0076   0.00    9.1
2046 359234.000   34.215587770  117.135521638    47.7252   1  10   0.0064    0.0077   0.0193  -0.0046   0.0092  -0.0077   0.00   19.6
2046 359233.000   34.215620923  117.135546741    47.7103   1  10   0.0064    0.0077   0.0193  -0.0046   0.0092  -0.0077   0.00   19.0
2046 359232.000   34.215652763  117.135572828    47.6851   1  10   0.0064    0.0077   0.0193  -0.0046   0.0092  -0.0077   0.00   29.9
2046 359231.000   34.215683792  117.135599789    47.6914   1   9   0.0064    0.0081   0.0223  -0.0046   0.0106  -0.0075   0.00    8.3
2046 359230.000   34.215714189  117.135627928    47.6536   1  11   0.0052    0.0060   0.0143  -0.0020   0.0047  -0.0033   0.00    8.5
2046 359229.000   34.215743765  117.135656874    47.6486   1   9   0.0060    0.0061   0.0175  -0.0024   0.0043   0.0043   0.00   38.8
2046 359228.000   34.215772439  117.135686012    47.6364   1  10   0.0054    0.0060   0.0156  -0.0017   0.0052  -0.0016   0.00   25.2
2046 359227.000   34.215799738  117.135716570    47.6019   1  10   0.0054    0.0060   0.0156  -0.0017   0.0052  -0.0016   0.00   27.0
2046 359226.000   34.215824437  117.135748894    47.5856   1   9   0.0064    0.0081   0.0223  -0.0046   0.0106  -0.0075   0.00   28.6
2046 359225.000   34.215847492  117.135783561    47.5400   1   9   0.0064    0.0081   0.0223  -0.0046   0.0106  -0.0075   0.00   21.4
2046 359224.000   34.215870261  117.135820426    47.5115   1  10   0.0059    0.0057   0.0157  -0.0028   0.0046  -0.0044   0.00   40.1
2046 359223.000   34.215893309  117.135858870    47.4529   1  10   0.0059    0.0057   0.0157  -0.0028   0.0046  -0.0044   0.00   17.5
2046 359222.000   34.215917165  117.135897778    47.4428   1  12   0.0052    0.0052   0.0129  -0.0015   0.0020  -0.0027   0.00   26.2
2046 359221.000   34.215940735  117.135937566    47.4274   1  11   0.0058    0.0057   0.0146  -0.0028   0.0044  -0.0051   0.00   24.3
2046 359220.000   34.215963234  117.135977832    47.4016   1  10   0.0059    0.0057   0.0157  -0.0028   0.0046  -0.0044   0.00   28.7
2046 359219.000   34.215984653  117.136018727    47.3651   1  10   0.0059    0.0057   0.0157  -0.0028   0.0046  -0.0044   0.00    9.4
2046 359218.000   34.216004953  117.136060619    47.3111   1  10   0.0065    0.0054   0.0162  -0.0021  -0.0015  -0.0064   0.00   38.1
2046 359217.000   34.216024597  117.136103610    47.2713   1  12   0.0055    0.0052   0.0134   0.0003  -0.0033  -0.0044   0.00   21.5
2046 359216.000   34.216043281  117.136147525    47.2317   1  12   0.0055    0.0052   0.0134   0.0001  -0.0033  -0.0044   0.00   29.9
2046 359215.000   34.216060400  117.136191689    47.2384   1  12   0.0058    0.0053   0.0133  -0.0026   0.0025  -0.0048   0.00   11.4
2046 359214.000   34.216075729  117.136235551    47.2260   1  12   0.0058    0.0053   0.0133  -0.0026   0.0025  -0.0048   0.00   27.8
2046 359213.000   34.216089545  117.136279759    47.2261   1  12   0.0058    0.0053   0.0133  -0.0026   0.0025  -0.0048   0.00   18.8
2046 359212.000   34.216102523  117.136323827    47.2064   1  12   0.0058    0.0053   0.0133  -0.0026   0.0025  -0.0048   0.00   22.4
2046 359211.000   34.216115454  117.136368205    47.1879   1  12   0.0058    0.0053   0.0133  -0.0026   0.0025  -0.0048   0.00   35.9
2046 359210.000   34.216127842  117.136413794    47.1789   1  12   0.0058    0.0053   0.0133  -0.0026   0.0025  -0.0048   0.00   14.2
2046 359209.000   34.216139279  117.136460938    47.1537   1  12   0.0058    0.0053   0.0133  -0.0026   0.0025  -0.0048   0.00   20.3
2046 359208.000   34.216149329  117.136508081    47.1156   1  11   0.0065    0.0053   0.0154  -0.0021  -0.0011  -0.0067   0.00   20.0
2046 359207.000   34.216157531  117.136555088    47.0810   1  11   0.0065    0.0053   0.0154  -0.0021  -0.0011  -0.0067   0.00   16.6
2046 359206.000   34.216164654  117.136601083    47.0506   1  11   0.0065    0.0053   0.0154  -0.0021  -0.0011  -0.0067   0.00   19.6
2046 359205.000   34.216171023  117.136646300    47.0299   1  11   0.0065    0.0053   0.0154  -0.0021  -0.0011  -0.0067   0.00   17.2
2046 359204.000   34.216176856  117.136691599    47.0155   1  12   0.0055    0.0052   0.0134   0.0002  -0.0033  -0.0044   0.00    8.4
2046 359203.000   34.216182360  117.136735976    46.9744   1  12   0.0055    0.0052   0.0134   0.0002  -0.0033  -0.0044   0.00   26.1
2046 359202.000   34.216187333  117.136778916    46.9515   1  10   0.0065    0.0053   0.0162  -0.0021  -0.0016  -0.0063   0.00   13.9
2046 359201.000   34.216191848  117.136821108    46.9172   1  10   0.0065    0.0053   0.0162  -0.0021  -0.0016  -0.0063   0.00    9.1
2046 359200.000   34.216196015  117.136864599    46.8731   1  10   0.0065    0.0053   0.0162  -0.0021  -0.0016  -0.0063   0.00   11.9
2046 359199.000   34.216199721  117.136909613    46.8767   1  11   0.0059    0.0053   0.0140  -0.0027   0.0024  -0.0042   0.00    3.5
2046 359198.000   34.216203402  117.136954153    46.8663   1  10   0.0065    0.0053   0.0162  -0.0021  -0.0016  -0.0063   0.00    3.1
2046 359197.000   34.216207836  117.136999440    46.8524   1  10   0.0065    0.0053   0.0162  -0.0021  -0.0016  -0.0063   0.00    3.5
2046 359196.000   34.216213516  117.137044889    46.8105   1   9   0.0069    0.0058   0.0177  -0.0031  -0.0043  -0.0050   0.00    9.3
2046 359195.000   34.216220592  117.137088498    46.8007   1  10   0.0065    0.0056   0.0148  -0.0035  -0.0021  -0.0019   0.00    9.6
2046 359194.000   34.216229184  117.137133163    46.7661   1  10   0.0065    0.0056   0.0148  -0.0035  -0.0021  -0.0019   0.00   17.8
2046 359193.000   34.216239022  117.137177002    46.7557   1  10   0.0065    0.0056   0.0148  -0.0035  -0.0021  -0.0019   0.00   19.8
2046 359192.000   34.216250519  117.137219085    46.7440   1  11   0.0059    0.0053   0.0140  -0.0027   0.0024  -0.0042   0.00    9.3
2046 359191.000   34.216263763  117.137259897    46.7000   1  11   0.0059    0.0053   0.0140  -0.0027   0.0024  -0.0042   0.00   25.6
2046 359190.000   34.216278912  117.137299294    46.6553   1  11   0.0059    0.0053   0.0140  -0.0027   0.0024  -0.0042   0.00   22.4
2046 359189.000   34.216295521  117.137337324    46.6074   1  11   0.0059    0.0053   0.0140  -0.0027   0.0024  -0.0042   0.00   15.3
2046 359188.000   34.216313711  117.137375266    46.5344   1  11   0.0059    0.0053   0.0140  -0.0027   0.0024  -0.0042   0.00   16.4
2046 359187.000   34.216333838  117.137414267    46.5102   1  11   0.0059    0.0053   0.0140  -0.0027   0.0024  -0.0042   0.00   27.9
2046 359186.000   34.216355723  117.137452890    46.4544   1  11   0.0059    0.0053   0.0140  -0.0027   0.0023  -0.0042   0.00   34.6
2046 359185.000   34.216378353  117.137492725    46.4165   1  11   0.0059    0.0053   0.0140  -0.0027   0.0023  -0.0041   0.00   10.1
2046 359184.000   34.216402845  117.137533980    46.3463   1  11   0.0059    0.0053   0.0140  -0.0027   0.0023  -0.0041   0.00   43.4
2046 359183.000   34.216429568  117.137573474    46.3196   2  11   0.0725    0.0593   0.1609  -0.0324  -0.0345   0.0169   0.00    2.4
2046 359182.000   34.216458509  117.137608378    46.2296   1  12   0.0058    0.0053   0.0133  -0.0026   0.0024  -0.0047   0.00   16.7
2046 359181.000   34.216490237  117.137642111    46.1402   1  12   0.0058    0.0053   0.0133  -0.0026   0.0024  -0.0047   0.00   31.2
2046 359180.000   34.216522165  117.137674632    46.0661   1  10   0.0065    0.0056   0.0149  -0.0035  -0.0022  -0.0018   0.00   15.3
2046 359179.000   34.216553977  117.137706769    46.0098   1  11   0.0062    0.0056   0.0138  -0.0033  -0.0009  -0.0038   0.00   16.4
2046 359178.000   34.216585575  117.137738132    45.9379   1  10   0.0061    0.0062   0.0162  -0.0035   0.0056  -0.0056   0.00    5.8
2046 359177.000   34.216617390  117.137769364    45.8918   1  10   0.0059    0.0057   0.0157  -0.0028   0.0046  -0.0043   0.00    5.3
2046 359176.000   34.216649411  117.137801017    45.8371   1  10   0.0061    0.0062   0.0162  -0.0035   0.0056  -0.0056   0.00    4.9
2046 359175.000   34.216681582  117.137832490    45.7662   1  10   0.0061    0.0061   0.0162  -0.0035   0.0056  -0.0056   0.00    9.3
2046 359174.000   34.216713999  117.137863664    45.7105   1  10   0.0061    0.0061   0.0162  -0.0035   0.0056  -0.0056   0.00    6.0
2046 359173.000   34.216745860  117.137894084    45.6340   1   8   0.0067    0.0080   0.0248  -0.0046   0.0104  -0.0055   0.00    4.6
2046 359172.000   34.216777460  117.137924152    45.5854   1   8   0.0067    0.0080   0.0248  -0.0046   0.0104  -0.0055   0.00    4.5
2046 359171.000   34.216809522  117.137954854    45.8120   2   8   0.2606    0.2839   0.6447  -0.1575   0.2461   0.0787   0.00    2.7
2046 359170.000   34.216840993  117.137984272    45.4957   1   8   0.0067    0.0080   0.0248  -0.0046   0.0104  -0.0055   0.00    3.3
2046 359169.000   34.216871907  117.138014299    45.7516   2   8   0.2809    0.3110   0.7088  -0.1696   0.2808   0.1076   0.00    2.0
2046 359168.000   34.216901568  117.138043371    45.7464   2  12   0.2881    0.3181   0.7284  -0.1715   0.2866   0.1214   0.00    2.1
2046 359167.000   34.216930385  117.138071321    45.2913   1  12   0.0056    0.0055   0.0130   0.0011   0.0014   0.0012   0.00    5.1
2046 359166.000   34.216959261  117.138099317    45.1858   1  10   0.0067    0.0062   0.0149  -0.0029  -0.0009  -0.0006   0.00    3.8
2046 359165.000   34.216988007  117.138127455    45.5823   2  10   0.3007    0.3114   0.7242  -0.1728   0.2414   0.1357   0.00    2.8
2046 359164.000   34.217016323  117.138153946    45.5581   2  10   0.3069    0.3116   0.7271  -0.1767   0.2300   0.1370   0.00    2.7
2046 359163.000   34.217044947  117.138181148    45.5723   2  11   0.3117    0.3118   0.7268  -0.1803   0.2187   0.1317   0.00    2.6
2046 359162.000   34.217073224  117.138206673    44.9520   1  11   0.0064    0.0061   0.0139  -0.0027   0.0016  -0.0034   0.00    5.1
2046 359161.000   34.217101087  117.138233798    45.5851   2  11   0.3175    0.3113   0.7277  -0.1830   0.2015   0.1155   0.00    2.8
2046 359160.000   34.217128200  117.138258213    45.5942   2   9   0.3230    0.3139   0.7324  -0.1879   0.1954   0.1133   0.00    1.1
2046 359159.000   34.217154753  117.138282093    45.6096   2  10   0.3270    0.3162   0.7338  -0.1920   0.1899   0.1029   0.00    1.0
2046 359158.000   34.217181031  117.138306086    45.6124   2   8   0.3314    0.3288   0.7606  -0.1957   0.2230   0.0967   0.00    1.2
2046 359157.000   34.217206410  117.138328373    44.7316   1   9   0.0066    0.0077   0.0200  -0.0048   0.0087  -0.0067   0.00    3.1
2046 359156.000   34.217232516  117.138354671    45.6951   2   8   0.3387    0.3476   0.8000  -0.2008   0.2619   0.0977   0.00    1.6
2046 359155.000   34.217257980  117.138378708    45.7639   2   9   0.3431    0.3576   0.8200  -0.2057   0.2805   0.0915   0.00    2.8
2046 359154.000   34.217282672  117.138401740    45.7116   2   8   0.3467    0.3682   0.8468  -0.2084   0.3057   0.0872   0.00    1.5
2046 359153.000   34.217306486  117.138424888    45.6857   2  10   0.3491    0.3730   0.8628  -0.2083   0.3172   0.0900   0.00    1.5
2046 359152.000   34.217330961  117.138448642    45.6197   2   9   0.3483    0.3784   0.8742  -0.2077   0.3312   0.0614   0.00    1.9
2046 359151.000   34.217355282  117.138469389    44.4839   1   9   0.0063    0.0080   0.0222  -0.0045   0.0105  -0.0073   0.00    3.1
2046 359150.000   34.217380692  117.138495120    45.5684   2  11   0.3467    0.3838   0.8806  -0.2076   0.3430  -0.0784   0.00    3.0
2046 359149.000   34.217405250  117.138514799    44.3827   1  11   0.0063    0.0080   0.0221  -0.0045   0.0104  -0.0073   0.00    3.2
2046 359148.000   34.217429538  117.138536591    44.3549   1  11   0.0059    0.0057   0.0156  -0.0027   0.0045  -0.0043   0.00    3.9
2046 359147.000   34.217452971  117.138560783    45.4256   2  11   0.3413    0.3586   0.8432  -0.1914   0.2876  -0.0644   0.00    1.1
2046 359146.000   34.217475942  117.138579355    44.2421   1  11   0.0059    0.0052   0.0140  -0.0026   0.0022  -0.0041   0.00    4.1
2046 359145.000   34.217499406  117.138601621    44.1783   1  11   0.0059    0.0052   0.0140  -0.0026   0.0022  -0.0041   0.00    3.8
2046 359144.000   34.217524251  117.138625240    44.1324   1  11   0.0059    0.0052   0.0140  -0.0026   0.0022  -0.0041   0.00    4.4
2046 359143.000   34.217549589  117.138652736    45.2627   2  10   0.3403    0.3439   0.8258  -0.1855   0.2537  -0.1056   0.00    1.8
2046 359142.000   34.217574239  117.138676547    45.2373   2   9   0.3405    0.3510   0.8370  -0.1868   0.2714  -0.1190   0.00    1.7
2046 359141.000   34.217598691  117.138699544    45.2114   2   9   0.3406    0.3571   0.8467  -0.1878   0.2859  -0.1300   0.00    2.8
2046 359140.000   34.217624316  117.138722938    45.1892   2  10   0.3408    0.3616   0.8535  -0.1888   0.2959  -0.1392   0.00    2.0
2046 359139.000   34.217649685  117.138745735    45.1461   2  10   0.3408    0.3576   0.8475  -0.1878   0.2860  -0.1427   0.00    2.1
2046 359138.000   34.217674887  117.138768565    45.1169   2  10   0.3412    0.3566   0.8472  -0.1886   0.2840  -0.1505   0.00    2.7
2046 359137.000   34.217701300  117.138792952    45.1588   2  10   0.3397    0.3513   0.8377  -0.1846   0.2696  -0.1439   0.00    2.6
2046 359136.000   34.217727792  117.138817511    45.1403   2   8   0.3441    0.3605   0.8586  -0.1894   0.2898  -0.1393   0.00    1.3
2046 359135.000   34.217754290  117.138843049    45.1608   2   8   0.3463    0.3637   0.8665  -0.1887   0.2934  -0.1182   0.00    1.0
2046 359134.000   34.217780965  117.138868800    45.0831   2   8   0.3500    0.3738   0.8908  -0.1933   0.3172  -0.1165   0.00    1.3
2046 359133.000   34.217808267  117.138894535    45.0142   2   8   0.3535    0.3832   0.9135  -0.1976   0.3387  -0.1160   0.00    1.2
2046 359132.000   34.217836373  117.138920516    44.9200   2   9   0.3542    0.3847   0.9191  -0.1950   0.3406  -0.0916   0.00    1.4
2046 359131.000   34.217864861  117.138946577    44.8145   2   9   0.3536    0.3932   0.9350  -0.1976   0.3617  -0.1171   0.00    2.0
2046 359130.000   34.217893644  117.138972436    44.7360   2   9   0.3563    0.4011   0.9547  -0.2014   0.3793  -0.1198   0.00    2.0
2046 359129.000   34.217922170  117.138998593    44.6281   2  10   0.3538    0.3999   0.9481  -0.1986   0.3755  -0.1217   0.00    2.1
2046 359128.000   34.217950135  117.139025388    44.4898   2  11   0.3512    0.3875   0.9240  -0.1922   0.3481  -0.1105   0.00    1.9
2046 359127.000   34.217978327  117.139049468    43.2709   1  11   0.0059    0.0052   0.0140  -0.0026   0.0022  -0.0040   0.00    5.6
2046 359126.000   34.218006126  117.139076117    43.2050   1  12   0.0058    0.0052   0.0133  -0.0026   0.0023  -0.0046   0.00    7.8
2046 359125.000   34.218033576  117.139102467    43.1611   1  12   0.0058    0.0052   0.0133  -0.0026   0.0023  -0.0046   0.00    4.3
2046 359124.000   34.218060668  117.139128675    43.1088   1  11   0.0054    0.0054   0.0137  -0.0020   0.0026  -0.0021   0.00    7.2
2046 359123.000   34.218087846  117.139154771    43.0706   1  12   0.0054    0.0054   0.0137  -0.0020   0.0026  -0.0021   0.00    7.5
2046 359122.000   34.218115674  117.139180719    43.0356   1  11   0.0061    0.0061   0.0162  -0.0035   0.0055  -0.0054   0.00    3.4
2046 359121.000   34.218142204  117.139205961    42.9924   1  11   0.0059    0.0052   0.0140  -0.0026   0.0022  -0.0040   0.00    6.8
2046 359120.000   34.218168204  117.139230826    42.9323   1  11   0.0061    0.0061   0.0162  -0.0035   0.0055  -0.0054   0.00    3.8
2046 359119.000   34.218194261  117.139255734    42.8739   1  10   0.0061    0.0061   0.0162  -0.0035   0.0055  -0.0054   0.00    4.4
2046 359118.000   34.218220233  117.139279916    42.8229   1  11   0.0063    0.0080   0.0221  -0.0045   0.0104  -0.0073   0.00    3.3
2046 359117.000   34.218245224  117.139305042    43.5255   2  11   0.3353    0.3360   0.8156  -0.1625   0.2078  -0.0798   0.00    2.2
2046 359116.000   34.218271079  117.139329119    43.4566   2  11   0.3354    0.3322   0.8102  -0.1615   0.1890  -0.0470   0.00    1.8
2046 359115.000   34.218297218  117.139351648    42.6707   1  11   0.0065    0.0056   0.0149  -0.0036  -0.0025  -0.0012   0.00    3.7
2046 359114.000   34.218323141  117.139375638    42.6057   1  12   0.0054    0.0050   0.0128  -0.0018  -0.0021  -0.0015   0.00    5.4
2046 359113.000   34.218348374  117.139399026    42.5616   1  12   0.0054    0.0050   0.0128  -0.0017  -0.0021  -0.0015   0.00    6.4
2046 359112.000   34.218374029  117.139422752    42.5168   1  10   0.0065    0.0056   0.0149  -0.0036  -0.0024  -0.0013   0.00    5.5
2046 359111.000   34.218401058  117.139446852    42.4640   1  11   0.0065    0.0056   0.0149  -0.0036  -0.0025  -0.0012   0.00    5.0
2046 359110.000   34.218427845  117.139470973    42.4085   1  11   0.0065    0.0056   0.0149  -0.0036  -0.0024  -0.0013   0.00    5.1
2046 359109.000   34.218454748  117.139495494    42.3513   1  11   0.0059    0.0052   0.0140  -0.0026   0.0021  -0.0040   0.00   10.3
2046 359108.000   34.218481814  117.139520146    42.2987   1  11   0.0059    0.0052   0.0140  -0.0026   0.0021  -0.0040   0.00    8.7
2046 359107.000   34.218509181  117.139545370    42.2514   1  11   0.0059    0.0052   0.0140  -0.0026   0.0021  -0.0040   0.00    8.7
2046 359106.000   34.218536850  117.139570624    42.1969   1   9   0.0063    0.0080   0.0221  -0.0045   0.0104  -0.0072   0.00    4.9
2046 359105.000   34.218564047  117.139595375    42.1559   1   9   0.0063    0.0080   0.0221  -0.0045   0.0104  -0.0072   0.00    3.4
2046 359104.000   34.218590278  117.139619586    42.0969   1   9   0.0063    0.0080   0.0221  -0.0045   0.0104  -0.0072   0.00    3.2
2046 359103.000   34.218615579  117.139643487    42.0328   1   9   0.0063    0.0080   0.0221  -0.0045   0.0104  -0.0072   0.00    4.5
2046 359102.000   34.218641500  117.139670114    42.6728   2  10   0.3340    0.3504   0.8311  -0.1665   0.2424  -0.1071   0.00    2.5
2046 359101.000   34.218667877  117.139694827    41.9631   1  12   0.0061    0.0061   0.0151  -0.0035   0.0052  -0.0058   0.00    3.2
2046 359100.000   34.218693761  117.139720735    41.8865   1  10   0.0065    0.0056   0.0149  -0.0036  -0.0025  -0.0011   0.00    4.6
2046 359099.000   34.218719605  117.139747784    42.5970   2  10   0.3380    0.3388   0.8118  -0.1667   0.1991  -0.0752   0.00    1.2
2046 359098.000   34.218745376  117.139773223    42.5087   2  11   0.3406    0.3356   0.8099  -0.1670   0.1843  -0.0341   0.00    1.2
2046 359097.000   34.218770643  117.139796977    41.7299   1  12   0.0054    0.0050   0.0128  -0.0018  -0.0021  -0.0014   0.00    3.1
2046 359096.000   34.218796071  117.139821916    41.6577   1  11   0.0059    0.0052   0.0140  -0.0026   0.0021  -0.0040   0.00    9.1
2046 359095.000   34.218822621  117.139847179    41.5979   1  11   0.0059    0.0052   0.0140  -0.0026   0.0021  -0.0039   0.00    8.1
2046 359094.000   34.218849971  117.139872286    41.5476   1  10   0.0061    0.0061   0.0162  -0.0035   0.0055  -0.0054   0.00    5.3
2046 359093.000   34.218877454  117.139897622    41.4922   1  11   0.0054    0.0054   0.0137  -0.0020   0.0025  -0.0021   0.00    6.1
2046 359092.000   34.218904761  117.139923245    41.4427   1  11   0.0059    0.0052   0.0140  -0.0026   0.0021  -0.0039   0.00    6.8
2046 359091.000   34.218931851  117.139949196    41.4176   1  12   0.0054    0.0050   0.0128  -0.0018  -0.0021  -0.0014   0.00    6.1
2046 359090.000   34.218959067  117.139975048    41.3430   1  11   0.0059    0.0052   0.0140  -0.0026   0.0021  -0.0039   0.00   10.7
2046 359089.000   34.218986212  117.140001021    41.3067   1  13   0.0052    0.0050   0.0122  -0.0017  -0.0019  -0.0027   0.00   12.5
2046 359088.000   34.219013538  117.140026849    41.2610   1  13   0.0052    0.0050   0.0122  -0.0017  -0.0019  -0.0027   0.00    8.4
2046 359087.000   34.219040728  117.140052979    41.2059   1  12   0.0054    0.0050   0.0128  -0.0018  -0.0021  -0.0014   0.00   12.7
2046 359086.000   34.219068006  117.140078772    41.1701   1  12   0.0054    0.0050   0.0128  -0.0018  -0.0021  -0.0013   0.00    6.8
2046 359085.000   34.219095346  117.140104251    41.1298   1  12   0.0054    0.0050   0.0128  -0.0018  -0.0021  -0.0013   0.00    6.4
2046 359084.000   34.219122834  117.140129245    41.0703   1  12   0.0054    0.0050   0.0128  -0.0018  -0.0021  -0.0013   0.00    4.2
2046 359083.000   34.219150363  117.140154052    40.9988   1  11   0.0060    0.0054   0.0139  -0.0030  -0.0039   0.0036   0.00   11.5
2046 359082.000   34.219178193  117.140178496    40.9388   1  10   0.0065    0.0056   0.0149  -0.0036  -0.0026  -0.0009   0.00    6.9
2046 359081.000   34.219205541  117.140203011    40.8945   1  11   0.0065    0.0056   0.0149  -0.0036  -0.0026  -0.0009   0.00    6.1
2046 359080.000   34.219232670  117.140227351    40.8467   1  12   0.0065    0.0056   0.0149  -0.0036  -0.0026  -0.0009   0.00   10.9
2046 359079.000   34.219259779  117.140251603    40.7853   1  12   0.0059    0.0052   0.0140  -0.0026   0.0020  -0.0039   0.00   10.3
2046 359078.000   34.219286933  117.140275984    40.7281   1  11   0.0059    0.0052   0.0140  -0.0026   0.0021  -0.0039   0.00    9.8
2046 359077.000   34.219314185  117.140300468    40.6840   1  11   0.0059    0.0052   0.0140  -0.0026   0.0020  -0.0039   0.00   36.5
2046 359076.000   34.219341422  117.140324973    40.6294   1  11   0.0059    0.0052   0.0140  -0.0026   0.0020  -0.0039   0.00   30.0
2046 359075.000   34.219368599  117.140349236    40.5904   1  11   0.0059    0.0052   0.0140  -0.0026   0.0020  -0.0039   0.00   41.3
2046 359074.000   34.219395919  117.140373213    40.5432   1  11   0.0059    0.0052   0.0140  -0.0026   0.0020  -0.0039   0.00   27.0
2046 359073.000   34.219423217  117.140397261    40.4735   1  11   0.0059    0.0052   0.0140  -0.0026   0.0020  -0.0039   0.00   51.2
2046 359072.000   34.219450161  117.140421606    40.4161   1  12   0.0059    0.0052   0.0140  -0.0026   0.0020  -0.0039   0.00   20.3
2046 359071.000   34.219477114  117.140445745    40.3620   1  11   0.0059    0.0052   0.0140  -0.0026   0.0020  -0.0039   0.00   32.3
2046 359070.000   34.219504046  117.140469905    40.2962   1  10   0.0061    0.0061   0.0161  -0.0035   0.0054  -0.0053   0.00   30.5
2046 359069.000   34.219530710  117.140494439    40.2364   1  11   0.0059    0.0052   0.0140  -0.0026   0.0020  -0.0039   0.00   40.8
2046 359068.000   34.219557179  117.140519053    40.1785   1  11   0.0059    0.0052   0.0140  -0.0026   0.0020  -0.0039   0.00   34.4
2046 359067.000   34.219582658  117.140544076    40.1357   1  11   0.0059    0.0052   0.0140  -0.0026   0.0020  -0.0039   0.00   27.1
2046 359066.000   34.219608126  117.140569469    40.0841   1  11   0.0059    0.0052   0.0140  -0.0026   0.0020  -0.0039   0.00   38.4
2046 359065.000   34.219634057  117.140595340    40.0232   1  12   0.0059    0.0052   0.0140  -0.0026   0.0020  -0.0039   0.00   27.4
2046 359064.000   34.219659518  117.140620973    39.9726   1  10   0.0061    0.0061   0.0161  -0.0035   0.0054  -0.0053   0.00   26.7
2046 359063.000   34.219684469  117.140646849    39.9146   1  10   0.0061    0.0061   0.0161  -0.0035   0.0054  -0.0053   0.00   24.0
2046 359062.000   34.219709368  117.140672666    39.8649   1  10   0.0061    0.0061   0.0161  -0.0035   0.0054  -0.0053   0.00   26.8
2046 359061.000   34.219734514  117.140698080    39.8268   1  11   0.0059    0.0057   0.0157  -0.0027   0.0044  -0.0040   0.00    9.0
2046 359060.000   34.219760471  117.140722177    39.7673   1  12   0.0059    0.0056   0.0156  -0.0027   0.0044  -0.0041   0.00   16.2
2046 359059.000   34.219786882  117.140745396    39.7087   1  13   0.0059    0.0052   0.0139  -0.0026   0.0020  -0.0039   0.00   56.6
2046 359058.000   34.219812574  117.140768255    39.6556   1  12   0.0054    0.0050   0.0128  -0.0018  -0.0022  -0.0012   0.00   26.8
2046 359057.000   34.219837268  117.140790248    39.5994   1  12   0.0059    0.0052   0.0140  -0.0026   0.0020  -0.0039   0.00   43.1
2046 359056.000   34.219861271  117.140811022    39.5518   1  12   0.0059    0.0052   0.0140  -0.0026   0.0020  -0.0039   0.00   23.7
2046 359055.000   34.219884650  117.140830395    39.5121   1  12   0.0059    0.0052   0.0140  -0.0026   0.0020  -0.0039   0.00   22.0
2046 359054.000   34.219907193  117.140848698    39.4687   1  11   0.0061    0.0061   0.0161  -0.0035   0.0054  -0.0053   0.00   18.1
2046 359053.000   34.219929476  117.140867879    39.4283   1  11   0.0061    0.0061   0.0161  -0.0035   0.0054  -0.0053   0.00   14.1
2046 359052.000   34.219951335  117.140887881    39.3684   1  10   0.0059    0.0057   0.0157  -0.0027   0.0044  -0.0040   0.00   10.1
2046 359051.000   34.219973417  117.140908333    39.3492   1  11   0.0059    0.0052   0.0140  -0.0026   0.0020  -0.0038   0.00   27.1
2046 359050.000   34.219995784  117.140930354    39.2882   1  11   0.0059    0.0052   0.0140  -0.0026   0.0020  -0.0038   0.00   19.3
2046 359049.000   34.220018571  117.140955331    39.2531   1  10   0.0061    0.0061   0.0161  -0.0035   0.0054  -0.0053   0.00   14.6
2046 359048.000   34.220042187  117.140981215    39.2145   1  11   0.0054    0.0054   0.0137  -0.0020   0.0024  -0.0019   0.00   15.4
2046 359047.000   34.220065181  117.141005338    39.1654   1  12   0.0054    0.0054   0.0137  -0.0021   0.0024  -0.0019   0.00   13.5
2046 359046.000   34.220089118  117.141029901    39.1136   1  11   0.0059    0.0052   0.0140  -0.0026   0.0020  -0.0038   0.00   13.5
2046 359045.000   34.220113361  117.141053846    39.0597   1  11   0.0059    0.0052   0.0140  -0.0026   0.0020  -0.0038   0.00   18.5
2046 359044.000   34.220137264  117.141076755    39.0114   1  11   0.0059    0.0052   0.0140  -0.0026   0.0019  -0.0038   0.00   30.7
2046 359043.000   34.220161939  117.141100360    38.9535   1  11   0.0059    0.0052   0.0140  -0.0026   0.0019  -0.0038   0.00   22.1
2046 359042.000   34.220187144  117.141124486    38.9034   1  11   0.0059    0.0052   0.0140  -0.0026   0.0019  -0.0038   0.00   26.8
2046 359041.000   34.220212398  117.141148834    38.8366   1  11   0.0059    0.0052   0.0140  -0.0026   0.0019  -0.0038   0.00   34.3
2046 359040.000   34.220237760  117.141173345    38.7849   1  10   0.0061    0.0061   0.0161  -0.0035   0.0054  -0.0053   0.00   30.9
2046 359039.000   34.220262464  117.141196574    38.7343   1  11   0.0054    0.0054   0.0137  -0.0021   0.0024  -0.0019   0.00   25.0
2046 359038.000   34.220287640  117.141220088    38.6759   1  11   0.0054    0.0054   0.0137  -0.0021   0.0024  -0.0019   0.00   52.9
2046 359037.000   34.220313554  117.141243187    38.6389   1  12   0.0054    0.0050   0.0128  -0.0018  -0.0022  -0.0011   0.00   11.1
2046 359036.000   34.220339448  117.141266152    38.5748   1  12   0.0054    0.0050   0.0128  -0.0018  -0.0022  -0.0011   0.00   24.6
2046 359035.000   34.220365211  117.141288884    38.5250   1  13   0.0054    0.0050   0.0128  -0.0018  -0.0022  -0.0011   0.00   25.8
2046 359034.000   34.220391297  117.141311703    38.4789   1   9   0.0063    0.0079   0.0220  -0.0044   0.0102  -0.0071   0.00   35.0
2046 359033.000   34.220417455  117.141334413    38.4198   1   9   0.0063    0.0079   0.0220  -0.0044   0.0102  -0.0071   0.00   32.3
2046 359032.000   34.220443146  117.141356667    38.3713   1   9   0.0063    0.0079   0.0220  -0.0044   0.0102  -0.0071   0.00   14.9
2046 359031.000   34.220468864  117.141378956    38.2915   1  10   0.0054    0.0060   0.0157  -0.0018   0.0051  -0.0008   0.00   12.2
2046 359030.000   34.220494575  117.141402420    38.2583   1  11   0.0054    0.0060   0.0157  -0.0018   0.0051  -0.0008   0.00   25.9
2046 359029.000   34.220519559  117.141426917    38.2283   1  13   0.0054    0.0054   0.0137  -0.0021   0.0024  -0.0019   0.00    6.0
2046 359028.000   34.220543066  117.141452073    38.1665   1  12   0.0054    0.0050   0.0128  -0.0018  -0.0022  -0.0011   0.00   13.1
2046 359027.000   34.220564301  117.141477325    38.1048   1  13   0.0054    0.0050   0.0128  -0.0018  -0.0022  -0.0011   0.00   36.3
2046 359026.000   34.220584475  117.141504106    38.0679   1  13   0.0054    0.0050   0.0128  -0.0018  -0.0022  -0.0011   0.00   33.8
2046 359025.000   34.220602549  117.141534877    38.0160   1  13   0.0054    0.0050   0.0128  -0.0018  -0.0022  -0.0011   0.00   40.8
2046 359024.000   34.220616506  117.141568735    37.9642   1  12   0.0054    0.0050   0.0128  -0.0018  -0.0022  -0.0010   0.00   48.0
2046 359023.000   34.220626757  117.141605131    37.9187   1  12   0.0054    0.0050   0.0128  -0.0018  -0.0022  -0.0010   0.00   12.6
2046 359022.000   34.220632943  117.141643128    37.8523   1  12   0.0054    0.0050   0.0128  -0.0018  -0.0022  -0.0010   0.00   28.3
2046 359021.000   34.220635164  117.141681755    37.8169   1  12   0.0054    0.0050   0.0128  -0.0018  -0.0022  -0.0010   0.00   15.0
2046 359020.000   34.220634749  117.141720597    37.7830   1  11   0.0057    0.0052   0.0142  -0.0007  -0.0038  -0.0034   0.00   19.8
2046 359019.000   34.220631544  117.141759305    37.7777   1  12   0.0054    0.0050   0.0128  -0.0018  -0.0022  -0.0010   0.00   18.2
2046 359018.000   34.220626723  117.141797561    37.7605   1  11   0.0057    0.0052   0.0142  -0.0007  -0.0038  -0.0034   0.00   18.1
2046 359017.000   34.220620751  117.141835641    37.7428   1  11   0.0057    0.0052   0.0142  -0.0007  -0.0038  -0.0034   0.00   23.1
2046 359016.000   34.220614579  117.141873902    37.7213   1  11   0.0061    0.0054   0.0140  -0.0030  -0.0040   0.0038   0.00   14.9
2046 359015.000   34.220609307  117.141911490    37.6828   1  12   0.0061    0.0054   0.0140  -0.0030  -0.0041   0.0038   0.00   16.5
2046 359014.000   34.220604203  117.141947673    37.6631   1  12   0.0061    0.0054   0.0139  -0.0030  -0.0040   0.0037   0.00   22.1
2046 359013.000   34.220598995  117.141984656    37.6253   1  12   0.0061    0.0054   0.0139  -0.0030  -0.0040   0.0037   0.00   23.7
2046 359012.000   34.220594261  117.142022841    37.5920   1  12   0.0061    0.0054   0.0139  -0.0030  -0.0040   0.0038   0.00   19.9
2046 359011.000   34.220589417  117.142060536    37.5468   1  11   0.0061    0.0054   0.0140  -0.0030  -0.0041   0.0038   0.00   18.9
2046 359010.000   34.220584018  117.142096563    37.5146   1  11   0.0061    0.0054   0.0140  -0.0030  -0.0041   0.0038   0.00   13.5
2046 359009.000   34.220577731  117.142132075    37.4711   1  11   0.0061    0.0054   0.0140  -0.0030  -0.0041   0.0038   0.00   20.1
2046 359008.000   34.220569960  117.142169161    37.4262   1  10   0.0062    0.0058   0.0159  -0.0026  -0.0057   0.0024   0.00   27.7
2046 359007.000   34.220561386  117.142206028    37.3842   1  10   0.0062    0.0058   0.0159  -0.0026  -0.0057   0.0025   0.00   23.2
2046 359006.000   34.220553042  117.142241719    37.3573   1  10   0.0062    0.0058   0.0159  -0.0026  -0.0057   0.0025   0.00    7.2
2046 359005.000   34.220545653  117.142274934    37.3171   1  11   0.0061    0.0054   0.0140  -0.0030  -0.0041   0.0038   0.00    8.7
2046 359004.000   34.220538536  117.142308107    37.2797   1  10   0.0066    0.0056   0.0150  -0.0036  -0.0028   0.0012   0.00   18.0
2046 359003.000   34.220531189  117.142342050    37.2666   1  10   0.0062    0.0058   0.0159  -0.0026  -0.0057   0.0025   0.00    3.8
2046 359002.000   34.220523673  117.142377025    37.2187   1  11   0.0061    0.0054   0.0140  -0.0030  -0.0041   0.0038   0.00   13.4
2046 359001.000   34.220516285  117.142411248    37.1895   1  10   0.0062    0.0058   0.0159  -0.0026  -0.0057   0.0025   0.00   17.0
2046 359000.000   34.220508997  117.142445896    37.1626   1  11   0.0061    0.0054   0.0140  -0.0030  -0.0041   0.0038   0.00   25.4
2046 358999.000   34.220501965  117.142482826    37.1333   1  10   0.0062    0.0058   0.0159  -0.0026  -0.0057   0.0025   0.00    5.8
2046 358998.000   34.220495150  117.142518686    37.0766   1  10   0.0062    0.0058   0.0159  -0.0026  -0.0057   0.0025   0.00   12.6
2046 358997.000   34.220487938  117.142553582    37.0685   1  10   0.0062    0.0055   0.0153  -0.0028  -0.0030   0.0047   0.00    6.1
2046 358996.000   34.220480741  117.142588770    37.0211   1   9   0.0063    0.0059   0.0176  -0.0024  -0.0051   0.0037   0.00   12.3
2046 358995.000   34.220473678  117.142624056    36.9878   1   8   0.0069    0.0060   0.0213  -0.0032  -0.0031  -0.0045   0.00    6.5
2046 358994.000   34.220466596  117.142659473    36.9440   1   8   0.0069    0.0060   0.0213  -0.0032  -0.0031  -0.0045   0.00    5.8
2046 358993.000   34.220458552  117.142694489    36.9270   1   9   0.0066    0.0059   0.0171  -0.0035   0.0025   0.0023   0.00    7.2
2046 358992.000   34.220450834  117.142729424    36.8769   1   8   0.0069    0.0060   0.0213  -0.0032  -0.0031  -0.0045   0.00    4.4
2046 358991.000   34.220443426  117.142764008    36.8447   1   9   0.0066    0.0059   0.0171  -0.0035   0.0025   0.0023   0.00    4.9
2046 358990.000   34.220436600  117.142797426    36.8130   1  10   0.0066    0.0059   0.0171  -0.0035   0.0025   0.0023   0.00    5.6
2046 358989.000   34.220429981  117.142829949    36.7715   1   9   0.0069    0.0060   0.0212  -0.0031  -0.0031  -0.0045   0.00    5.3
2046 358988.000   34.220423347  117.142863460    36.7681   1  10   0.0057    0.0054   0.0153   0.0003  -0.0026  -0.0030   0.00    5.1
2046 358987.000   34.220417526  117.142895650    36.7215   1  11   0.0054    0.0052   0.0138  -0.0015   0.0017   0.0015   0.00    7.9
2046 358986.000   34.220412302  117.142927304    36.6821   1   9   0.0065    0.0057   0.0187  -0.0023   0.0033  -0.0065   0.00    6.3
2046 358985.000   34.220407131  117.142958726    36.6581   1   9   0.0065    0.0057   0.0187  -0.0023   0.0033  -0.0065   0.00    3.4
2046 358984.000   34.220401537  117.142990066    36.6134   1   9   0.0065    0.0057   0.0187  -0.0023   0.0033  -0.0065   0.00    6.4
2046 358983.000   34.220395765  117.143022223    36.5842   1   9   0.0065    0.0057   0.0187  -0.0023   0.0033  -0.0065   0.00    5.5
2046 358982.000   34.220390055  117.143055139    36.5528   1   9   0.0065    0.0057   0.0187  -0.0023   0.0033  -0.0065   0.00    5.0
2046 358981.000   34.220384661  117.143088129    36.5470   1   9   0.0065    0.0057   0.0187  -0.0023   0.0033  -0.0065   0.00    5.7
2046 358980.000   34.220379428  117.143122570    36.4732   1   9   0.0065    0.0057   0.0187  -0.0023   0.0033  -0.0065   0.00    9.3
2046 358979.000   34.220375014  117.143156272    36.4386   1   9   0.0065    0.0057   0.0187  -0.0023   0.0033  -0.0065   0.00    6.9
2046 358978.000   34.220371018  117.143190731    36.3993   1   9   0.0065    0.0057   0.0187  -0.0023   0.0033  -0.0065   0.00    5.7
2046 358977.000   34.220365944  117.143227841    36.3420   1   9   0.0065    0.0057   0.0187  -0.0023   0.0033  -0.0065   0.00    4.8
2046 358976.000   34.220358675  117.143266832    36.3397   1  10   0.0081    0.0065   0.0204   0.0032  -0.0040  -0.0091   0.00    3.5
2046 358975.000   34.220350323  117.143305839    36.2961   1  11   0.0065    0.0057   0.0186  -0.0023   0.0033  -0.0064   0.00   24.5
2046 358974.000   34.220342045  117.143344296    36.2736   1   9   0.0065    0.0057   0.0187  -0.0023   0.0033  -0.0065   0.00    5.4
2046 358973.000   34.220334152  117.143382522    36.2179   1   9   0.0065    0.0057   0.0187  -0.0023   0.0033  -0.0065   0.00    7.7
2046 358972.000   34.220326970  117.143419696    36.1713   1  10   0.0059    0.0056   0.0157  -0.0027   0.0043  -0.0038   0.00   10.7
2046 358971.000   34.220320186  117.143456006    36.1199   1   9   0.0065    0.0057   0.0187  -0.0023   0.0033  -0.0065   0.00   10.7
2046 358970.000   34.220313233  117.143492293    36.0878   1  11   0.0065    0.0057   0.0187  -0.0023   0.0033  -0.0065   0.00    7.2
2046 358969.000   34.220306421  117.143528487    36.0459   1  11   0.0065    0.0057   0.0186  -0.0023   0.0032  -0.0064   0.00   13.5
2046 358968.000   34.220299927  117.143564450    36.0142   1   9   0.0065    0.0057   0.0187  -0.0023   0.0033  -0.0065   0.00    5.2
2046 358967.000   34.220294001  117.143599506    35.9698   1  11   0.0054    0.0052   0.0138  -0.0015   0.0017   0.0016   0.00    8.9
2046 358966.000   34.220289179  117.143632719    35.9175   1  10   0.0057    0.0054   0.0154   0.0001  -0.0026  -0.0030   0.00   15.3
2046 358965.000   34.220285569  117.143663621    35.8914   1  12   0.0059    0.0052   0.0140  -0.0026   0.0017  -0.0036   0.00   11.6
2046 358964.000   34.220283085  117.143694641    35.8583   1  13   0.0054    0.0050   0.0129  -0.0018  -0.0023  -0.0007   0.00    6.1
2046 358963.000   34.220282091  117.143725612    35.8092   1  13   0.0054    0.0050   0.0129  -0.0018  -0.0023  -0.0007   0.00   15.2
2046 358962.000   34.220282224  117.143756337    35.8026   1  12   0.0057    0.0052   0.0143  -0.0007  -0.0039  -0.0033   0.00    5.9
2046 358961.000   34.220282445  117.143785476    35.7370   1  13   0.0054    0.0050   0.0129  -0.0018  -0.0023  -0.0007   0.00   21.8
2046 358960.000   34.220281615  117.143813685    35.6946   1  13   0.0054    0.0050   0.0129  -0.0018  -0.0023  -0.0007   0.00   18.9
2046 358959.000   34.220279507  117.143840537    35.6542   1  13   0.0054    0.0050   0.0129  -0.0018  -0.0023  -0.0007   0.00   20.6
2046 358958.000   34.220276333  117.143864014    35.6372   1  13   0.0054    0.0050   0.0129  -0.0018  -0.0023  -0.0007   0.00   19.8
2046 358957.000   34.220271574  117.143887289    35.6396   1  13   0.0054    0.0050   0.0129  -0.0018  -0.0023  -0.0006   0.00    5.7
2046 358956.000   34.220264678  117.143910633    35.6146   1  12   0.0054    0.0050   0.0129  -0.0018  -0.0023  -0.0005   0.00   21.8
2046 358955.000   34.220254337  117.143933549    35.5924   1  12   0.0054    0.0050   0.0129  -0.0018  -0.0023  -0.0005   0.00   31.6
2046 358954.000   34.220240445  117.143953349    35.5646   1  12   0.0054    0.0050   0.0129  -0.0018  -0.0023  -0.0005   0.00   22.4
2046 358953.000   34.220224435  117.143970716    35.5304   1  12   0.0054    0.0050   0.0129  -0.0018  -0.0023  -0.0005   0.00   20.5
2046 358952.000   34.220207152  117.143984336    35.4978   1  12   0.0054    0.0050   0.0129  -0.0018  -0.0023  -0.0005   0.00   16.4
2046 358951.000   34.220189578  117.143993439    35.4741   1  12   0.0054    0.0050   0.0129  -0.0018  -0.0023  -0.0004   0.00   32.7
2046 358950.000   34.220168165  117.143996562    35.4489   1  12   0.0054    0.0050   0.0129  -0.0018  -0.0023  -0.0004   0.00   31.7
2046 358949.000   34.220144857  117.143992755    35.4292   1  12   0.0054    0.0050   0.0129  -0.0018  -0.0023  -0.0004   0.00   44.6
2046 358948.000   34.220119914  117.143984244    35.4482   1  11   0.0054    0.0052   0.0139  -0.0016   0.0016   0.0016   0.00   35.7
2046 358947.000   34.220094319  117.143970438    35.5131   1  11   0.0054    0.0052   0.0139  -0.0016   0.0016   0.0016   0.00   26.8
2046 358946.000   34.220069984  117.143952440    35.5813   1  11   0.0054    0.0052   0.0139  -0.0016   0.0016   0.0016   0.00   27.8
2046 358945.000   34.220046744  117.143932399    35.6671   1  11   0.0054    0.0052   0.0139  -0.0016   0.0016   0.0016   0.00   35.4
2046 358944.000   34.220024419  117.143910715    35.7360   1  11   0.0054    0.0052   0.0139  -0.0016   0.0016   0.0016   0.00   68.9
2046 358943.000   34.220003093  117.143887481    35.8115   1  11   0.0054    0.0052   0.0139  -0.0016   0.0016   0.0016   0.00   53.9
2046 358942.000   34.219981827  117.143863975    35.8613   1  11   0.0054    0.0052   0.0139  -0.0016   0.0016   0.0017   0.00   31.0
2046 358941.000   34.219959969  117.143840323    35.9166   1  11   0.0054    0.0052   0.0139  -0.0016   0.0016   0.0017   0.00   26.9
2046 358940.000   34.219937549  117.143816683    35.9699   1  11   0.0054    0.0052   0.0139  -0.0016   0.0016   0.0017   0.00   39.4
2046 358939.000   34.219914707  117.143793067    36.0368   1  10   0.0054    0.0060   0.0157  -0.0019   0.0050   0.0006   0.00   36.5
2046 358938.000   34.219891736  117.143770240    36.1118   1  10   0.0054    0.0060   0.0157  -0.0019   0.0050   0.0006   0.00   22.4
2046 358937.000   34.219867829  117.143749821    36.1436   1  10   0.0054    0.0060   0.0157  -0.0019   0.0050   0.0006   0.00   21.9
2046 358936.000   34.219842364  117.143732010    36.1793   1  10   0.0054    0.0060   0.0157  -0.0019   0.0050   0.0006   0.00   22.6
2046 358935.000   34.219815576  117.143716833    36.2085   1  10   0.0054    0.0060   0.0157  -0.0019   0.0050   0.0006   0.00   51.9
2046 358934.000   34.219787533  117.143705252    36.2288   1  10   0.0054    0.0060   0.0157  -0.0019   0.0050   0.0006   0.00   25.2
2046 358933.000   34.219758559  117.143697290    36.2370   1  10   0.0054    0.0060   0.0157  -0.0019   0.0050   0.0006   0.00   16.7
2046 358932.000   34.219728788  117.143694500    36.2748   1   9   0.0062    0.0062   0.0177  -0.0028   0.0038   0.0050   0.00    8.3
2046 358931.000   34.219699961  117.143698665    36.2858   2   9   0.0889    0.0776   0.2173  -0.0228   0.0246   0.1010   0.00    1.6
2046 358930.000   34.219673234  117.143709317    36.3047   2   8   0.1264    0.1700   0.3520  -0.0573   0.1640   0.1202   0.00    1.3
2046 358929.000   34.219650625  117.143725126    36.2452   2   8   0.1548    0.1996   0.4290  -0.0807   0.1981   0.1349   0.00    1.7
2046 358928.000   34.219631202  117.143747380    36.2803   1   9   0.0063    0.0062   0.0177  -0.0028   0.0037   0.0050   0.00   12.2
2046 358927.000   34.219616383  117.143774247    36.2631   2   9   0.2058    0.2372   0.7549  -0.1138   0.2720  -0.0544   0.00    2.4
2046 358926.000   34.219607071  117.143804992    36.2578   2   8   0.2348    0.2474   0.7731  -0.1276   0.2634   0.1080   0.00    1.8
2046 358925.000   34.219603848  117.143835327    36.2533   2   8   0.2597    0.2569   0.7902  -0.1395   0.2549   0.1605   0.00    1.3
2046 358924.000   34.219606607  117.143865725    36.2557   2   8   0.2814    0.2657   0.8063  -0.1499   0.2462   0.1983   0.00    1.9
2046 358923.000   34.219616957  117.143895668    36.2723   1   8   0.0088    0.0074   0.0187  -0.0057  -0.0032   0.0078   0.00    8.4
2046 358922.000   34.219633438  117.143923466    36.2591   1   8   0.0088    0.0074   0.0187  -0.0057  -0.0032   0.0078   0.00    3.8
2046 358921.000   34.219653906  117.143948431    36.2467   1   9   0.0088    0.0074   0.0187  -0.0057  -0.0032   0.0078   0.00    5.9
2046 358920.000   34.219676170  117.143971299    36.2380   1   9   0.0088    0.0074   0.0186  -0.0057  -0.0031   0.0078   0.00   10.5
2046 358919.000   34.219700731  117.143991287    36.1923   1   9   0.0088    0.0074   0.0186  -0.0057  -0.0031   0.0078   0.00    7.8
2046 358918.000   34.219727244  117.144008371    36.1482   1   9   0.0088    0.0074   0.0186  -0.0057  -0.0031   0.0078   0.00    4.0
2046 358917.000   34.219754370  117.144022473    36.1112   1  10   0.0088    0.0074   0.0186  -0.0057  -0.0031   0.0078   0.00    5.9
2046 358916.000   34.219782231  117.144034646    36.0597   1  10   0.0088    0.0074   0.0186  -0.0057  -0.0032   0.0078   0.00    5.3
2046 358915.000   34.219810756  117.144045020    35.9905   1  10   0.0088    0.0070   0.0163  -0.0058  -0.0057   0.0075   0.00    8.0
2046 358914.000   34.219839268  117.144054254    35.8901   1  11   0.0084    0.0070   0.0146  -0.0059  -0.0059   0.0063   0.00    9.0
2046 358913.000   34.219867108  117.144062303    35.7914   1  10   0.0063    0.0056   0.0154  -0.0029  -0.0032   0.0049   0.00   10.9
2046 358912.000   34.219894496  117.144068748    35.6947   1  10   0.0063    0.0056   0.0154  -0.0029  -0.0032   0.0049   0.00   12.7
2046 358911.000   34.219922419  117.144073747    35.6231   1  11   0.0062    0.0054   0.0141  -0.0031  -0.0042   0.0041   0.00   23.6
2046 358910.000   34.219950774  117.144076400    35.5655   1  10   0.0063    0.0056   0.0154  -0.0029  -0.0032   0.0049   0.00   17.8
2046 358909.000   34.219978289  117.144075622    35.5211   1  11   0.0054    0.0052   0.0139  -0.0016   0.0015   0.0018   0.00    5.7
2046 358908.000   34.220005616  117.144070608    35.4569   1  12   0.0054    0.0050   0.0129  -0.0018  -0.0024   0.0006   0.00    9.7
2046 358907.000   34.220032695  117.144061761    35.4345   1  12   0.0054    0.0050   0.0129  -0.0018  -0.0024   0.0006   0.00    7.0
2046 358906.000   34.220059037  117.144050210    35.4226   1  12   0.0054    0.0050   0.0129  -0.0018  -0.0024   0.0006   0.00    7.2
2046 358905.000   34.220084458  117.144036598    35.3984   1  12   0.0054    0.0050   0.0129  -0.0019  -0.0024   0.0006   0.00    8.8
2046 358904.000   34.220110052  117.144023876    35.3984   1  12   0.0054    0.0050   0.0129  -0.0019  -0.0024   0.0006   0.00   12.5
2046 358903.000   34.220134344  117.144013087    35.4043   1  12   0.0054    0.0050   0.0129  -0.0019  -0.0024   0.0006   0.00   30.5
2046 358902.000   34.220159322  117.144000925    35.4377   1  12   0.0054    0.0050   0.0129  -0.0018  -0.0024   0.0006   0.00   25.2
2046 358901.000   34.220184426  117.143987436    35.4785   1  12   0.0054    0.0050   0.0129  -0.0019  -0.0024   0.0006   0.00   24.6
2046 358900.000   34.220209101  117.143973300    35.5166   1  13   0.0054    0.0050   0.0129  -0.0019  -0.0024   0.0007   0.00   31.2
2046 358899.000   34.220232891  117.143959682    35.5573   1  13   0.0054    0.0050   0.0129  -0.0018  -0.0024   0.0005   0.00   22.0
2046 358898.000   34.220256600  117.143947969    35.5707   1  13   0.0054    0.0050   0.0129  -0.0019  -0.0024   0.0005   0.00   13.6
2046 358897.000   34.220281994  117.143939800    35.6210   1  13   0.0054    0.0050   0.0129  -0.0018  -0.0024   0.0005   0.00   25.9
2046 358896.000   34.220308581  117.143937005    35.6297   1  11   0.0061    0.0060   0.0160  -0.0034   0.0051  -0.0050   0.00   21.5
2046 358895.000   34.220335826  117.143938453    35.6312   1  11   0.0061    0.0060   0.0160  -0.0034   0.0051  -0.0050   0.00   32.1
2046 358894.000   34.220363261  117.143942094    35.6509   1  11   0.0061    0.0060   0.0160  -0.0034   0.0051  -0.0050   0.00   32.9
2046 358893.000   34.220390088  117.143946253    35.6524   1  11   0.0061    0.0060   0.0160  -0.0034   0.0051  -0.0050   0.00   16.3
2046 358892.000   34.220418200  117.143950712    35.6464   1  11   0.0061    0.0060   0.0160  -0.0034   0.0051  -0.0050   0.00   10.2
2046 358891.000   34.220446521  117.143955046    35.6482   1  13   0.0054    0.0050   0.0129  -0.0018  -0.0024   0.0006   0.00    4.5
2046 358890.000   34.220475126  117.143958543    35.5905   1  10   0.0063    0.0078   0.0216  -0.0043   0.0099  -0.0067   0.00   33.6
2046 358889.000   34.220504182  117.143961764    35.5944   1  12   0.0054    0.0052   0.0139  -0.0016   0.0015   0.0018   0.00    7.0
2046 358888.000   34.220533542  117.143965374    35.5699   1  11   0.0055    0.0060   0.0157  -0.0019   0.0050   0.0007   0.00   21.1
2046 358887.000   34.220562708  117.143969591    35.5772   1  12   0.0054    0.0052   0.0139  -0.0016   0.0015   0.0018   0.00   11.8
2046 358886.000   34.220592403  117.143973904    35.5542   1  12   0.0054    0.0052   0.0139  -0.0016   0.0015   0.0018   0.00   32.2
2046 358885.000   34.220622664  117.143979184    35.5404   1  13   0.0054    0.0050   0.0129  -0.0019  -0.0024   0.0007   0.00   48.9
2046 358884.000   34.220652840  117.143986027    35.5324   1  11   0.0059    0.0052   0.0140  -0.0026   0.0014  -0.0034   0.00   57.0
2046 358883.000   34.220682550  117.143995199    35.5225   1  11   0.0059    0.0052   0.0140  -0.0026   0.0014  -0.0034   0.00   36.1
2046 358882.000   34.220711528  117.144007302    35.5149   1  11   0.0059    0.0052   0.0140  -0.0026   0.0014  -0.0034   0.00   31.6
2046 358881.000   34.220739726  117.144021585    35.5248   1  12   0.0059    0.0052   0.0140  -0.0026   0.0014  -0.0034   0.00   45.7
2046 358880.000   34.220764902  117.144037454    35.5333   1  13   0.0054    0.0050   0.0129  -0.0018  -0.0024   0.0007   0.00   43.2
2046 358879.000   34.220786753  117.144056167    35.5041   1  13   0.0054    0.0050   0.0129  -0.0019  -0.0024   0.0007   0.00   48.1
2046 358878.000   34.220805127  117.144078443    35.4877   1  13   0.0054    0.0050   0.0129  -0.0019  -0.0024   0.0007   0.00   69.5
2046 358877.000   34.220818885  117.144104336    35.4850   1  13   0.0054    0.0050   0.0129  -0.0018  -0.0024   0.0007   0.00   32.2
2046 358876.000   34.220827921  117.144132369    35.4764   1  13   0.0054    0.0050   0.0129  -0.0019  -0.0024   0.0007   0.00   17.1
2046 358875.000   34.220828381  117.144164129    35.4606   1  13   0.0054    0.0050   0.0129  -0.0019  -0.0025   0.0007   0.00   29.3
2046 358874.000   34.220817353  117.144191742    35.4660   1  13   0.0054    0.0050   0.0129  -0.0019  -0.0025   0.0008   0.00   49.5
2046 358873.000   34.220794297  117.144209236    35.4862   1  13   0.0054    0.0050   0.0129  -0.0019  -0.0025   0.0008   0.00   57.2
2046 358872.000   34.220766031  117.144213596    35.5136   1  13   0.0054    0.0050   0.0129  -0.0019  -0.0025   0.0008   0.00   51.5
2046 358871.000   34.220737102  117.144209980    35.5266   1  13   0.0054    0.0050   0.0129  -0.0019  -0.0025   0.0008   0.00   67.7
2046 358870.000   34.220707599  117.144203474    35.5422   1  13   0.0054    0.0050   0.0129  -0.0019  -0.0025   0.0008   0.00   44.1
2046 358869.000   34.220677259  117.144195046    35.5887   1  13   0.0054    0.0050   0.0129  -0.0019  -0.0025   0.0008   0.00   43.5
2046 358868.000   34.220646656  117.144185608    35.6051   1  13   0.0054    0.0050   0.0129  -0.0019  -0.0025   0.0008   0.00   55.8
2046 358867.000   34.220615356  117.144176655    35.6159   1  13   0.0054    0.0050   0.0129  -0.0019  -0.0025   0.0008   0.00  148.9
2046 358866.000   34.220583103  117.144168335    35.6198   1  12   0.0062    0.0054   0.0141  -0.0032  -0.0043   0.0042   0.00   99.3
2046 358865.000   34.220551609  117.144160097    35.6071   1  12   0.0062    0.0054   0.0141  -0.0032  -0.0043   0.0042   0.00  172.8
2046 358864.000   34.220520208  117.144151137    35.5721   1  12   0.0062    0.0054   0.0141  -0.0032  -0.0043   0.0042   0.00   83.7
2046 358863.000   34.220488120  117.144141691    35.5831   1  13   0.0054    0.0050   0.0129  -0.0019  -0.0025   0.0008   0.00    4.2
2046 358862.000   34.220455435  117.144132497    35.5936   1  13   0.0054    0.0050   0.0129  -0.0019  -0.0025   0.0008   0.00  182.8
2046 358861.000   34.220421590  117.144124369    35.5965   1  13   0.0054    0.0050   0.0129  -0.0019  -0.0025   0.0009   0.00   31.9
2046 358860.000   34.220388755  117.144117233    35.5636   1  11   0.0057    0.0052   0.0144  -0.0008  -0.0041  -0.0031   0.00   98.0
2046 358859.000   34.220357467  117.144110187    35.5455   1  11   0.0057    0.0052   0.0144  -0.0008  -0.0041  -0.0031   0.00  116.3
2046 358858.000   34.220327909  117.144105684    35.5277   1  11   0.0057    0.0052   0.0144  -0.0008  -0.0041  -0.0031   0.00   59.5
2046 358857.000   34.220300747  117.144106381    35.4955   1  12   0.0057    0.0052   0.0144  -0.0008  -0.0041  -0.0031   0.00   38.9
2046 358856.000   34.220274159  117.144113583    35.4465   1  11   0.0057    0.0052   0.0144  -0.0008  -0.0041  -0.0031   0.00   94.9
2046 358855.000   34.220247623  117.144126153    35.3737   1  11   0.0057    0.0052   0.0144  -0.0008  -0.0041  -0.0031   0.00   64.7
2046 358854.000   34.220224920  117.144143291    35.2757   1  11   0.0057    0.0052   0.0144  -0.0008  -0.0041  -0.0031   0.00   24.2
2046 358853.000   34.220205346  117.144166226    35.2326   1  11   0.0057    0.0052   0.0144  -0.0008  -0.0041  -0.0031   0.00   63.6
2046 358852.000   34.220190537  117.144194543    35.1854   1  11   0.0057    0.0052   0.0144  -0.0008  -0.0041  -0.0031   0.00   44.1
2046 358851.000   34.220178754  117.144228402    35.1561   1  11   0.0057    0.0052   0.0144  -0.0008  -0.0041  -0.0031   0.00   37.2
2046 358850.000   34.220167429  117.144263803    35.1104   1  11   0.0057    0.0052   0.0144  -0.0008  -0.0041  -0.0031   0.00   42.2
2046 358849.000   34.220155933  117.144299198    35.0656   1  11   0.0063    0.0059   0.0162  -0.0028  -0.0061   0.0032   0.00   31.0
2046 358848.000   34.220144692  117.144335728    35.0366   1  11   0.0063    0.0059   0.0162  -0.0028  -0.0061   0.0031   0.00   12.5
2046 358847.000   34.220134333  117.144373013    34.9637   1   9   0.0065    0.0057   0.0187  -0.0022   0.0028  -0.0063   0.00   12.9
2046 358846.000   34.220124989  117.144410133    34.9191   1   9   0.0065    0.0057   0.0187  -0.0022   0.0028  -0.0063   0.00   26.5
2046 358845.000   34.220116637  117.144447142    34.8420   1   9   0.0065    0.0057   0.0187  -0.0022   0.0028  -0.0063   0.00   11.3
2046 358844.000   34.220109007  117.144484097    34.7799   1   9   0.0065    0.0057   0.0187  -0.0022   0.0028  -0.0063   0.00    6.4
2046 358843.000   34.220101502  117.144522533    34.7344   1  10   0.0069    0.0061   0.0215  -0.0032  -0.0040  -0.0037   0.00    6.9
2046 358842.000   34.220093261  117.144562533    34.7042   1   8   0.0078    0.0081   0.0401  -0.0054   0.0128  -0.0117   0.00    9.1
2046 358841.000   34.220085204  117.144601864    34.6898   1   8   0.0078    0.0082   0.0408  -0.0055   0.0132  -0.0119   0.00   76.1
2046 358840.000   34.220077792  117.144640532    34.6242   1   9   0.0073    0.0064   0.0218  -0.0039  -0.0013  -0.0063   0.00   11.6
2046 358839.000   34.220070703  117.144679182    34.5407   1   7   0.0078    0.0082   0.0408  -0.0055   0.0132  -0.0119   0.00    6.0
2046 358838.000   34.220064017  117.144717377    34.5031   1   8   0.0073    0.0064   0.0218  -0.0039  -0.0014  -0.0063   0.00    5.5
2046 358837.000   34.220056996  117.144756199    34.4015   1   8   0.0073    0.0064   0.0218  -0.0039  -0.0014  -0.0063   0.00    7.5
2046 358836.000   34.220049591  117.144795715    34.3685   1   7   0.0078    0.0082   0.0408  -0.0055   0.0131  -0.0119   0.00    5.6
2046 358835.000   34.220042614  117.144835260    34.3058   1   7   0.0078    0.0082   0.0408  -0.0055   0.0131  -0.0118   0.00    4.7
2046 358834.000   34.220035968  117.144874255    34.2435   1   7   0.0078    0.0082   0.0408  -0.0055   0.0131  -0.0118   0.00   11.0
2046 358833.000   34.220029181  117.144913196    34.2096   1   8   0.0068    0.0078   0.0240  -0.0045   0.0093  -0.0038   0.00   17.3
2046 358832.000   34.220022131  117.144952065    34.1132   1   9   0.0063    0.0077   0.0216  -0.0043   0.0098  -0.0066   0.00   10.7
2046 358831.000   34.220014962  117.144990574    34.0704   1   9   0.0069    0.0060   0.0197  -0.0032   0.0045  -0.0078   0.00    7.0
2046 358830.000   34.220008328  117.145028837    34.0243   1   9   0.0068    0.0063   0.0171  -0.0043   0.0034  -0.0024   0.00   17.2
2046 358829.000   34.220001809  117.145066444    33.9801   1   8   0.0073    0.0064   0.0218  -0.0039  -0.0016  -0.0063   0.00    9.0
2046 358828.000   34.219995642  117.145102906    33.8949   1   8   0.0073    0.0064   0.0218  -0.0039  -0.0016  -0.0063   0.00   12.1
2046 358827.000   34.219989088  117.145140370    33.7936   1   8   0.0073    0.0064   0.0218  -0.0039  -0.0016  -0.0063   0.00    8.9
2046 358826.000   34.219982132  117.145179859    33.7917   1   9   0.0063    0.0062   0.0175  -0.0030  -0.0052   0.0026   0.00   13.0
2046 358825.000   34.219975068  117.145219722    33.7073   1   9   0.0069    0.0060   0.0197  -0.0032   0.0044  -0.0078   0.00   13.4
2046 358824.000   34.219967551  117.145259736    33.6523   1   7   0.0078    0.0082   0.0407  -0.0055   0.0130  -0.0118   0.00    9.5
2046 358823.000   34.219959942  117.145300158    33.5851   1   8   0.0068    0.0078   0.0240  -0.0045   0.0093  -0.0038   0.00    6.9
2046 358822.000   34.219952269  117.145340658    33.5269   1   7   0.0078    0.0081   0.0407  -0.0055   0.0130  -0.0118   0.00   11.3
2046 358821.000   34.219944407  117.145381072    33.4587   1   7   0.0078    0.0081   0.0407  -0.0055   0.0130  -0.0118   0.00    6.1
2046 358820.000   34.219936637  117.145420594    33.4216   1   8   0.0078    0.0081   0.0311  -0.0055   0.0123  -0.0121   0.00    3.8
2046 358819.000   34.219928444  117.145459729    33.3557   1   9   0.0058    0.0061   0.0179  -0.0015   0.0041  -0.0037   0.00    7.8
2046 358818.000   34.219918698  117.145499021    33.3338   1   9   0.0058    0.0061   0.0179  -0.0015   0.0041  -0.0037   0.00   83.7
2046 358817.000   34.219907840  117.145537737    33.2653   1   8   0.0078    0.0081   0.0311  -0.0055   0.0123  -0.0121   0.00    4.1
2046 358816.000   34.219895850  117.145575965    33.1986   1   9   0.0078    0.0081   0.0311  -0.0055   0.0123  -0.0121   0.00   40.3
2046 358815.000   34.219882595  117.145613855    33.1028   1   8   0.0078    0.0081   0.0311  -0.0055   0.0123  -0.0121   0.00    8.5
2046 358814.000   34.219867434  117.145651274    33.0922   1   9   0.0058    0.0061   0.0179  -0.0015   0.0041  -0.0037   0.00    3.6
2046 358813.000   34.219850899  117.145687498    33.0642   1  10   0.0055    0.0060   0.0158  -0.0020   0.0050   0.0012   0.00    3.9
2046 358812.000   34.219833756  117.145722035    32.9326   1   8   0.0078    0.0081   0.0311  -0.0055   0.0123  -0.0121   0.00    8.9
2046 358811.000   34.219815527  117.145754408    32.9527   2  10   0.1151    0.1230   0.4446  -0.0783   0.1822  -0.1785   0.00    1.0
2046 358810.000   34.219796579  117.145785742    32.8374   1   9   0.0078    0.0081   0.0309  -0.0054   0.0122  -0.0120   0.00   10.3
2046 358809.000   34.219773915  117.145816359    32.8554   2  10   0.1496    0.1623   0.5089  -0.0598   0.1725  -0.1672   0.00    1.3
2046 358808.000   34.219749890  117.145845530    32.7639   1   9   0.0078    0.0081   0.0309  -0.0054   0.0122  -0.0120   0.00    3.2
2046 358807.000   34.219726487  117.145871636    32.7274   1  10   0.0058    0.0061   0.0180  -0.0015   0.0040  -0.0037   0.00    6.8
2046 358806.000   34.219701256  117.145899517    32.7033   1   9   0.0064    0.0070   0.0182   0.0027   0.0052  -0.0021   0.00    4.4
2046 358805.000   34.219674775  117.145927054    32.6825   1   8   0.0064    0.0070   0.0182   0.0028   0.0052  -0.0021   0.00    6.2
2046 358804.000   34.219646221  117.145953096    32.6533   1   9   0.0064    0.0070   0.0182   0.0028   0.0052  -0.0021   0.00    6.2
2046 358803.000   34.219614917  117.145977884    32.6114   2   9   0.2277    0.2548   0.6452   0.0996   0.1777  -0.1080   0.00    1.8
2046 358802.000   34.219584901  117.145999846    32.6378   1   7   0.0101    0.0113   0.0183   0.0087   0.0032  -0.0044   0.00    3.5
2046 358801.000   34.219554612  117.146018390    32.6268   1  11   0.0055    0.0060   0.0158  -0.0020   0.0049   0.0013   0.00    3.0
2046 358800.000   34.219523930  117.146035678    32.6275   1  11   0.0055    0.0060   0.0158  -0.0020   0.0049   0.0012   0.00    5.6
2046 358799.000   34.219492504  117.146051835    32.6040   1  11   0.0055    0.0060   0.0158  -0.0020   0.0049   0.0012   0.00    9.7
2046 358798.000   34.219459700  117.146067701    32.5557   2  12   0.2798    0.3229   0.6870   0.1723   0.2009  -0.0636   0.00    2.2
2046 358797.000   34.219428865  117.146083248    32.5616   1  12   0.0055    0.0060   0.0158  -0.0020   0.0049   0.0012   0.00    9.9
2046 358796.000   34.219393398  117.146098806    32.5163   2  11   0.2792    0.3248   0.6872   0.1623   0.1970  -0.0983   0.00    1.2
2046 358795.000   34.219359319  117.146111921    32.5515   2  10   0.2812    0.3276   0.6952   0.1597   0.1879  -0.1117   0.00    1.3
2046 358794.000   34.219326599  117.146122399    32.4983   1  10   0.0058    0.0061   0.0179  -0.0015   0.0040  -0.0037   0.00    4.4
2046 358793.000   34.219289633  117.146130866    32.5795   2  11   0.2831    0.3315   0.7037   0.1522   0.1760  -0.1286   0.00    2.4
2046 358792.000   34.219253338  117.146135398    32.5954   2   9   0.2847    0.3349   0.7090   0.1465   0.1665  -0.1319   0.00    1.3
2046 358791.000   34.219215541  117.146136902    32.6381   2   9   0.2986    0.3433   0.7339   0.1215   0.1879  -0.1807   0.00    1.1
2046 358790.000   34.219178119  117.146134528    32.4673   1   9   0.0073    0.0064   0.0218  -0.0040  -0.0021  -0.0062   0.00    5.1
2046 358789.000   34.219135855  117.146133446    32.5458   2  10   0.3205    0.3506   0.7652   0.0704   0.1942  -0.2429   0.00    2.2
2046 358788.000   34.219095694  117.146131738    32.5226   2  12   0.3257    0.3494   0.7694   0.0503   0.1960  -0.2601   0.00    1.1
2046 358787.000   34.219054820  117.146130364    32.5798   2   9   0.3436    0.3548   0.7935   0.0195   0.2080  -0.3022   0.00    1.1
2046 358786.000   34.219017708  117.146127905    32.4268   1  10   0.0078    0.0081   0.0309  -0.0054   0.0121  -0.0120   0.00    3.4
2046 358785.000   34.218977287  117.146126649    32.4100   1  11   0.0063    0.0077   0.0215  -0.0043   0.0097  -0.0065   0.00    4.7
2046 358784.000   34.218936397  117.146124883    32.4001   1  10   0.0063    0.0077   0.0215  -0.0043   0.0096  -0.0065   0.00    4.4
2046 358783.000   34.218895491  117.146121845    32.3990   1  10   0.0063    0.0077   0.0215  -0.0043   0.0096  -0.0065   0.00    4.2
2046 358782.000   34.218854848  117.146117526    32.3991   1  11   0.0063    0.0077   0.0215  -0.0043   0.0096  -0.0065   0.00    3.9
2046 358781.000   34.218811295  117.146114764    32.4544   2  11   0.3525    0.3810   0.8289  -0.1433   0.2956  -0.3395   0.00    1.0
2046 358780.000   34.218771698  117.146109738    32.4713   2  10   0.3514    0.3880   0.8391  -0.1534   0.3172  -0.3422   0.00    2.4
2046 358779.000   34.218733995  117.146105790    32.4499   2  10   0.3604    0.3957   0.8777  -0.1708   0.3465  -0.3722   0.00    2.5
2046 358778.000   34.218698543  117.146104443    32.4231   2  10   0.3666    0.3990   0.8908  -0.1796   0.3570  -0.3879   0.00    1.3
2046 358777.000   34.218664160  117.146104054    32.3810   2  11   0.3711    0.4020   0.9006  -0.1878   0.3666  -0.3998   0.00    1.1
2046 358776.000   34.218629786  117.146103418    32.3407   2  10   0.3766    0.4052   0.9138  -0.1955   0.3736  -0.4112   0.00    1.2
2046 358775.000   34.218595733  117.146102226    32.3272   2  10   0.3813    0.4078   0.9237  -0.2018   0.3816  -0.4228   0.00    1.2
2046 358774.000   34.218562951  117.146100193    32.3077   2  10   0.3855    0.4103   0.9327  -0.2075   0.3890  -0.4332   0.00    1.2
2046 358773.000   34.218530943  117.146097785    32.2836   2  11   0.3880    0.4126   0.9388  -0.2128   0.3960  -0.4402   0.00    1.1
2046 358772.000   34.218498455  117.146095272    32.2819   2  10   0.3855    0.4152   0.9379  -0.2177   0.3998  -0.4349   0.00    2.7
2046 358771.000   34.218465847  117.146092631    32.2873   2   9   0.3900    0.4175   0.9497  -0.2228   0.4041  -0.4427   0.00    2.7
2046 358770.000   34.218433485  117.146089681    32.2949   2   9   0.3967    0.4198   0.9674  -0.2275   0.4082  -0.4556   0.00    2.2
2046 358769.000   34.218401515  117.146086070    32.3099   2   9   0.4000    0.4218   0.9763  -0.2316   0.4118  -0.4610   0.00    2.8
2046 358768.000   34.218369606  117.146081939    32.2447   2  11   0.4013    0.4237   0.9799  -0.2351   0.4157  -0.4643   0.00    1.2
2046 358767.000   34.218337573  117.146077501    32.2050   2  12   0.3962    0.4194   0.9629  -0.2329   0.4058  -0.4530   0.00    1.6
2046 358766.000   34.218305658  117.146072857    32.1925   2  11   0.3914    0.4169   0.9497  -0.2317   0.4012  -0.4451   0.00    1.5
2046 358765.000   34.218273521  117.146067394    32.2124   2  12   0.3866    0.4131   0.9352  -0.2294   0.3941  -0.4366   0.00    1.1
2046 358764.000   34.218245382  117.146057947    32.3055   1  10   0.0069    0.0060   0.0196  -0.0032   0.0042  -0.0077   0.00    4.3
2046 358763.000   34.218210149  117.146053699    32.1466   2  12   0.3896    0.3965   0.9299  -0.2107   0.3514  -0.4328   0.00    1.1
2046 358762.000   34.218182348  117.146042966    32.3004   1  11   0.0069    0.0059   0.0196  -0.0032   0.0042  -0.0076   0.00    4.6
2046 358761.000   34.218147328  117.146038246    32.1619   2  13   0.3821    0.3789   0.8952  -0.1883   0.3099  -0.4138   0.00    1.0
2046 358760.000   34.218120063  117.146026392    32.3017   1  12   0.0069    0.0059   0.0196  -0.0032   0.0042  -0.0076   0.00    4.0
2046 358759.000   34.218088975  117.146016977    32.3020   1  12   0.0064    0.0053   0.0164  -0.0018  -0.0033  -0.0056   0.00    5.5
2046 358758.000   34.218056851  117.146007223    32.2991   1  11   0.0064    0.0053   0.0164  -0.0018  -0.0033  -0.0056   0.00    3.0
2046 358757.000   34.218022453  117.146001175    32.2997   2  11   0.3665    0.3588   0.8613  -0.1737   0.2697  -0.3584   0.00    1.9
2046 358756.000   34.217993844  117.145988446    32.2845   1  10   0.0064    0.0056   0.0187  -0.0021   0.0024  -0.0061   0.00    4.5
2046 358755.000   34.217960842  117.145978698    32.2991   1  11   0.0059    0.0051   0.0141  -0.0026   0.0005  -0.0031   0.00    4.6
2046 358754.000   34.217927024  117.145967656    32.3164   1  11   0.0059    0.0051   0.0141  -0.0026   0.0005  -0.0031   0.00    8.2
2046 358753.000   34.217889456  117.145958984    32.4924   2  10   0.3596    0.3413   0.8408  -0.1664   0.2266  -0.3080   0.00    1.6
2046 358752.000   34.217858792  117.145943501    32.3363   1  10   0.0059    0.0056   0.0157  -0.0026   0.0039  -0.0032   0.00    8.0
2046 358751.000   34.217823323  117.145934558    32.5677   2  10   0.3575    0.3430   0.8498  -0.1654   0.2345  -0.2869   0.00    2.5
2046 358750.000   34.217793583  117.145917841    32.3729   1  10   0.0059    0.0056   0.0157  -0.0026   0.0039  -0.0032   0.00    7.5
2046 358749.000   34.217759970  117.145903398    32.3822   1  11   0.0055    0.0052   0.0140  -0.0017   0.0011   0.0023   0.00    5.4
2046 358748.000   34.217723268  117.145891154    32.7452   2   9   0.3547    0.3341   0.8430  -0.1546   0.1999  -0.2231   0.00    1.3
2046 358747.000   34.217692701  117.145871392    32.4717   1  11   0.0063    0.0055   0.0143  -0.0033  -0.0045   0.0045   0.00    4.3
2046 358746.000   34.217657388  117.145858208    33.0346   2   7   0.3646    0.3405   0.9989  -0.1647   0.2382  -0.2395   0.00    1.1
2046 358745.000   34.217625526  117.145840715    33.0560   2   7   0.3699    0.3486   1.1154  -0.1725   0.2764  -0.2666   0.00    0.0
2046 358744.000   34.217594248  117.145822592    33.0804   2   7   0.3745    0.3554   1.2049  -0.1785   0.3037  -0.2853   0.00    0.0
2046 358743.000   34.217562814  117.145804097    33.0204   2   7   0.3789    0.3646   1.2887  -0.1862   0.3379  -0.3053   0.00    0.0
2046 358742.000   34.217531302  117.145785112    33.1401   2   7   0.3836    0.3695   1.3424  -0.1912   0.3452  -0.3056   0.00    0.0
2046 358741.000   34.217499591  117.145766334    33.2143   2  10   0.3848    0.3717   1.3627  -0.1919   0.3478  -0.3026   0.00    0.0
2046 358740.000   34.217468570  117.145746234    33.0769   2   9   0.3805    0.3771   1.3259  -0.1902   0.3544  -0.2838   0.00    0.0
2046 358739.000   34.217437223  117.145726086    33.0933   2   9   0.3790    0.3851   1.3131  -0.1941   0.3754  -0.2841   0.00    0.0
2046 358738.000   34.217405729  117.145706283    33.2098   2   9   0.3775    0.3888   1.2843  -0.1964   0.3791  -0.2809   0.00    0.0
2046 358737.000   34.217374190  117.145685722    33.2674   2   9   0.3762    0.3959   1.2760  -0.1998   0.3970  -0.2816   0.00    0.0
2046 358736.000   34.217342847  117.145663514    33.2956   2   9   0.3751    0.4025   1.2689  -0.2029   0.4130  -0.2824   0.00    0.0
2046 358735.000   34.217311744  117.145640711    33.3035   2   9   0.3741    0.4086   1.2628  -0.2059   0.4273  -0.2831   0.00    0.0
2046 358734.000   34.217280245  117.145617641    33.2917   2   9   0.3774    0.4086   1.2359  -0.2095   0.4170  -0.2687   0.00    0.0
2046 358733.000   34.217248247  117.145595519    33.3223   2   9   0.3804    0.4047   1.2069  -0.2142   0.3995  -0.2586   0.00    0.0
2046 358732.000   34.217217327  117.145574031    33.2843   2   9   0.3820    0.4005   1.1744  -0.2128   0.3790  -0.2347   0.00    0.0
2046 358731.000   34.217186829  117.145552368    33.2579   2  10   0.3836    0.3907   1.1369  -0.2108   0.3466  -0.2106   0.00    0.0
2046 358730.000   34.217157212  117.145528776    33.2548   2  11   0.3841    0.3828   1.1054  -0.2100   0.3204  -0.1948   0.00    0.0
2046 358729.000   34.217129734  117.145503823    33.2690   2   8   0.3864    0.3877   1.1028  -0.2138   0.3295  -0.1869   0.00    0.0
2046 358728.000   34.217104357  117.145476146    33.1603   1   8   0.0069    0.0077   0.0238  -0.0045   0.0090  -0.0032   0.00    3.1
2046 358727.000   34.217077705  117.145449930    33.2078   1  10   0.0061    0.0059   0.0160  -0.0034   0.0047  -0.0046   0.00    6.7
2046 358726.000   34.217050761  117.145423689    33.2427   1  11   0.0061    0.0059   0.0160  -0.0034   0.0047  -0.0046   0.00    5.3
2046 358725.000   34.217022553  117.145398663    33.3898   2  11   0.3826    0.3739   1.0325  -0.2076   0.2869  -0.1517   0.00    2.1
2046 358724.000   34.216996404  117.145371473    33.3150   1  11   0.0059    0.0051   0.0141  -0.0026  -0.0004  -0.0030   0.00   10.9
2046 358723.000   34.216968938  117.145346412    33.3570   1  11   0.0059    0.0051   0.0141  -0.0026  -0.0003  -0.0030   0.00    8.0
2046 358722.000   34.216941158  117.145321922    33.3957   1  11   0.0059    0.0051   0.0141  -0.0026  -0.0004  -0.0030   0.00    3.9
2046 358721.000   34.216913519  117.145297216    33.4135   1  11   0.0059    0.0051   0.0141  -0.0026  -0.0004  -0.0030   0.00   13.1
2046 358720.000   34.216885784  117.145273350    33.6766   2  10   0.3702    0.3452   0.9514  -0.1893   0.2142  -0.1278   0.00    1.2
2046 358719.000   34.216859673  117.145247035    33.5289   1   9   0.0071    0.0067   0.0163  -0.0048   0.0056  -0.0057   0.00    4.3
2046 358718.000   34.216833091  117.145222117    33.5753   1  10   0.0071    0.0067   0.0163  -0.0048   0.0056  -0.0057   0.00    3.0
2046 358717.000   34.216806711  117.145197288    33.5942   1  10   0.0069    0.0063   0.0171  -0.0043   0.0029  -0.0015   0.00    5.5
2046 358716.000   34.216780505  117.145172654    33.6326   1   9   0.0069    0.0063   0.0171  -0.0043   0.0029  -0.0015   0.00    3.7
2046 358715.000   34.216754244  117.145148126    33.6650   1   9   0.0069    0.0063   0.0171  -0.0043   0.0029  -0.0015   0.00    7.0
2046 358714.000   34.216727877  117.145123565    33.6980   1   9   0.0069    0.0063   0.0171  -0.0043   0.0029  -0.0015   0.00    4.3
2046 358713.000   34.216701447  117.145098878    33.7294   1  10   0.0069    0.0063   0.0171  -0.0043   0.0029  -0.0015   0.00    5.3
2046 358712.000   34.216674841  117.145074162    33.7827   1  11   0.0069    0.0063   0.0171  -0.0043   0.0028  -0.0014   0.00    4.4
2046 358711.000   34.216648226  117.145049351    33.8369   1  12   0.0069    0.0063   0.0170  -0.0043   0.0028  -0.0015   0.00    3.9
2046 358710.000   34.216621696  117.145024168    33.8774   1  10   0.0064    0.0063   0.0179  -0.0031   0.0032   0.0054   0.00    3.2
2046 358709.000   34.216595359  117.144998528    33.8992   1   9   0.0069    0.0063   0.0171  -0.0043   0.0029  -0.0014   0.00    3.4
2046 358708.000   34.216568719  117.144972701    33.9555   1   8   0.0069    0.0077   0.0238  -0.0046   0.0089  -0.0031   0.00    3.5
2046 358707.000   34.216540610  117.144948650    34.3595   2   8   0.3813    0.3631   0.9214  -0.2098   0.2257   0.0867   0.00    1.4
2046 358706.000   34.216513189  117.144921523    34.0217   1   9   0.0062    0.0076   0.0214  -0.0042   0.0095  -0.0063   0.00    3.5
2046 358705.000   34.216484344  117.144895753    34.0588   1  10   0.0061    0.0059   0.0160  -0.0034   0.0047  -0.0046   0.00    7.0
2046 358704.000   34.216455158  117.144869839    34.0832   1   9   0.0069    0.0063   0.0171  -0.0043   0.0028  -0.0014   0.00    5.8
2046 358703.000   34.216425153  117.144845684    34.2538   2   9   0.3971    0.3759   0.9199  -0.2343   0.2409   0.0422   0.00    2.9
2046 358702.000   34.216399106  117.144821348    34.2640   2  11   0.4055    0.3742   0.9112  -0.2419   0.2208   0.0750   0.00    2.3
2046 358701.000   34.216372912  117.144798119    34.0664   2  12   0.3976    0.3664   0.8947  -0.2327   0.2138  -0.0224   0.00    1.2
2046 358700.000   34.216348466  117.144772284    34.1898   1  11   0.0073    0.0051   0.0142  -0.0029   0.0006  -0.0042   0.00    4.1
2046 358699.000   34.216318947  117.144748835    33.9619   2  13   0.3844    0.3514   0.8682  -0.2152   0.1856  -0.0348   0.00    1.3
2046 358698.000   34.216292184  117.144724485    33.9068   2  12   0.3769    0.3445   0.8516  -0.2058   0.1754  -0.0621   0.00    2.7
2046 358697.000   34.216266442  117.144700891    33.8207   2  11   0.3718    0.3407   0.8413  -0.1996   0.1762  -0.0935   0.00    1.8
2046 358696.000   34.216240850  117.144678437    33.7912   2  10   0.3665    0.3452   0.8380  -0.1964   0.1975  -0.1166   0.00    1.1
2046 358695.000   34.216216605  117.144657940    33.7843   2  10   0.3621    0.3512   0.8383  -0.1951   0.2211  -0.1380   0.00    1.6
2046 358694.000   34.216193370  117.144638086    33.6728   2  11   0.3599    0.3549   0.8452  -0.1938   0.2397  -0.1501   0.00    1.3
2046 358693.000   34.216169283  117.144617054    33.6164   2  12   0.3567    0.3498   0.8346  -0.1896   0.2329  -0.1604   0.00    1.3
2046 358692.000   34.216144517  117.144594247    33.5906   2  11   0.3540    0.3460   0.8259  -0.1862   0.2288  -0.1703   0.00    1.2
2046 358691.000   34.216119306  117.144569464    33.6158   2  11   0.3538    0.3423   0.8240  -0.1849   0.2184  -0.1650   0.00    1.7
2046 358690.000   34.216092793  117.144543639    33.5630   2   9   0.3530    0.3479   0.8358  -0.1851   0.2390  -0.1699   0.00    1.3
2046 358689.000   34.216065189  117.144516816    33.6093   2  10   0.3577    0.3522   0.8514  -0.1890   0.2460  -0.1511   0.00    1.2
2046 358688.000   34.216036557  117.144489121    33.6446   2  11   0.3615    0.3499   0.8488  -0.1928   0.2301  -0.1365   0.00    1.1
2046 358687.000   34.216007093  117.144460645    33.5879   2  11   0.3594    0.3448   0.8415  -0.1892   0.2193  -0.1378   0.00    1.4
2046 358686.000   34.215977821  117.144431829    33.6395   2  10   0.3635    0.3436   0.8403  -0.1938   0.2042  -0.1220   0.00    1.1
2046 358685.000   34.215951441  117.144401907    34.4890   1  10   0.0067    0.0057   0.0152  -0.0038  -0.0038   0.0032   0.00    3.7
2046 358684.000   34.215921565  117.144373737    34.5129   1  11   0.0063    0.0055   0.0144  -0.0034  -0.0046   0.0047   0.00    5.8
2046 358683.000   34.215891851  117.144344774    34.5406   1  11   0.0063    0.0055   0.0144  -0.0034  -0.0046   0.0047   0.00    3.2
2046 358682.000   34.215861930  117.144315561    34.5679   1  12   0.0055    0.0050   0.0131  -0.0020  -0.0028   0.0018   0.00    6.4
2046 358681.000   34.215831192  117.144286896    34.5844   1  10   0.0067    0.0057   0.0152  -0.0038  -0.0038   0.0032   0.00    3.0
2046 358680.000   34.215796679  117.144259883    34.0319   2  10   0.3688    0.3269   0.8221  -0.1928   0.0194   0.1388   0.00    1.3
2046 358679.000   34.215763789  117.144231492    34.0008   2  10   0.3686    0.3247   0.8162  -0.1919  -0.0520   0.1420   0.00    1.4
2046 358678.000   34.215732385  117.144203405    33.9859   2  10   0.3696    0.3235   0.8130  -0.1930  -0.0644   0.1386   0.00    1.9
2046 358677.000   34.215702993  117.144174790    33.9041   2  11   0.3696    0.3221   0.8078  -0.1930  -0.0683   0.1294   0.00    1.0
2046 358676.000   34.215674532  117.144145271    33.8441   2  12   0.3691    0.3206   0.8032  -0.1923  -0.0705   0.1196   0.00    2.0
2046 358675.000   34.215650554  117.144112690    34.7724   1  12   0.0055    0.0050   0.0131  -0.0020  -0.0028   0.0018   0.00    4.0
2046 358674.000   34.215619506  117.144082454    33.8371   2  12   0.3598    0.3135   0.7891  -0.1799  -0.0775   0.1026   0.00    2.3
2046 358673.000   34.215591978  117.144050338    33.8217   2  11   0.3563    0.3123   0.7844  -0.1764  -0.0659   0.0858   0.00    1.1
2046 358672.000   34.215564457  117.144018538    33.8263   2  12   0.3533    0.3113   0.7791  -0.1736  -0.0359   0.0374   0.00    1.2
2046 358671.000   34.215537652  117.143986551    33.9360   2  11   0.3528    0.3097   0.7805  -0.1723  -0.0470   0.0372   0.00    1.4
2046 358670.000   34.215511224  117.143954308    34.0255   2  11   0.3665    0.3149   0.7819  -0.1892  -0.0851   0.0881   0.00    1.2
2046 358669.000   34.215487930  117.143921228    34.9719   1  10   0.0068    0.0057   0.0152  -0.0038  -0.0038   0.0033   0.00    3.8
2046 358668.000   34.215461863  117.143889755    35.0063   1  11   0.0059    0.0051   0.0141  -0.0026  -0.0009  -0.0029   0.00    5.7
2046 358667.000   34.215436667  117.143858024    35.0410   1  12   0.0059    0.0051   0.0141  -0.0026  -0.0009  -0.0028   0.00    9.9
2046 358666.000   34.215409677  117.143826713    34.3976   2  12   0.3622    0.3085   0.7822  -0.1817  -0.1264   0.1299   0.00    2.9
2046 358665.000   34.215385993  117.143793170    34.5146   2  12   0.3585    0.3060   0.7802  -0.1768  -0.1322   0.1357   0.00    2.9
2046 358664.000   34.215363298  117.143758716    34.6627   2  11   0.3576    0.3047   0.7814  -0.1752  -0.1310   0.1305   0.00    1.1
2046 358663.000   34.215343193  117.143723024    35.3243   1  11   0.0059    0.0051   0.0141  -0.0026  -0.0009  -0.0028   0.00    7.4
2046 358662.000   34.215322052  117.143688004    35.3864   1  10   0.0068    0.0057   0.0152  -0.0038  -0.0039   0.0033   0.00    8.8
2046 358661.000   34.215301359  117.143654004    35.4605   1  11   0.0064    0.0055   0.0144  -0.0034  -0.0047   0.0047   0.00    4.1
2046 358660.000   34.215281402  117.143619642    35.5166   1  11   0.0064    0.0055   0.0144  -0.0034  -0.0047   0.0047   0.00   11.0
2046 358659.000   34.215261375  117.143585486    35.5839   1  11   0.0064    0.0055   0.0144  -0.0034  -0.0047   0.0047   0.00   14.4
2046 358658.000   34.215240438  117.143552067    35.6622   1  11   0.0064    0.0055   0.0144  -0.0034  -0.0047   0.0047   0.00    8.4
2046 358657.000   34.215219023  117.143518774    35.7309   1  11   0.0064    0.0055   0.0144  -0.0034  -0.0047   0.0047   0.00    4.2
2046 358656.000   34.215197693  117.143485287    35.8042   1   9   0.0069    0.0063   0.0171  -0.0044   0.0026  -0.0007   0.00    9.4
2046 358655.000   34.215176409  117.143451622    35.8819   1   9   0.0069    0.0063   0.0171  -0.0044   0.0026  -0.0007   0.00   21.7
2046 358654.000   34.215154973  117.143418052    35.9528   1   9   0.0069    0.0063   0.0171  -0.0044   0.0026  -0.0007   0.00   12.7
2046 358653.000   34.215133426  117.143384526    36.0268   1   9   0.0069    0.0063   0.0171  -0.0044   0.0026  -0.0006   0.00   13.4
2046 358652.000   34.215111830  117.143350912    36.0868   1   9   0.0069    0.0063   0.0171  -0.0044   0.0026  -0.0006   0.00    8.4
2046 358651.000   34.215089968  117.143317104    36.1581   1  10   0.0069    0.0063   0.0171  -0.0044   0.0025  -0.0006   0.00   10.7
2046 358650.000   34.215067894  117.143283112    36.2250   1   9   0.0069    0.0063   0.0171  -0.0044   0.0025  -0.0006   0.00    8.4
2046 358649.000   34.215045544  117.143249174    36.2837   1  10   0.0061    0.0059   0.0160  -0.0034   0.0045  -0.0045   0.00    9.2
2046 358648.000   34.215023117  117.143215270    36.3672   1   9   0.0069    0.0063   0.0171  -0.0044   0.0025  -0.0005   0.00    8.5
2046 358647.000   34.215001357  117.143180194    36.3649   2   9   0.3928    0.3345   0.8314  -0.2281  -0.1521   0.1953   0.00    1.6
2046 358646.000   34.214979450  117.143147472    36.5284   1  10   0.0068    0.0057   0.0153  -0.0039  -0.0039   0.0034   0.00    3.4
2046 358645.000   34.214959806  117.143115416    36.5886   1  11   0.0068    0.0057   0.0153  -0.0039  -0.0039   0.0034   0.00   12.7
2046 358644.000   34.214940851  117.143084083    36.6641   1  10   0.0068    0.0057   0.0153  -0.0039  -0.0039   0.0034   0.00   27.0
2046 358643.000   34.214921670  117.143053074    36.7248   1  10   0.0068    0.0057   0.0153  -0.0039  -0.0039   0.0034   0.00   11.6
2046 358642.000   34.214902655  117.143020339    36.6384   2  10   0.3914    0.3274   0.8247  -0.2225  -0.1705   0.2012   0.00    2.3
2046 358641.000   34.214881556  117.142990396    36.8585   1  11   0.0059    0.0051   0.0141  -0.0026  -0.0011  -0.0028   0.00    5.2
2046 358640.000   34.214859111  117.142959818    36.9124   1   9   0.0069    0.0063   0.0171  -0.0044   0.0025  -0.0001   0.00    9.1
2046 358639.000   34.214835733  117.142929388    36.9930   1  10   0.0069    0.0063   0.0171  -0.0044   0.0025   0.0001   0.00    9.0
2046 358638.000   34.214811968  117.142898819    37.0796   1  11   0.0069    0.0063   0.0171  -0.0044   0.0025   0.0002   0.00   13.4
2046 358637.000   34.214788433  117.142867628    37.1444   1  11   0.0069    0.0063   0.0171  -0.0044   0.0025  -0.0003   0.00   12.3
2046 358636.000   34.214764647  117.142835277    36.9647   2   8   0.3847    0.3321   0.8365  -0.2145  -0.1094   0.1839   0.00    1.5
2046 358635.000   34.214739566  117.142804110    36.8767   2  11   0.3814    0.3370   0.8436  -0.2102  -0.0202   0.1779   0.00    1.3
2046 358634.000   34.214714281  117.142772870    36.9430   2  11   0.3844    0.3432   0.8586  -0.2128   0.0662   0.1950   0.00    1.1
2046 358633.000   34.214687744  117.142742684    37.0250   2  11   0.3840    0.3411   0.8537  -0.2122   0.0293   0.1965   0.00    2.4
2046 358632.000   34.214661384  117.142713712    37.5164   1  11   0.0059    0.0051   0.0141  -0.0026  -0.0011  -0.0027   0.00    5.0
2046 358631.000   34.214634056  117.142683191    37.2275   2  12   0.3788    0.3338   0.8428  -0.2046  -0.0727   0.1971   0.00    2.6
2046 358630.000   34.214607331  117.142654863    37.6843   1  11   0.0068    0.0057   0.0153  -0.0039  -0.0039   0.0034   0.00    4.1
2046 358629.000   34.214580127  117.142625807    37.7748   1  12   0.0064    0.0055   0.0144  -0.0034  -0.0047   0.0048   0.00    5.6
2046 358628.000   34.214552066  117.142596558    37.4874   2  12   0.3665    0.3214   0.8254  -0.1876  -0.1074   0.1914   0.00    1.8
2046 358627.000   34.214524329  117.142570262    37.9043   1  11   0.0059    0.0051   0.0141  -0.0026  -0.0012  -0.0027   0.00    3.4
2046 358626.000   34.214496024  117.142544582    37.9682   1  11   0.0059    0.0051   0.0141  -0.0026  -0.0012  -0.0027   0.00    8.3
2046 358625.000   34.214467961  117.142521430    38.0178   1  11   0.0059    0.0051   0.0141  -0.0026  -0.0012  -0.0027   0.00   10.9
2046 358624.000   34.214440306  117.142499027    38.0770   1  11   0.0059    0.0051   0.0141  -0.0026  -0.0012  -0.0027   0.00   13.4
2046 358623.000   34.214414123  117.142477106    38.1360   1  12   0.0055    0.0050   0.0131  -0.0020  -0.0028   0.0019   0.00   14.9
2046 358622.000   34.214390532  117.142457132    38.1840   1  12   0.0055    0.0050   0.0131  -0.0020  -0.0028   0.0019   0.00   16.7
2046 358621.000   34.214367467  117.142438618    38.2174   1  12   0.0055    0.0050   0.0131  -0.0020  -0.0028   0.0019   0.00   27.2
2046 358620.000   34.214346770  117.142421772    38.2698   1  12   0.0055    0.0050   0.0131  -0.0020  -0.0028   0.0020   0.00   17.2
2046 358619.000   34.214328007  117.142404387    38.3097   1  12   0.0055    0.0050   0.0131  -0.0020  -0.0029   0.0020   0.00   29.8
2046 358618.000   34.214310070  117.142384464    38.3534   1  12   0.0055    0.0050   0.0131  -0.0020  -0.0029   0.0020   0.00   18.5
2046 358617.000   34.214291255  117.142363122    38.4021   1  12   0.0055    0.0050   0.0131  -0.0020  -0.0029   0.0020   0.00   17.4
2046 358616.000   34.214271375  117.142341023    38.4353   1  12   0.0055    0.0050   0.0131  -0.0020  -0.0029   0.0020   0.00   12.4
2046 358615.000   34.214250913  117.142317799    38.4741   1  12   0.0055    0.0050   0.0131  -0.0020  -0.0029   0.0020   0.00    7.6
2046 358614.000   34.214230068  117.142294010    38.5089   1  11   0.0059    0.0051   0.0142  -0.0026  -0.0012  -0.0027   0.00   11.6
2046 358613.000   34.214207248  117.142271997    38.5367   1  11   0.0059    0.0051   0.0142  -0.0026  -0.0012  -0.0027   0.00   12.6
2046 358612.000   34.214181442  117.142251573    38.5441   1  11   0.0059    0.0051   0.0142  -0.0026  -0.0012  -0.0027   0.00    8.8
2046 358611.000   34.214153757  117.142231825    38.5517   1  12   0.0059    0.0051   0.0142  -0.0026  -0.0012  -0.0027   0.00    7.1
2046 358610.000   34.214125056  117.142212632    38.5346   1  12   0.0059    0.0051   0.0141  -0.0026  -0.0013  -0.0026   0.00   14.6
2046 358609.000   34.214097724  117.142194362    38.5175   1  12   0.0055    0.0050   0.0131  -0.0020  -0.0029   0.0020   0.00   10.0
2046 358608.000   34.214071370  117.142175218    38.4461   2  11   0.3386    0.2909   0.7826  -0.1462  -0.1799   0.1961   0.00    2.3
2046 358607.000   34.214044634  117.142157523    38.5532   1  10   0.0089    0.0073   0.0150  -0.0064  -0.0065   0.0070   0.00    5.0
2046 358606.000   34.214017034  117.142138096    38.5911   1  11   0.0059    0.0051   0.0142  -0.0026  -0.0013  -0.0027   0.00    3.6
2046 358605.000   34.213989021  117.142117971    38.5361   2  12   0.3592    0.3002   0.7856  -0.1750  -0.1917   0.2085   0.00    2.1
2046 358604.000   34.213963881  117.142098635    38.5754   2  10   0.3662    0.3041   0.7870  -0.1849  -0.2002   0.2195   0.00    1.6
2046 358603.000   34.213937060  117.142078861    38.5572   2  10   0.3784    0.3193   0.8077  -0.2002  -0.2352   0.2246   0.00    1.6
2046 358602.000   34.213909078  117.142059716    38.6368   1  10   0.0065    0.0061   0.0168  -0.0031  -0.0067   0.0041   0.00    3.4
2046 358601.000   34.213880616  117.142038856    38.6423   1  10   0.0065    0.0061   0.0168  -0.0031  -0.0067   0.0041   0.00    6.2
2046 358600.000   34.213851066  117.142017279    38.5993   2   9   0.3839    0.3386   0.8415  -0.2072  -0.2905   0.2393   0.00    1.7
2046 358599.000   34.213821890  117.141996357    38.6163   2   9   0.3871    0.3480   0.8510  -0.2155  -0.3095   0.2534   0.00    1.3
2046 358598.000   34.213791846  117.141974592    38.6066   2  11   0.3893    0.3551   0.8578  -0.2219  -0.3237   0.2652   0.00    1.5
2046 358597.000   34.213760920  117.141951855    38.6468   2  10   0.3941    0.3547   0.8568  -0.2271  -0.3240   0.2755   0.00    2.1
2046 358596.000   34.213730957  117.141931197    38.6880   1  10   0.0065    0.0061   0.0168  -0.0031  -0.0067   0.0041   0.00    3.3
2046 358595.000   34.213700553  117.141909977    38.7162   1  10   0.0065    0.0061   0.0168  -0.0031  -0.0067   0.0041   0.00    3.7
2046 358594.000   34.213669092  117.141887522    38.7561   2  10   0.3876    0.3574   0.8652  -0.2182  -0.3381   0.2750   0.00    1.4
2046 358593.000   34.213638069  117.141867537    38.7639   1  11   0.0058    0.0053   0.0147  -0.0009  -0.0045  -0.0026   0.00    4.7
2046 358592.000   34.213605722  117.141846780    38.7799   1  12   0.0055    0.0050   0.0132  -0.0020  -0.0029   0.0020   0.00    7.1
2046 358591.000   34.213574109  117.141827034    38.7778   1  11   0.0059    0.0051   0.0142  -0.0026  -0.0013  -0.0026   0.00    4.9
2046 358590.000   34.213543435  117.141807830    38.8350   1   9   0.0062    0.0075   0.0213  -0.0041   0.0092  -0.0060   0.00    4.7
2046 358589.000   34.213512573  117.141787267    38.7865   2   9   0.3691    0.3526   0.8685  -0.1916  -0.2465   0.2241   0.00    2.6
2046 358588.000   34.213482122  117.141769300    38.8119   1   9   0.0062    0.0075   0.0213  -0.0041   0.0092  -0.0060   0.00    3.0
2046 358587.000   34.213451758  117.141750118    38.8083   1  11   0.0059    0.0051   0.0142  -0.0026  -0.0014  -0.0026   0.00    6.7
2046 358586.000   34.213421242  117.141731217    38.8005   1  11   0.0059    0.0051   0.0142  -0.0026  -0.0014  -0.0026   0.00    3.1
2046 358585.000   34.213390701  117.141712588    38.8233   1  12   0.0055    0.0050   0.0132  -0.0020  -0.0029   0.0021   0.00    3.4
2046 358584.000   34.213359635  117.141694433    38.8238   1  11   0.0059    0.0051   0.0142  -0.0026  -0.0014  -0.0026   0.00    8.2
2046 358583.000   34.213328573  117.141676536    38.8343   1  12   0.0055    0.0050   0.0132  -0.0020  -0.0029   0.0021   0.00   10.6
2046 358582.000   34.213297927  117.141658456    38.8501   1  12   0.0055    0.0050   0.0132  -0.0020  -0.0029   0.0021   0.00    6.9
2046 358581.000   34.213267262  117.141639730    38.8586   1  12   0.0055    0.0050   0.0132  -0.0020  -0.0029   0.0021   0.00    6.1
2046 358580.000   34.213235628  117.141620657    38.8580   1  12   0.0055    0.0050   0.0132  -0.0020  -0.0029   0.0021   0.00   10.7
2046 358579.000   34.213203181  117.141601321    38.8830   1  12   0.0055    0.0050   0.0132  -0.0020  -0.0029   0.0021   0.00    3.9
2046 358578.000   34.213171665  117.141582214    38.8992   1  11   0.0056    0.0054   0.0140  -0.0023   0.0013   0.0011   0.00    5.6
2046 358577.000   34.213140336  117.141562897    38.8999   1  10   0.0068    0.0057   0.0153  -0.0039  -0.0041   0.0036   0.00    4.1
2046 358576.000   34.213110948  117.141541898    38.9184   2  10   0.3568    0.3251   0.8309  -0.1732  -0.1724   0.1983   0.00    1.8
2046 358575.000   34.213082999  117.141524988    38.8914   1  11   0.0068    0.0057   0.0153  -0.0039  -0.0041   0.0036   0.00    8.0
2046 358574.000   34.213055798  117.141505537    38.9101   1  12   0.0068    0.0057   0.0153  -0.0039  -0.0041   0.0036   0.00    5.9
2046 358573.000   34.213028205  117.141483314    38.9831   2  12   0.3511    0.3168   0.8186  -0.1649  -0.1714   0.1917   0.00    2.2
2046 358572.000   34.212997792  117.141462392    38.9399   1  12   0.0064    0.0055   0.0145  -0.0035  -0.0048   0.0049   0.00    3.7
2046 358571.000   34.212968046  117.141435991    39.0150   2  12   0.3463    0.3111   0.8103  -0.1579  -0.1751   0.1930   0.00    1.9
2046 358570.000   34.212936295  117.141408440    38.9839   2  12   0.3443    0.3091   0.8067  -0.1548  -0.1759   0.1937   0.00    1.5
2046 358569.000   34.212902436  117.141380845    38.9333   1  10   0.0068    0.0057   0.0153  -0.0039  -0.0041   0.0037   0.00    8.9
2046 358568.000   34.212870367  117.141350830    38.9224   1  11   0.0068    0.0057   0.0153  -0.0039  -0.0041   0.0037   0.00    7.2
2046 358567.000   34.212838572  117.141320593    38.9429   1  12   0.0064    0.0055   0.0145  -0.0035  -0.0048   0.0049   0.00    4.6
2046 358566.000   34.212807372  117.141289564    38.9261   1  10   0.0068    0.0057   0.0153  -0.0039  -0.0041   0.0037   0.00   11.7
2046 358565.000   34.212777042  117.141257831    38.9414   1  10   0.0068    0.0057   0.0153  -0.0039  -0.0041   0.0037   0.00    7.7
2046 358564.000   34.212746420  117.141226892    38.9575   1  11   0.0059    0.0051   0.0142  -0.0026  -0.0015  -0.0025   0.00    8.3
2046 358563.000   34.212717007  117.141194247    39.1173   2  11   0.3600    0.3069   0.8065  -0.1735  -0.1889   0.2020   0.00    2.7
2046 358562.000   34.212686290  117.141164134    38.9642   1  11   0.0059    0.0051   0.0142  -0.0026  -0.0015  -0.0025   0.00    5.4
2046 358561.000   34.212657655  117.141131510    38.9758   1  12   0.0055    0.0050   0.0132  -0.0020  -0.0029   0.0021   0.00    6.3
2046 358560.000   34.212631485  117.141095337    39.1975   2  11   0.3545    0.3017   0.8002  -0.1657  -0.1852   0.1930   0.00    1.2
2046 358559.000   34.212602027  117.141062580    39.0037   1  11   0.0059    0.0051   0.0142  -0.0026  -0.0015  -0.0025   0.00    4.0
2046 358558.000   34.212573894  117.141026756    39.0186   1  11   0.0059    0.0051   0.0142  -0.0026  -0.0015  -0.0025   0.00    7.2
2046 358557.000   34.212545899  117.140990241    39.0330   1  11   0.0059    0.0051   0.0142  -0.0026  -0.0015  -0.0025   0.00    4.4
2046 358556.000   34.212518285  117.140953346    39.0591   1  10   0.0068    0.0057   0.0154  -0.0039  -0.0041   0.0037   0.00    6.0
2046 358555.000   34.212490732  117.140916225    39.0898   1  12   0.0055    0.0050   0.0132  -0.0020  -0.0029   0.0021   0.00    3.4
2046 358554.000   34.212464950  117.140876637    39.3282   2  11   0.3568    0.2990   0.7987  -0.1679  -0.1863   0.1900   0.00    1.5
2046 358553.000   34.212437064  117.140838937    39.3576   2  11   0.3561    0.2982   0.7988  -0.1669  -0.1830   0.1840   0.00    1.6
2046 358552.000   34.212407091  117.140803426    39.0967   1  10   0.0068    0.0057   0.0154  -0.0039  -0.0042   0.0037   0.00    3.5
2046 358551.000   34.212379649  117.140765443    39.1081   1  10   0.0068    0.0057   0.0154  -0.0039  -0.0042   0.0037   0.00    5.7
2046 358550.000   34.212352740  117.140728173    39.1093   1  11   0.0068    0.0057   0.0154  -0.0039  -0.0042   0.0037   0.00    4.4
2046 358549.000   34.212328382  117.140687566    39.3718   2  10   0.3690    0.3030   0.8049  -0.1836  -0.2027   0.2121   0.00    2.3
2046 358548.000   34.212300138  117.140650149    39.1316   1  10   0.0068    0.0057   0.0154  -0.0039  -0.0042   0.0038   0.00   10.6
2046 358547.000   34.212277119  117.140606975    39.4009   2  12   0.3714    0.3035   0.8048  -0.1865  -0.2079   0.2194   0.00    1.9
2046 358546.000   34.212252989  117.140566459    39.4346   2  11   0.3704    0.3030   0.8046  -0.1856  -0.2118   0.2253   0.00    1.5
2046 358545.000   34.212229558  117.140525374    39.4341   2  12   0.3689    0.3022   0.8040  -0.1839  -0.2147   0.2296   0.00    1.9
2046 358544.000   34.212203985  117.140485862    39.2730   1  12   0.0056    0.0054   0.0140  -0.0024   0.0011   0.0012   0.00    4.4
2046 358543.000   34.212181967  117.140441868    39.4859   2  12   0.3614    0.2984   0.7977  -0.1746  -0.2114   0.2250   0.00    1.5
2046 358542.000   34.212154951  117.140402638    39.3145   1  10   0.0070    0.0063   0.0171  -0.0044   0.0018   0.0017   0.00    7.4
2046 358541.000   34.212130570  117.140360638    39.3575   1  10   0.0070    0.0063   0.0171  -0.0044   0.0017   0.0017   0.00    4.9
2046 358540.000   34.212110526  117.140314850    39.5602   2  10   0.3790    0.3066   0.8000  -0.1968  -0.2185   0.2345   0.00    1.5
2046 358539.000   34.212089868  117.140270182    39.5953   2   9   0.3928    0.3139   0.8008  -0.2139  -0.2221   0.2395   0.00    1.8
2046 358538.000   34.212067883  117.140227176    39.5110   1  10   0.0070    0.0063   0.0171  -0.0044   0.0017   0.0018   0.00    5.0
2046 358537.000   34.212049478  117.140181069    39.5599   1  11   0.0061    0.0058   0.0160  -0.0034   0.0042  -0.0042   0.00    6.8
2046 358536.000   34.212032372  117.140134397    39.6072   1  10   0.0070    0.0063   0.0171  -0.0044   0.0017   0.0018   0.00    4.3
2046 358535.000   34.212016338  117.140087282    39.6644   1  10   0.0070    0.0063   0.0171  -0.0044   0.0017   0.0018   0.00    3.6
2046 358534.000   34.212003518  117.140037797    39.8808   2  10   0.4018    0.3176   0.8107  -0.2239  -0.2204   0.2351   0.00    1.4
2046 358533.000   34.211985699  117.139993397    39.7808   1  10   0.0070    0.0063   0.0171  -0.0044   0.0017   0.0018   0.00    3.9
2046 358532.000   34.211970812  117.139946385    39.8343   1  10   0.0068    0.0057   0.0154  -0.0039  -0.0042   0.0038   0.00    6.3
2046 358531.000   34.211956380  117.139899872    39.8954   1  11   0.0068    0.0057   0.0154  -0.0039  -0.0042   0.0038   0.00    3.9
2046 358530.000   34.211945274  117.139851487    40.1350   2  10   0.3978    0.3149   0.8134  -0.2188  -0.2170   0.2293   0.00    2.6
2046 358529.000   34.211930267  117.139807026    39.9993   1  10   0.0068    0.0057   0.0154  -0.0039  -0.0042   0.0038   0.00    4.0
2046 358528.000   34.211917947  117.139759794    40.0565   1  11   0.0059    0.0051   0.0142  -0.0026  -0.0016  -0.0024   0.00    4.6
2046 358527.000   34.211906359  117.139712327    40.1004   1  11   0.0059    0.0051   0.0142  -0.0026  -0.0016  -0.0024   0.00    3.5
2046 358526.000   34.211897002  117.139662641    40.3715   2  12   0.3865    0.3091   0.8095  -0.2058  -0.2155   0.2266   0.00    2.5
2046 358525.000   34.211886335  117.139614548    40.4142   2  10   0.3876    0.3095   0.8110  -0.2069  -0.2152   0.2259   0.00    2.2
2046 358524.000   34.211876059  117.139566331    40.4858   2  12   0.3862    0.3087   0.8102  -0.2052  -0.2166   0.2282   0.00    1.4
2046 358523.000   34.211866225  117.139519561    40.5536   2  11   0.3820    0.3065   0.8079  -0.2001  -0.2129   0.2226   0.00    1.8
2046 358522.000   34.211855906  117.139475801    40.3908   1  11   0.0059    0.0051   0.0142  -0.0026  -0.0016  -0.0024   0.00    3.1
2046 358521.000   34.211847038  117.139430113    40.4514   1  11   0.0059    0.0051   0.0142  -0.0026  -0.0016  -0.0024   0.00    3.6
2046 358520.000   34.211839722  117.139383142    40.6815   2  10   0.3788    0.3045   0.8087  -0.1958  -0.2040   0.2083   0.00    2.1
2046 358519.000   34.211831014  117.139338297    40.7181   2   9   0.3977    0.3147   0.8140  -0.2191  -0.2140   0.2227   0.00    1.2
2046 358518.000   34.211822210  117.139294037    40.7492   2  11   0.4066    0.3193   0.8149  -0.2292  -0.2147   0.2238   0.00    2.1
2046 358517.000   34.211813824  117.139249086    40.7907   2  10   0.4056    0.3186   0.8161  -0.2279  -0.2139   0.2224   0.00    2.1
2046 358516.000   34.211805630  117.139203116    40.8368   2  12   0.4019    0.3166   0.8150  -0.2237  -0.2152   0.2247   0.00    2.2
2046 358515.000   34.211796568  117.139157108    40.7259   1  11   0.0066    0.0058   0.0146  -0.0032  -0.0051   0.0049   0.00    6.3
2046 358514.000   34.211790767  117.139107431    40.9125   2  10   0.4008    0.3162   0.8181  -0.2227  -0.2224   0.2355   0.00    2.4
2046 358513.000   34.211785069  117.139058017    40.9771   2  10   0.4027    0.3173   0.8207  -0.2249  -0.2288   0.2446   0.00    1.8
2046 358512.000   34.211780920  117.139008122    41.0247   2  11   0.4002    0.3160   0.8195  -0.2221  -0.2294   0.2458   0.00    1.2
2046 358511.000   34.211777367  117.138959716    40.9479   1  11   0.0066    0.0058   0.0146  -0.0032  -0.0052   0.0049   0.00    3.2
2046 358510.000   34.211777487  117.138909369    41.1129   2  12   0.3921    0.3121   0.8165  -0.2130  -0.2316   0.2498   0.00    2.6
2046 358509.000   34.211776833  117.138860361    41.1662   2  10   0.3890    0.3159   0.8244  -0.2095  -0.2477   0.2521   0.00    2.6
2046 358508.000   34.211774659  117.138812325    41.1453   1  11   0.0066    0.0058   0.0146  -0.0032  -0.0052   0.0050   0.00    3.1
2046 358507.000   34.211773750  117.138762774    41.2624   2  12   0.3859    0.3184   0.8312  -0.2063  -0.2634   0.2621   0.00    1.2
2046 358506.000   34.211771496  117.138714030    41.2950   2  12   0.3804    0.3150   0.8256  -0.1996  -0.2580   0.2568   0.00    1.7
2046 358505.000   34.211769253  117.138666599    41.3304   2  12   0.3755    0.3119   0.8206  -0.1935  -0.2531   0.2521   0.00    2.6
2046 358504.000   34.211766468  117.138620682    41.3347   1  12   0.0056    0.0052   0.0142  -0.0018  -0.0009   0.0028   0.00    3.5
2046 358503.000   34.211765356  117.138573626    41.3956   1  12   0.0056    0.0052   0.0142  -0.0018  -0.0009   0.0028   0.00    5.9
2046 358502.000   34.211766126  117.138526076    41.4974   2  12   0.3632    0.3043   0.8080  -0.1779  -0.2412   0.2411   0.00    2.3
2046 358501.000   34.211766030  117.138481759    41.5215   1  12   0.0056    0.0052   0.0142  -0.0018  -0.0009   0.0028   0.00    3.4
2046 358500.000   34.211768166  117.138436907    41.5731   1   9   0.0064    0.0056   0.0189  -0.0020  -0.0009  -0.0056   0.00   10.2
2046 358499.000   34.211772128  117.138391231    41.6174   2   9   0.3632    0.3050   0.8304  -0.1617  -0.2351   0.1993   0.00    2.0
2046 358498.000   34.211774436  117.138348304    41.6473   1   9   0.0064    0.0056   0.0189  -0.0019  -0.0009  -0.0056   0.00   12.3
2046 358497.000   34.211776421  117.138305101    41.7122   1   9   0.0064    0.0056   0.0189  -0.0019  -0.0009  -0.0056   0.00    3.0
2046 358496.000   34.211777112  117.138261341    41.7754   1  10   0.0064    0.0054   0.0166  -0.0017  -0.0041  -0.0051   0.00    4.6
2046 358495.000   34.211778291  117.138216998    41.7382   2  11   0.3663    0.3085   0.8627  -0.1370  -0.2430   0.1269   0.00    2.9
2046 358494.000   34.211777786  117.138173319    41.9154   1   9   0.0070    0.0062   0.0188  -0.0035  -0.0067  -0.0006   0.00    4.3
2046 358493.000   34.211778267  117.138128692    41.8780   2  11   0.3738    0.3182   0.8811  -0.1488  -0.2748   0.1511   0.00    2.6
2046 358492.000   34.211777357  117.138084404    41.9471   2  11   0.3753    0.3182   0.8783  -0.1557  -0.2776   0.1768   0.00    2.8
2046 358491.000   34.211776853  117.138040031    42.0243   2  12   0.3737    0.3209   0.8788  -0.1572  -0.2858   0.1886   0.00    1.2
2046 358490.000   34.211776675  117.137996067    42.2387   1  12   0.0059    0.0051   0.0142  -0.0026  -0.0018  -0.0022   0.00    4.4
2046 358489.000   34.211778275  117.137951308    42.1792   2  11   0.3673    0.3149   0.8627  -0.1528  -0.2719   0.1875   0.00    2.0
2046 358488.000   34.211778613  117.137907351    42.4076   1  11   0.0059    0.0051   0.0142  -0.0026  -0.0018  -0.0023   0.00    6.2
2046 358487.000   34.211780215  117.137863283    42.4873   1  11   0.0059    0.0051   0.0142  -0.0026  -0.0018  -0.0022   0.00    7.3
2046 358486.000   34.211781575  117.137819520    42.5759   1  11   0.0069    0.0057   0.0154  -0.0040  -0.0043   0.0040   0.00    4.5
2046 358485.000   34.211782414  117.137776162    42.6686   1  10   0.0069    0.0057   0.0154  -0.0040  -0.0043   0.0040   0.00    4.1
2046 358484.000   34.211782483  117.137733397    42.7706   1  11   0.0059    0.0051   0.0142  -0.0026  -0.0018  -0.0022   0.00    5.8
2046 358483.000   34.211782205  117.137691411    42.8570   1  12   0.0056    0.0050   0.0133  -0.0021  -0.0031   0.0023   0.00    3.1
2046 358482.000   34.211781976  117.137649842    42.9453   1  12   0.0056    0.0050   0.0133  -0.0021  -0.0031   0.0023   0.00    6.3
2046 358481.000   34.211781971  117.137608924    43.0248   1  12   0.0056    0.0050   0.0133  -0.0021  -0.0031   0.0023   0.00    4.1
2046 358480.000   34.211781975  117.137568487    43.1017   1  11   0.0059    0.0051   0.0142  -0.0026  -0.0018  -0.0022   0.00    4.4
2046 358479.000   34.211782531  117.137528038    42.9937   2  12   0.3626    0.3040   0.8325  -0.1544  -0.2449   0.1912   0.00    2.7
2046 358478.000   34.211782060  117.137488039    43.2331   1  12   0.0064    0.0053   0.0166  -0.0017  -0.0041  -0.0051   0.00    4.4
2046 358477.000   34.211782142  117.137447424    43.2880   1  11   0.0064    0.0053   0.0166  -0.0017  -0.0041  -0.0051   0.00    3.7
2046 358476.000   34.211782833  117.137405675    43.1387   2   9   0.3622    0.3062   0.8378  -0.1533  -0.2543   0.1892   0.00    2.5
2046 358475.000   34.211782072  117.137364130    43.4150   1  10   0.0069    0.0057   0.0154  -0.0040  -0.0043   0.0040   0.00    7.0
2046 358474.000   34.211782784  117.137321395    43.3144   2  10   0.3704    0.3121   0.8489  -0.1648  -0.2694   0.2033   0.00    2.2
2046 358473.000   34.211782170  117.137279359    43.5827   1  11   0.0065    0.0056   0.0147  -0.0036  -0.0050   0.0052   0.00    6.1
2046 358472.000   34.211783058  117.137236248    43.4950   2  12   0.3732    0.3119   0.8450  -0.1722  -0.2701   0.2235   0.00    2.3
2046 358471.000   34.211782189  117.137193476    43.7790   1  12   0.0065    0.0056   0.0146  -0.0036  -0.0050   0.0052   0.00    3.1
2046 358470.000   34.211781668  117.137149731    43.8707   1  11   0.0065    0.0056   0.0147  -0.0036  -0.0050   0.0052   0.00    3.7
2046 358469.000   34.211781814  117.137104767    43.7722   2  11   0.3700    0.3077   0.8365  -0.1689  -0.2633   0.2393   0.00    2.5
2046 358468.000   34.211780516  117.137060273    44.0584   1   9   0.0069    0.0060   0.0175  -0.0039  -0.0024   0.0046   0.00    4.7
2046 358467.000   34.211779140  117.137014185    44.1441   1  11   0.0069    0.0060   0.0175  -0.0039  -0.0024   0.0046   0.00    8.3
2046 358466.000   34.211778066  117.136966749    44.2203   1  12   0.0059    0.0055   0.0158  -0.0026   0.0033  -0.0022   0.00    9.0
2046 358465.000   34.211777879  117.136918025    44.2976   1  12   0.0069    0.0060   0.0175  -0.0039  -0.0025   0.0047   0.00    4.9
2046 358464.000   34.211779382  117.136867606    44.2031   2  11   0.3733    0.3073   0.8349  -0.1759  -0.2576   0.2633   0.00    2.6
2046 358463.000   34.211779548  117.136817890    44.5045   1  12   0.0056    0.0050   0.0133  -0.0021  -0.0031   0.0024   0.00    3.0
2046 358462.000   34.211780843  117.136766470    44.4198   2  12   0.3679    0.3040   0.8266  -0.1708  -0.2527   0.2601   0.00    2.9
2046 358461.000   34.211780047  117.136716043    44.7170   1  12   0.0058    0.0053   0.0182  -0.0027  -0.0056   0.0052   0.00   14.4
2046 358460.000   34.211780795  117.136663236    44.6325   2  11   0.3623    0.3006   0.8188  -0.1647  -0.2437   0.2496   0.00    1.8
2046 358459.000   34.211779376  117.136612072    44.9133   1  11   0.0073    0.0063   0.0214  -0.0047  -0.0083   0.0087   0.00    8.1
2046 358458.000   34.211778555  117.136559918    44.9884   1  11   0.0061    0.0054   0.0191  -0.0031  -0.0050   0.0040   0.00    9.6
2046 358457.000   34.211777376  117.136507927    45.0799   1   9   0.0076    0.0065   0.0250  -0.0048  -0.0071   0.0089   0.00   11.5
2046 358456.000   34.211776160  117.136456253    45.1911   1   9   0.0076    0.0065   0.0250  -0.0048  -0.0071   0.0089   0.00    6.1
2046 358455.000   34.211776206  117.136403911    45.0522   2   9   0.3754    0.3055   0.8296  -0.1790  -0.2340   0.2651   0.00    2.1
2046 358454.000   34.211775419  117.136352977    45.1647   2   9   0.3959    0.3154   0.8399  -0.2030  -0.2410   0.2857   0.00    1.7
2046 358453.000   34.211774323  117.136302135    45.2665   2   9   0.4047    0.3188   0.8485  -0.2108  -0.2487   0.3050   0.00    1.3
2046 358452.000   34.211772267  117.136252775    45.5505   1   8   0.0077    0.0077   0.0368  -0.0050  -0.0127   0.0096   0.00    5.4
2046 358451.000   34.211773075  117.136201334    45.4621   2   9   0.4131    0.3362   0.9006  -0.2207  -0.2873   0.3120   0.00    2.2
2046 358450.000   34.211773672  117.136151205    45.5578   2   9   0.4110    0.3345   0.8992  -0.2171  -0.2774   0.3096   0.00    1.6
2046 358449.000   34.211773697  117.136101882    45.6382   2   9   0.4250    0.3402   0.9023  -0.2330  -0.2790   0.3175   0.00    1.1
2046 358448.000   34.211774786  117.136051977    45.7424   2   9   0.4311    0.3418   0.8988  -0.2389  -0.2740   0.3174   0.00    2.6
2046 358447.000   34.211773880  117.136002513    46.0346   1   9   0.0069    0.0060   0.0175  -0.0039  -0.0025   0.0047   0.00    6.2
2046 358446.000   34.211773574  117.135951508    46.1466   1   8   0.0100    0.0080   0.0179  -0.0073  -0.0051   0.0070   0.00    4.9
2046 358445.000   34.211774389  117.135898845    46.1313   2   8   0.4438    0.3463   0.9007  -0.2510  -0.2600   0.3223   0.00    1.6
2046 358444.000   34.211771297  117.135848103    46.3267   1   8   0.0100    0.0080   0.0179  -0.0073  -0.0051   0.0070   0.00    5.8
2046 358443.000   34.211769622  117.135795786    46.4281   1   9   0.0069    0.0060   0.0175  -0.0039  -0.0025   0.0047   0.00    6.0
2046 358442.000   34.211770430  117.135742900    46.5790   2   9   0.4459    0.3456   0.8939  -0.2529  -0.2413   0.3097   0.00    1.9
2046 358441.000   34.211769672  117.135693933    46.6444   1   9   0.0069    0.0060   0.0175  -0.0039  -0.0026   0.0047   0.00   15.2
2046 358440.000   34.211771700  117.135644673    46.7505   1   9   0.0069    0.0060   0.0175  -0.0039  -0.0026   0.0047   0.00    8.7
2046 358439.000   34.211774958  117.135595235    46.9048   2  11   0.4291    0.3374   0.8914  -0.2337  -0.2187   0.2992   0.00    1.8
2046 358438.000   34.211775031  117.135547674    47.0276   2   9   0.4312    0.3390   0.8974  -0.2296  -0.2373   0.3065   0.00    1.9
2046 358437.000   34.211773631  117.135501527    47.1795   2  10   0.4265    0.3402   0.8982  -0.2243  -0.2525   0.3046   0.00    1.2
2046 358436.000   34.211770483  117.135459194    47.0857   1  11   0.0066    0.0056   0.0147  -0.0037  -0.0051   0.0053   0.00    6.0
2046 358435.000   34.211770875  117.135417422    47.1660   1  11   0.0066    0.0056   0.0147  -0.0037  -0.0051   0.0053   0.00    7.8
2046 358434.000   34.211773917  117.135381253    47.2464   1  12   0.0056    0.0050   0.0133  -0.0021  -0.0031   0.0025   0.00    5.8
2046 358433.000   34.211781712  117.135349352    47.3172   1  12   0.0056    0.0050   0.0133  -0.0021  -0.0031   0.0025   0.00    7.6
2046 358432.000   34.211795284  117.135320599    47.3867   1  11   0.0059    0.0051   0.0143  -0.0026  -0.0020  -0.0020   0.00    9.4
2046 358431.000   34.211813294  117.135295590    47.4553   1  11   0.0059    0.0051   0.0143  -0.0026  -0.0020  -0.0020   0.00   15.7
2046 358430.000   34.211834889  117.135274304    47.5220   1  10   0.0061    0.0058   0.0160  -0.0033   0.0040  -0.0040   0.00   10.5
2046 358429.000   34.211859852  117.135256845    47.5312   1  10   0.0061    0.0058   0.0160  -0.0034   0.0040  -0.0040   0.00    6.4
2046 358428.000   34.211888237  117.135244143    47.5337   1  10   0.0061    0.0058   0.0160  -0.0033   0.0040  -0.0040   0.00   18.7
2046 358427.000   34.211919768  117.135236578    47.5279   1  10   0.0061    0.0058   0.0160  -0.0033   0.0040  -0.0040   0.00    7.1
2046 358426.000   34.211953662  117.135234256    47.5363   1  10   0.0061    0.0058   0.0160  -0.0033   0.0040  -0.0040   0.00   11.3
2046 358425.000   34.211989095  117.135235715    47.5508   1  10   0.0061    0.0058   0.0160  -0.0033   0.0040  -0.0040   0.00    6.3
2046 358424.000   34.212026054  117.135239077    47.5664   1  10   0.0061    0.0058   0.0160  -0.0033   0.0040  -0.0039   0.00    5.7
2046 358423.000   34.212064429  117.135243610    47.5853   1  10   0.0061    0.0058   0.0160  -0.0034   0.0040  -0.0039   0.00    3.5
2046 358422.000   34.212104454  117.135249092    48.3391   2   8   0.3822    0.3344   0.9298  -0.1987   0.0704   0.0372   0.00    2.3
2046 358421.000   34.212144337  117.135250115    47.6093   1   8   0.0075    0.0075   0.0295  -0.0048   0.0105  -0.0109   0.00    3.5
2046 358420.000   34.212185850  117.135251376    47.6106   1   8   0.0075    0.0075   0.0295  -0.0048   0.0105  -0.0109   0.00    4.1
2046 358419.000   34.212228659  117.135251840    47.6190   1   9   0.0063    0.0074   0.0210  -0.0041   0.0088  -0.0057   0.00    4.3
2046 358418.000   34.212272811  117.135253759    48.5106   2   8   0.3982    0.3692   1.1368  -0.2182   0.3048  -0.2872   0.00    0.0
2046 358417.000   34.212316626  117.135253951    48.5430   2   8   0.4011    0.3748   1.1765  -0.2190   0.3259  -0.3152   0.00    0.0
2046 358416.000   34.212361287  117.135253875    48.5651   2   9   0.4046    0.3827   1.2126  -0.2251   0.3576  -0.3409   0.00    0.0
2046 358415.000   34.212406741  117.135254008    48.5631   2   9   0.4019    0.3891   1.2106  -0.2263   0.3740  -0.3345   0.00    0.0
2046 358414.000   34.212451557  117.135254683    48.6170   2   9   0.3991    0.3913   1.1940  -0.2254   0.3749  -0.3235   0.00    0.0
2046 358413.000   34.212495232  117.135255283    48.6213   2   9   0.3969    0.3970   1.1938  -0.2266   0.3894  -0.3183   0.00    0.0
2046 358412.000   34.212536622  117.135256008    48.6577   2   9   0.3949    0.4024   1.1939  -0.2277   0.4025  -0.3135   0.00    0.0
2046 358411.000   34.212577558  117.135256295    48.6583   2   8   0.3966    0.4044   1.2158  -0.2269   0.4101  -0.3280   0.00    0.0
2046 358410.000   34.212617369  117.135256778    48.6028   2   8   0.3995    0.4061   1.2445  -0.2259   0.4163  -0.3479   0.00    0.0
2046 358409.000   34.212655200  117.135257236    48.5988   2  10   0.4023    0.4053   1.2498  -0.2276   0.4154  -0.3606   0.00    0.0
2046 358408.000   34.212692683  117.135256887    48.5305   2   9   0.4025    0.4000   1.2270  -0.2222   0.3933  -0.3557   0.00    0.0
2046 358407.000   34.212729135  117.135255879    48.5373   2   9   0.4046    0.3952   1.2175  -0.2168   0.3719  -0.3602   0.00    0.0
2046 358406.000   34.212763319  117.135253907    48.5650   2   8   0.4083    0.4016   1.2537  -0.2233   0.3976  -0.3823   0.00    0.0
2046 358405.000   34.212793019  117.135251030    48.3893   2   9   0.4056    0.4017   1.2540  -0.2185   0.3963  -0.3758   0.00    0.0
2046 358404.000   34.212822836  117.135248610    48.2951   2   8   0.4055    0.4039   1.2654  -0.2181   0.4036  -0.3794   0.00    0.0
2046 358403.000   34.212854101  117.135247383    48.3362   2   8   0.4090    0.4095   1.2962  -0.2244   0.4253  -0.3986   0.00    0.0
2046 358402.000   34.212886708  117.135246744    48.3441   2   9   0.4111    0.4148   1.3184  -0.2300   0.4442  -0.4110   0.00    0.0
2046 358401.000   34.212918877  117.135247081    48.3781   2   9   0.4078    0.4188   1.3087  -0.2312   0.4527  -0.3998   0.00    0.0
2046 358400.000   34.212949883  117.135247477    48.4198   2   9   0.4048    0.4225   1.3001  -0.2322   0.4603  -0.3894   0.00    0.0
2046 358399.000   34.212979142  117.135246533    48.4421   2   9   0.4021    0.4259   1.2923  -0.2332   0.4672  -0.3798   0.00    0.0
2046 358398.000   34.213009277  117.135245267    48.4737   2   9   0.3997    0.4291   1.2854  -0.2340   0.4735  -0.3710   0.00    0.0
2046 358397.000   34.213041137  117.135243867    48.2779   2   9   0.3943    0.4272   1.2581  -0.2277   0.4634  -0.3462   0.00    0.0
2046 358396.000   34.213074388  117.135243069    48.3106   2   9   0.3925    0.4302   1.2541  -0.2290   0.4699  -0.3397   0.00    0.0
2046 358395.000   34.213109597  117.135242015    48.3343   2   9   0.3909    0.4330   1.2505  -0.2302   0.4759  -0.3337   0.00    0.0
2046 358394.000   34.213146875  117.135241676    48.3810   2   8   0.3961    0.4363   1.2849  -0.2352   0.4894  -0.3605   0.00    0.0
2046 358393.000   34.213186360  117.135241730    48.3802   2   9   0.3999    0.4393   1.3107  -0.2394   0.5010  -0.3794   0.00    0.0
2046 358392.000   34.213228382  117.135241327    48.4458   2   9   0.3971    0.4413   1.2949  -0.2398   0.5044  -0.3751   0.00    0.0
2046 358391.000   34.213272504  117.135240663    48.4661   2   9   0.3951    0.4432   1.2882  -0.2401   0.5074  -0.3668   0.00    0.0
2046 358390.000   34.213318990  117.135239766    48.5916   2  10   0.3891    0.4395   1.2483  -0.2329   0.4939  -0.3494   0.00    0.0
2046 358389.000   34.213365319  117.135239511    48.6232   2   9   0.3878    0.4415   1.2453  -0.2337   0.4977  -0.3428   0.00    0.0
2046 358388.000   34.213410880  117.135240088    48.6526   2   9   0.3866    0.4433   1.2426  -0.2345   0.5011  -0.3367   0.00    0.0
2046 358387.000   34.213454840  117.135241394    48.6801   2   9   0.3855    0.4450   1.2400  -0.2352   0.5043  -0.3309   0.00    0.0
2046 358386.000   34.213496972  117.135243140    48.7253   2   8   0.3912    0.4473   1.2758  -0.2397   0.5147  -0.3582   0.00    0.0
2046 358385.000   34.213541347  117.135244222    48.8644   2   9   0.3955    0.4493   1.2953  -0.2437   0.5238  -0.3871   0.00    0.0
2046 358384.000   34.213586482  117.135244627    48.9204   2   9   0.3996    0.4512   1.3166  -0.2473   0.5321  -0.4094   0.00    0.0
2046 358383.000   34.213632857  117.135244954    48.9993   2   9   0.4033    0.4529   1.3355  -0.2505   0.5394  -0.4284   0.00    0.0
2046 358382.000   34.213680794  117.135245192    49.0040   2   9   0.4059    0.4544   1.3547  -0.2529   0.5453  -0.4378   0.00    0.0
2046 358381.000   34.213729493  117.135246149    49.2515   2  10   0.4019    0.4448   1.3095  -0.2458   0.5177  -0.4138   0.00    0.0
2046 358380.000   34.213778042  117.135246732    49.2594   2   8   0.4058    0.4470   1.3371  -0.2491   0.5266  -0.4293   0.00    0.0
2046 358379.000   34.213825599  117.135246685    49.2520   2  10   0.4078    0.4490   1.3466  -0.2518   0.5335  -0.4416   0.00    0.0
2046 358378.000   34.213872107  117.135246429    49.1923   2   9   0.4048    0.4502   1.3355  -0.2511   0.5339  -0.4288   0.00    0.0
2046 358377.000   34.213919581  117.135246899    49.1975   2   9   0.3981    0.4452   1.2998  -0.2419   0.5160  -0.3989   0.00    0.0
2046 358376.000   34.213967032  117.135248261    49.2619   2   9   0.3954    0.4398   1.2702  -0.2382   0.4994  -0.3817   0.00    0.0
2046 358375.000   34.214013821  117.135250261    49.2681   2   9   0.3936    0.4417   1.2654  -0.2386   0.5026  -0.3729   0.00    0.0
2046 358374.000   34.214059566  117.135252691    49.2951   2   9   0.3897    0.4297   1.2205  -0.2294   0.4699  -0.3466   0.00    0.0
2046 358373.000   34.214102492  117.135254157    49.4134   2  11   0.3852    0.4182   1.1688  -0.2208   0.4386  -0.3285   0.00    0.0
2046 358372.000   34.214141726  117.135254682    49.5088   2   9   0.3809    0.4177   1.1492  -0.2164   0.4344  -0.3135   0.00    0.0
2046 358371.000   34.214181172  117.135254650    49.5124   2  10   0.3755    0.4150   1.1240  -0.2090   0.4240  -0.2923   0.00    0.0
2046 358370.000   34.214222764  117.135253839    49.5640   2  11   0.3726    0.4104   1.1011  -0.2046   0.4131  -0.2833   0.00    0.0
2046 358369.000   34.214266634  117.135252838    49.6054   2  11   0.3683    0.3945   1.0552  -0.1932   0.3730  -0.2572   0.00    1.8
2046 358368.000   34.214312162  117.135250670    48.3624   1  11   0.0056    0.0054   0.0143  -0.0023   0.0039  -0.0040   0.00    4.9
2046 358367.000   34.214360830  117.135249897    48.4002   1  12   0.0056    0.0050   0.0130  -0.0022   0.0014  -0.0038   0.00    3.5
2046 358366.000   34.214411646  117.135249154    48.4124   1  11   0.0059    0.0051   0.0143  -0.0026  -0.0022  -0.0017   0.00    8.9
2046 358365.000   34.214464946  117.135248765    48.4015   1  12   0.0056    0.0050   0.0130  -0.0021   0.0014  -0.0038   0.00    3.8
2046 358364.000   34.214521217  117.135248675    48.3849   1  10   0.0062    0.0058   0.0160  -0.0033   0.0038  -0.0038   0.00    3.5
2046 358363.000   34.214580638  117.135249392    48.3356   1  12   0.0056    0.0050   0.0130  -0.0021   0.0013  -0.0038   0.00    3.3
2046 358362.000   34.214640875  117.135250265    48.2987   1   9   0.0063    0.0073   0.0209  -0.0041   0.0087  -0.0055   0.00    3.9
2046 358361.000   34.214699708  117.135250537    48.2760   1  10   0.0063    0.0073   0.0209  -0.0041   0.0087  -0.0055   0.00    3.8
2046 358360.000   34.214755997  117.135250880    48.2337   1  10   0.0075    0.0074   0.0249  -0.0047   0.0098  -0.0107   0.00    3.6
2046 358359.000   34.214809125  117.135251533    48.2434   1  10   0.0061    0.0073   0.0188  -0.0041   0.0086  -0.0067   0.00    4.2
2046 358358.000   34.214859004  117.135252143    48.1970   1  11   0.0061    0.0073   0.0188  -0.0041   0.0086  -0.0067   0.00    5.4
2046 358357.000   34.214906801  117.135254096    48.1871   1  11   0.0056    0.0054   0.0143  -0.0023   0.0038  -0.0040   0.00    3.8
2046 358356.000   34.214957001  117.135257705    48.1202   1  10   0.0061    0.0073   0.0188  -0.0041   0.0086  -0.0067   0.00    4.1
2046 358355.000   34.215010108  117.135263827    48.0692   1  10   0.0061    0.0073   0.0188  -0.0041   0.0086  -0.0067   0.00    4.2
2046 358354.000   34.215066007  117.135273155    48.0374   1  10   0.0061    0.0073   0.0188  -0.0041   0.0086  -0.0067   0.00    4.3
2046 358353.000   34.215123492  117.135286507    48.0071   1  10   0.0061    0.0073   0.0188  -0.0041   0.0086  -0.0067   0.00    5.1
2046 358352.000   34.215180071  117.135302664    47.9735   1  10   0.0061    0.0073   0.0188  -0.0041   0.0086  -0.0067   0.00    6.5
2046 358351.000   34.215235405  117.135321209    47.9542   1  10   0.0061    0.0073   0.0188  -0.0041   0.0086  -0.0067   0.00    5.8
2046 358350.000   34.215291597  117.135343399    47.9172   1  10   0.0061    0.0073   0.0188  -0.0041   0.0086  -0.0067   0.00    3.9
2046 358349.000   34.215347210  117.135368205    47.8914   1  10   0.0061    0.0073   0.0188  -0.0041   0.0086  -0.0067   0.00    5.3
2046 358348.000   34.215401773  117.135395255    47.8564   1   9   0.0063    0.0073   0.0209  -0.0041   0.0087  -0.0055   0.00   34.2
2046 358347.000   34.215454854  117.135424372    47.8196   1   9   0.0063    0.0073   0.0209  -0.0041   0.0087  -0.0055   0.00   31.9
2046 358346.000   34.215505753  117.135455685    47.7859   1   9   0.0063    0.0073   0.0209  -0.0041   0.0087  -0.0055   0.00   36.7
2046 358345.000   34.215553668  117.135488427    47.7337   1   9   0.0063    0.0073   0.0209  -0.0041   0.0087  -0.0055   0.00   43.4
2046 358344.000   34.215599241  117.135521218    47.6892   1  10   0.0061    0.0073   0.0188  -0.0041   0.0086  -0.0067   0.00   21.3
2046 358343.000   34.215644388  117.135555157    47.6860   1   9   0.0063    0.0073   0.0209  -0.0041   0.0086  -0.0055   0.00   52.1
2046 358342.000   34.215687191  117.135589995    47.6565   1   9   0.0063    0.0073   0.0209  -0.0041   0.0086  -0.0055   0.00   28.4
2046 358341.000   34.215726352  117.135626335    47.6627   1  11   0.0053    0.0061   0.0144  -0.0021   0.0050  -0.0030   0.00   14.4
2046 358340.000   34.215763629  117.135666060    47.6499   1  10   0.0057    0.0061   0.0162  -0.0024   0.0046   0.0023   0.00   62.9
2046 358339.000   34.215798231  117.135708826    47.6280   1  11   0.0053    0.0060   0.0144  -0.0021   0.0050  -0.0030   0.00   17.7
2046 358338.000   34.215829222  117.135752493    47.5725   1  11   0.0056    0.0054   0.0143  -0.0023   0.0038  -0.0040   0.00   81.4
2046 358337.000   34.215858294  117.135798308    47.5153   1  10   0.0059    0.0055   0.0159  -0.0026   0.0030  -0.0016   0.00  110.6
2046 358336.000   34.215888398  117.135847670    47.4661   1  11   0.0056    0.0054   0.0143  -0.0023   0.0038  -0.0040   0.00   64.3
2046 358335.000   34.215919987  117.135899365    47.4628   1  12   0.0056    0.0050   0.0130  -0.0021   0.0013  -0.0038   0.00    3.5
2046 358334.000   34.215950782  117.135951464    47.4150   1  11   0.0059    0.0051   0.0143  -0.0026  -0.0023  -0.0016   0.00   67.0
2046 358333.000   34.215981246  117.136007539    47.3647   1  11   0.0059    0.0051   0.0143  -0.0026  -0.0023  -0.0016   0.00   27.2
2046 358332.000   34.216010387  117.136066885    47.3037   1  12   0.0056    0.0050   0.0130  -0.0021   0.0013  -0.0038   0.00   35.6
2046 358331.000   34.216037149  117.136127554    47.2332   1  12   0.0056    0.0050   0.0130  -0.0021   0.0013  -0.0038   0.00   31.1
2046 358330.000   34.216061094  117.136189649    47.2191   1  12   0.0056    0.0050   0.0130  -0.0021   0.0013  -0.0038   0.00   26.6
2046 358329.000   34.216082484  117.136252047    47.2233   1  12   0.0056    0.0050   0.0130  -0.0021   0.0013  -0.0038   0.00   38.9
2046 358328.000   34.216101769  117.136314231    47.2021   1  12   0.0056    0.0050   0.0130  -0.0021   0.0013  -0.0038   0.00   37.2
2046 358327.000   34.216119657  117.136375469    47.1745   1  12   0.0056    0.0050   0.0130  -0.0021   0.0012  -0.0038   0.00   68.3
2046 358326.000   34.216135278  117.136434605    47.1524   1  11   0.0062    0.0052   0.0151  -0.0007  -0.0032  -0.0059   0.00   53.6
2046 358325.000   34.216148005  117.136491533    47.1250   1  11   0.0062    0.0052   0.0151  -0.0007  -0.0032  -0.0059   0.00   88.4
2046 358324.000   34.216158280  117.136547434    47.0853   1  11   0.0062    0.0052   0.0151  -0.0007  -0.0032  -0.0059   0.00   85.7
2046 358323.000   34.216166151  117.136601354    47.0504   1  11   0.0062    0.0052   0.0151  -0.0007  -0.0032  -0.0059   0.00  179.1
2046 358322.000   34.216172399  117.136650921    47.0267   1  11   0.0062    0.0052   0.0151  -0.0006  -0.0032  -0.0059   0.00  265.1
2046 358321.000   34.216178323  117.136698095    47.0000   1  12   0.0056    0.0050   0.0130  -0.0021   0.0012  -0.0038   0.00  197.0
2046 358320.000   34.216183937  117.136744807    46.9665   1  11   0.0062    0.0052   0.0151  -0.0007  -0.0032  -0.0059   0.00   51.8
2046 358319.000   34.216188559  117.136790792    46.9414   1  10   0.0064    0.0054   0.0168  -0.0016  -0.0046  -0.0048   0.00  142.2
2046 358318.000   34.216192861  117.136837307    46.8999   1  10   0.0064    0.0054   0.0168  -0.0016  -0.0046  -0.0048   0.00  206.1
2046 358317.000   34.216196752  117.136883385    46.8623   1  10   0.0064    0.0054   0.0168  -0.0016  -0.0046  -0.0048   0.00  143.3
2046 358316.000   34.216200455  117.136929441    46.8511   1  10   0.0064    0.0054   0.0168  -0.0016  -0.0046  -0.0048   0.00  350.5
2046 358315.000   34.216204737  117.136975549    46.8567   1  10   0.0064    0.0054   0.0168  -0.0016  -0.0046  -0.0048   0.00  149.4
2046 358314.000   34.216209863  117.137020706    46.8253   1  11   0.0059    0.0051   0.0143  -0.0026  -0.0023  -0.0015   0.00  123.1
2046 358313.000   34.216215768  117.137065012    46.8052   1  11   0.0059    0.0051   0.0144  -0.0026  -0.0023  -0.0015   0.00   61.9
2046 358312.000   34.216222783  117.137108563    46.7802   1  11   0.0059    0.0051   0.0144  -0.0026  -0.0023  -0.0015   0.00  102.6
2046 358311.000   34.216231523  117.137150389    46.7679   1  11   0.0060    0.0051   0.0144  -0.0026  -0.0023  -0.0015   0.00   48.0
2046 358310.000   34.216242536  117.137192976    46.7576   1  12   0.0056    0.0050   0.0130  -0.0021   0.0012  -0.0037   0.00   36.0
2046 358309.000   34.216255940  117.137236556    46.7192   1  11   0.0059    0.0051   0.0144  -0.0026  -0.0023  -0.0014   0.00   43.3
2046 358308.000   34.216270684  117.137278649    46.6765   1  11   0.0059    0.0051   0.0144  -0.0026  -0.0023  -0.0014   0.00   47.1
2046 358307.000   34.216287221  117.137320268    46.6276   1  11   0.0059    0.0051   0.0144  -0.0026  -0.0024  -0.0014   0.00   70.7
2046 358306.000   34.216306179  117.137362181    46.5725   1  11   0.0059    0.0051   0.0144  -0.0026  -0.0024  -0.0014   0.00   62.9
2046 358305.000   34.216326854  117.137402328    46.5193   1  11   0.0059    0.0051   0.0144  -0.0026  -0.0024  -0.0014   0.00   25.0
2046 358304.000   34.216350376  117.137440776    46.4734   1  11   0.0059    0.0057   0.0146  -0.0031   0.0045  -0.0051   0.00   62.1
2046 358303.000   34.216375777  117.137476978    46.4193   1  11   0.0060    0.0051   0.0144  -0.0026  -0.0024  -0.0014   0.00   17.4
2046 358302.000   34.216403839  117.137510745    46.3483   1  11   0.0059    0.0057   0.0146  -0.0031   0.0045  -0.0051   0.00   22.8
2046 358301.000   34.216434329  117.137542274    46.2791   1  11   0.0059    0.0057   0.0146  -0.0030   0.0045  -0.0051   0.00   33.8
2046 358300.000   34.216465116  117.137572203    46.2468   1  12   0.0056    0.0050   0.0130  -0.0021   0.0012  -0.0037   0.00    4.4
2046 358299.000   34.216495812  117.137600695    46.1526   1  12   0.0056    0.0050   0.0130  -0.0021   0.0012  -0.0037   0.00   17.5
2046 358298.000   34.216525389  117.137628426    46.0678   1  11   0.0059    0.0057   0.0146  -0.0031   0.0045  -0.0051   0.00   21.3
2046 358297.000   34.216553347  117.137655405    46.0085   1  10   0.0061    0.0073   0.0187  -0.0040   0.0085  -0.0066   0.00   13.4
2046 358296.000   34.216582495  117.137682748    45.9416   1   8   0.0066    0.0086   0.0217  -0.0051   0.0100  -0.0064   0.00   35.4
2046 358295.000   34.216612400  117.137711771    45.9024   1   9   0.0063    0.0073   0.0209  -0.0040   0.0085  -0.0054   0.00   10.9
2046 358294.000   34.216641843  117.137743057    45.8348   1  10   0.0061    0.0073   0.0187  -0.0040   0.0085  -0.0066   0.00   39.6
2046 358293.000   34.216670892  117.137777702    45.7817   1  10   0.0065    0.0086   0.0193  -0.0052   0.0097  -0.0074   0.00   92.9
2046 358292.000   34.216700751  117.137813792    45.7167   1  10   0.0065    0.0086   0.0193  -0.0052   0.0097  -0.0074   0.00   49.8
2046 358291.000   34.216731171  117.137849615    45.6538   1  11   0.0056    0.0054   0.0143  -0.0023   0.0038  -0.0040   0.00   82.7
2046 358290.000   34.216762205  117.137884460    45.6019   1  10   0.0061    0.0073   0.0187  -0.0040   0.0085  -0.0066   0.00    5.4
2046 358289.000   34.216793461  117.137916195    45.5415   1   9   0.0063    0.0073   0.0208  -0.0041   0.0085  -0.0054   0.00   44.8
2046 358288.000   34.216825717  117.137947297    45.5193   1   9   0.0063    0.0073   0.0208  -0.0040   0.0085  -0.0054   0.00   23.7
2046 358287.000   34.216858757  117.137978620    45.4688   1   9   0.0063    0.0073   0.0208  -0.0040   0.0085  -0.0054   0.00   40.0
2046 358286.000   34.216891333  117.138009447    45.4391   1  12   0.0053    0.0053   0.0128  -0.0021   0.0023  -0.0029   0.00    3.7
2046 358285.000   34.216923727  117.138040187    45.3668   1  13   0.0053    0.0048   0.0120  -0.0015  -0.0020  -0.0021   0.00    5.6
2046 358284.000   34.216956127  117.138070799    45.2385   1  10   0.0062    0.0058   0.0160  -0.0033   0.0036  -0.0036   0.00   12.7
2046 358283.000   34.216987377  117.138100755    45.1336   1  11   0.0059    0.0057   0.0146  -0.0030   0.0044  -0.0050   0.00   11.0
2046 358282.000   34.217016779  117.138130145    45.0463   1  12   0.0056    0.0050   0.0130  -0.0021   0.0011  -0.0037   0.00   31.2
2046 358281.000   34.217045203  117.138160031    44.9881   1  11   0.0060    0.0051   0.0144  -0.0026  -0.0024  -0.0013   0.00   53.7
2046 358280.000   34.217072655  117.138189901    44.9514   1  11   0.0060    0.0051   0.0144  -0.0026  -0.0024  -0.0013   0.00   46.4
2046 358279.000   34.217100013  117.138218307    44.9239   1  11   0.0060    0.0051   0.0144  -0.0026  -0.0024  -0.0013   0.00  105.2
2046 358278.000   34.217127214  117.138244822    44.8890   1  11   0.0060    0.0051   0.0144  -0.0026  -0.0024  -0.0012   0.00   78.2
2046 358277.000   34.217152936  117.138268952    44.8365   1  10   0.0062    0.0058   0.0160  -0.0033   0.0036  -0.0036   0.00   92.1
2046 358276.000   34.217176747  117.138290383    44.7877   1   9   0.0063    0.0073   0.0208  -0.0040   0.0085  -0.0053   0.00  107.3
2046 358275.000   34.217199720  117.138310652    44.7411   1   9   0.0063    0.0073   0.0208  -0.0040   0.0085  -0.0053   0.00   23.5
2046 358274.000   34.217223467  117.138330928    44.6975   1   9   0.0063    0.0073   0.0208  -0.0040   0.0085  -0.0053   0.00   38.2
2046 358273.000   34.217249450  117.138352740    44.6511   1   9   0.0063    0.0073   0.0208  -0.0040   0.0085  -0.0053   0.00   27.1
2046 358272.000   34.217275684  117.138374588    44.6310   1   9   0.0063    0.0073   0.0208  -0.0040   0.0085  -0.0053   0.00   10.5
2046 358271.000   34.217303307  117.138398473    44.5705   1   9   0.0063    0.0073   0.0208  -0.0040   0.0085  -0.0053   0.00   27.8
2046 358270.000   34.217330812  117.138421928    44.5078   1   9   0.0063    0.0073   0.0208  -0.0040   0.0085  -0.0053   0.00   18.2
2046 358269.000   34.217356388  117.138443972    44.4588   1   9   0.0063    0.0073   0.0208  -0.0040   0.0085  -0.0053   0.00   15.9
2046 358268.000   34.217383552  117.138468211    44.4126   1   9   0.0063    0.0073   0.0208  -0.0040   0.0085  -0.0053   0.00   18.5
2046 358267.000   34.217412938  117.138495104    44.3836   1  10   0.0062    0.0058   0.0160  -0.0033   0.0036  -0.0036   0.00   15.7
2046 358266.000   34.217444236  117.138524143    44.3120   1   9   0.0063    0.0073   0.0208  -0.0040   0.0085  -0.0053   0.00   20.1
2046 358265.000   34.217475297  117.138553384    44.2489   1   9   0.0063    0.0073   0.0208  -0.0040   0.0085  -0.0053   0.00   16.5
2046 358264.000   34.217505493  117.138581878    44.1865   1   9   0.0063    0.0073   0.0208  -0.0040   0.0085  -0.0053   0.00   16.4
2046 358263.000   34.217535270  117.138611197    44.1178   1   9   0.0063    0.0073   0.0208  -0.0040   0.0085  -0.0053   0.00   13.2
2046 358262.000   34.217564935  117.138640948    44.0554   1  10   0.0063    0.0073   0.0208  -0.0040   0.0084  -0.0053   0.00   18.8
2046 358261.000   34.217594964  117.138670220    43.9934   1  10   0.0062    0.0058   0.0160  -0.0033   0.0036  -0.0036   0.00   17.5
2046 358260.000   34.217625487  117.138699214    43.9454   1  10   0.0062    0.0058   0.0160  -0.0033   0.0036  -0.0036   0.00   13.3
2046 358259.000   34.217656348  117.138728708    43.9000   1  10   0.0061    0.0072   0.0186  -0.0040   0.0085  -0.0066   0.00    9.7
2046 358258.000   34.217687618  117.138758116    43.8188   1   9   0.0063    0.0072   0.0208  -0.0040   0.0084  -0.0053   0.00   26.6
2046 358257.000   34.217718912  117.138787195    43.7696   1   9   0.0063    0.0072   0.0208  -0.0040   0.0084  -0.0053   0.00   27.0
2046 358256.000   34.217749908  117.138815509    43.7115   1   9   0.0063    0.0072   0.0208  -0.0040   0.0084  -0.0053   0.00   15.1
2046 358255.000   34.217780124  117.138843096    43.6527   1   9   0.0063    0.0072   0.0208  -0.0040   0.0084  -0.0053   0.00   16.0
2046 358254.000   34.217808690  117.138869546    43.5822   1   9   0.0063    0.0072   0.0208  -0.0040   0.0084  -0.0053   0.00   12.5
2046 358253.000   34.217836959  117.138896225    43.5349   1   9   0.0063    0.0072   0.0208  -0.0040   0.0084  -0.0053   0.00    8.0
2046 358252.000   34.217865242  117.138922705    43.4741   1   9   0.0063    0.0072   0.0208  -0.0040   0.0084  -0.0053   0.00   21.2
2046 358251.000   34.217892802  117.138949317    43.4239   1   9   0.0063    0.0072   0.0208  -0.0040   0.0084  -0.0053   0.00   16.4
2046 358250.000   34.217919787  117.138976702    43.3912   1  11   0.0060    0.0051   0.0144  -0.0026  -0.0025  -0.0010   0.00   29.4
2046 358249.000   34.217946397  117.139004534    43.3921   2  11   0.0818    0.0662   0.1999  -0.0319  -0.0258   0.0606   0.00    1.6
2046 358248.000   34.217972459  117.139029932    43.2823   1  12   0.0060    0.0051   0.0144  -0.0026  -0.0025  -0.0011   0.00   24.1
2046 358247.000   34.217997692  117.139052887    43.2283   1  11   0.0059    0.0057   0.0146  -0.0030   0.0044  -0.0050   0.00   11.8
2046 358246.000   34.218019279  117.139072243    43.1771   1  11   0.0059    0.0057   0.0146  -0.0030   0.0044  -0.0050   0.00   27.4
2046 358245.000   34.218039554  117.139090231    43.1539   1  11   0.0059    0.0057   0.0146  -0.0030   0.0044  -0.0050   0.00    5.2
2046 358244.000   34.218061957  117.139110512    43.1154   1  12   0.0054    0.0053   0.0128  -0.0021   0.0023  -0.0029   0.00   10.8
2046 358243.000   34.218086298  117.139133276    43.1004   1  13   0.0053    0.0048   0.0121  -0.0015  -0.0021  -0.0021   0.00    4.5
2046 358242.000   34.218112742  117.139157858    43.0532   1  12   0.0056    0.0049   0.0130  -0.0021   0.0010  -0.0037   0.00    4.6
2046 358241.000   34.218141468  117.139184217    42.9802   1  10   0.0062    0.0058   0.0160  -0.0033   0.0035  -0.0035   0.00   25.0
2046 358240.000   34.218172700  117.139212190    42.9341   1  11   0.0053    0.0061   0.0144  -0.0022   0.0050  -0.0031   0.00   11.0
2046 358239.000   34.218204050  117.139239924    42.8760   1  11   0.0054    0.0061   0.0144  -0.0022   0.0050  -0.0031   0.00   25.4
2046 358238.000   34.218235131  117.139267288    42.8092   1  10   0.0060    0.0055   0.0160  -0.0026   0.0027  -0.0010   0.00   31.6
2046 358237.000   34.218265592  117.139294471    42.7420   1  10   0.0060    0.0055   0.0160  -0.0026   0.0027  -0.0010   0.00   41.9
2046 358236.000   34.218295203  117.139321725    42.6933   1  11   0.0060    0.0051   0.0144  -0.0026  -0.0026  -0.0009   0.00   20.2
2046 358235.000   34.218324707  117.139348749    42.6419   1  11   0.0060    0.0051   0.0144  -0.0026  -0.0025  -0.0009   0.00   46.1
2046 358234.000   34.218354518  117.139376800    42.5802   1  11   0.0060    0.0051   0.0144  -0.0026  -0.0026  -0.0009   0.00   32.5
2046 358233.000   34.218385397  117.139406971    42.5240   1  11   0.0060    0.0051   0.0144  -0.0026  -0.0026  -0.0009   0.00   52.1
2046 358232.000   34.218416454  117.139437150    42.4646   1  11   0.0060    0.0051   0.0144  -0.0026  -0.0026  -0.0009   0.00   23.2
2046 358231.000   34.218447846  117.139466312    42.4125   1  12   0.0056    0.0049   0.0130  -0.0021   0.0009  -0.0037   0.00    7.0
2046 358230.000   34.218479300  117.139494656    42.3102   1  12   0.0056    0.0049   0.0130  -0.0021   0.0009  -0.0037   0.00   15.6
2046 358229.000   34.218510445  117.139524261    42.2596   1  12   0.0056    0.0049   0.0130  -0.0021   0.0009  -0.0037   0.00   12.4
2046 358228.000   34.218541842  117.139554657    42.1887   1  10   0.0061    0.0072   0.0186  -0.0040   0.0084  -0.0065   0.00   28.0
2046 358227.000   34.218573409  117.139585291    42.1267   1  10   0.0061    0.0072   0.0186  -0.0040   0.0084  -0.0065   0.00   35.4
2046 358226.000   34.218604875  117.139616153    42.0685   1  10   0.0061    0.0072   0.0186  -0.0040   0.0084  -0.0065   0.00   20.6
2046 358225.000   34.218636556  117.139647216    42.0284   1  11   0.0056    0.0054   0.0142  -0.0022   0.0037  -0.0039   0.00    9.8
2046 358224.000   34.218669295  117.139678389    41.9451   1  11   0.0059    0.0057   0.0146  -0.0030   0.0043  -0.0050   0.00   16.0
2046 358223.000   34.218703140  117.139710031    41.8795   1  10   0.0062    0.0057   0.0160  -0.0034   0.0034  -0.0035   0.00   10.7
2046 358222.000   34.218738016  117.139742483    41.8191   1  11   0.0060    0.0051   0.0144  -0.0026  -0.0026  -0.0008   0.00    9.9
2046 358221.000   34.218773450  117.139775190    41.7268   1  11   0.0060    0.0051   0.0144  -0.0026  -0.0026  -0.0008   0.00   77.8
2046 358220.000   34.218807824  117.139807742    41.6458   1  11   0.0060    0.0051   0.0144  -0.0026  -0.0026  -0.0008   0.00   50.1
2046 358219.000   34.218840510  117.139838312    41.5862   1  12   0.0056    0.0049   0.0130  -0.0021   0.0009  -0.0037   0.00   22.1
2046 358218.000   34.218871737  117.139867653    41.5273   1  11   0.0054    0.0061   0.0144  -0.0022   0.0050  -0.0031   0.00   23.3
2046 358217.000   34.218902952  117.139897189    41.4866   1  12   0.0053    0.0052   0.0128  -0.0014   0.0019  -0.0018   0.00    8.8
2046 358216.000   34.218934453  117.139926360    41.4061   1  12   0.0056    0.0049   0.0130  -0.0021   0.0008  -0.0037   0.00   19.2
2046 358215.000   34.218966288  117.139955753    41.3599   1  12   0.0056    0.0049   0.0130  -0.0021   0.0009  -0.0037   0.00    7.6
2046 358214.000   34.218998990  117.139986231    41.3024   1  12   0.0056    0.0049   0.0130  -0.0021   0.0008  -0.0037   0.00    9.5
2046 358213.000   34.219033215  117.140018639    41.2196   1  12   0.0056    0.0049   0.0130  -0.0021   0.0008  -0.0037   0.00   25.5
2046 358212.000   34.219068031  117.140051835    41.1586   1  12   0.0056    0.0049   0.0130  -0.0021   0.0008  -0.0037   0.00   25.6
2046 358211.000   34.219103851  117.140085272    41.0998   1  11   0.0060    0.0051   0.0144  -0.0026  -0.0026  -0.0007   0.00   43.4
2046 358210.000   34.219139784  117.140118135    41.0174   1  12   0.0057    0.0050   0.0135  -0.0022  -0.0035   0.0030   0.00   20.6
2046 358209.000   34.219175190  117.140149977    40.9445   1  12   0.0057    0.0050   0.0135  -0.0022  -0.0035   0.0030   0.00   36.2
2046 358208.000   34.219209122  117.140179884    40.8806   1  11   0.0060    0.0051   0.0144  -0.0026  -0.0026  -0.0006   0.00   55.9
2046 358207.000   34.219242671  117.140209332    40.8200   1  12   0.0057    0.0050   0.0135  -0.0022  -0.0035   0.0030   0.00   37.2
2046 358206.000   34.219275543  117.140239061    40.7526   1  12   0.0056    0.0049   0.0130  -0.0021   0.0008  -0.0037   0.00   13.8
2046 358205.000   34.219307993  117.140269628    40.6950   1  12   0.0056    0.0049   0.0130  -0.0021   0.0008  -0.0037   0.00    9.4
2046 358204.000   34.219340172  117.140300519    40.6374   1  12   0.0056    0.0049   0.0130  -0.0021   0.0008  -0.0037   0.00   14.5
2046 358203.000   34.219372262  117.140330979    40.5765   1  12   0.0056    0.0049   0.0130  -0.0021   0.0008  -0.0037   0.00   73.7
2046 358202.000   34.219404365  117.140361004    40.5131   1  12   0.0056    0.0049   0.0130  -0.0021   0.0008  -0.0037   0.00   33.7
2046 358201.000   34.219436148  117.140390617    40.4408   1  13   0.0053    0.0048   0.0121  -0.0015  -0.0021  -0.0021   0.00   18.9
2046 358200.000   34.219467718  117.140420047    40.3832   1  11   0.0059    0.0056   0.0145  -0.0030   0.0043  -0.0050   0.00    7.7
2046 358199.000   34.219499455  117.140450025    40.3021   1  10   0.0062    0.0057   0.0160  -0.0034   0.0034  -0.0034   0.00   35.1
2046 358198.000   34.219531765  117.140480429    40.2642   1  12   0.0056    0.0049   0.0130  -0.0021   0.0008  -0.0036   0.00    8.3
2046 358197.000   34.219563924  117.140511593    40.1750   1  12   0.0056    0.0049   0.0130  -0.0021   0.0008  -0.0036   0.00   19.1
2046 358196.000   34.219595531  117.140543593    40.1110   1  12   0.0056    0.0049   0.0130  -0.0021   0.0008  -0.0036   0.00   50.5
2046 358195.000   34.219626679  117.140575188    40.0446   1  12   0.0056    0.0049   0.0130  -0.0021   0.0008  -0.0036   0.00   53.3
2046 358194.000   34.219658517  117.140606515    39.9711   1  10   0.0061    0.0072   0.0185  -0.0040   0.0084  -0.0065   0.00   35.7
2046 358193.000   34.219691149  117.140638003    39.9164   1  10   0.0061    0.0072   0.0185  -0.0040   0.0083  -0.0065   0.00    3.2
2046 358192.000   34.219724065  117.140669681    39.8391   1  10   0.0061    0.0072   0.0185  -0.0040   0.0083  -0.0065   0.00   22.8
2046 358191.000   34.219756728  117.140702077    39.7905   1  12   0.0056    0.0049   0.0130  -0.0021   0.0007  -0.0036   0.00   13.5
2046 358190.000   34.219789859  117.140734237    39.7091   1  12   0.0056    0.0049   0.0130  -0.0021   0.0007  -0.0036   0.00   25.9
2046 358189.000   34.219823569  117.140766044    39.6362   1  12   0.0056    0.0049   0.0130  -0.0021   0.0007  -0.0036   0.00   26.0
2046 358188.000   34.219858231  117.140798018    39.5580   1  12   0.0056    0.0049   0.0130  -0.0021   0.0007  -0.0036   0.00   34.7
2046 358187.000   34.219893214  117.140830381    39.4834   1  12   0.0056    0.0049   0.0130  -0.0021   0.0007  -0.0036   0.00   29.6
2046 358186.000   34.219928441  117.140863683    39.4494   1  11   0.0056    0.0054   0.0142  -0.0022   0.0036  -0.0039   0.00    7.1
2046 358185.000   34.219963485  117.140896867    39.3454   1  10   0.0062    0.0057   0.0160  -0.0034   0.0033  -0.0034   0.00   27.4
2046 358184.000   34.219999653  117.140930525    39.2763   1  10   0.0062    0.0057   0.0160  -0.0034   0.0033  -0.0034   0.00   21.1
2046 358183.000   34.220036053  117.140963961    39.2386   1  12   0.0054    0.0053   0.0128  -0.0021   0.0022  -0.0029   0.00    8.0
2046 358182.000   34.220073737  117.140998176    39.1664   1  11   0.0059    0.0056   0.0145  -0.0030   0.0043  -0.0050   0.00    5.5
2046 358181.000   34.220109979  117.141030851    39.0687   1  12   0.0056    0.0049   0.0130  -0.0021   0.0007  -0.0036   0.00   31.5
2046 358180.000   34.220143508  117.141061601    39.0113   1  13   0.0053    0.0048   0.0121  -0.0016  -0.0021  -0.0020   0.00   17.8
2046 358179.000   34.220175629  117.141091092    38.9409   1  12   0.0057    0.0050   0.0136  -0.0022  -0.0035   0.0030   0.00    9.6
2046 358178.000   34.220205222  117.141118612    38.8739   1  12   0.0056    0.0049   0.0130  -0.0021   0.0007  -0.0036   0.00   35.4
2046 358177.000   34.220233696  117.141145752    38.8129   1  12   0.0056    0.0049   0.0130  -0.0021   0.0007  -0.0036   0.00   24.7
2046 358176.000   34.220262210  117.141173043    38.7599   1  10   0.0061    0.0072   0.0185  -0.0040   0.0083  -0.0065   0.00    7.3
2046 358175.000   34.220290758  117.141200465    38.6966   1  12   0.0053    0.0052   0.0128  -0.0014   0.0018  -0.0018   0.00   18.1
2046 358174.000   34.220319110  117.141227913    38.6442   1  13   0.0053    0.0048   0.0121  -0.0015  -0.0021  -0.0020   0.00   12.9
2046 358173.000   34.220346651  117.141255739    38.5718   1  13   0.0053    0.0048   0.0121  -0.0015  -0.0021  -0.0020   0.00   28.8
2046 358172.000   34.220373403  117.141283980    38.5163   1  13   0.0053    0.0048   0.0121  -0.0015  -0.0021  -0.0020   0.00   17.3
2046 358171.000   34.220399410  117.141311245    38.4593   1  12   0.0056    0.0049   0.0130  -0.0021   0.0006  -0.0036   0.00   26.7
2046 358170.000   34.220425868  117.141336921    38.4143   1  11   0.0054    0.0061   0.0144  -0.0022   0.0050  -0.0031   0.00   13.5
2046 358169.000   34.220452852  117.141362413    38.3472   1  11   0.0054    0.0061   0.0144  -0.0022   0.0050  -0.0031   0.00   22.0
2046 358168.000   34.220480071  117.141388412    38.2901   1  11   0.0054    0.0061   0.0144  -0.0022   0.0050  -0.0031   0.00   26.5
2046 358167.000   34.220506671  117.141415586    38.2570   1  13   0.0053    0.0048   0.0121  -0.0015  -0.0021  -0.0020   0.00    9.4
2046 358166.000   34.220531806  117.141445094    38.1980   1  13   0.0053    0.0048   0.0121  -0.0015  -0.0021  -0.0020   0.00   25.9
2046 358165.000   34.220555835  117.141477949    38.1247   1  13   0.0053    0.0048   0.0121  -0.0015  -0.0021  -0.0020   0.00   60.4
2046 358164.000   34.220578351  117.141512500    38.0652   1  12   0.0056    0.0049   0.0130  -0.0021   0.0006  -0.0036   0.00   16.6
2046 358163.000   34.220598626  117.141549998    38.0022   1  12   0.0056    0.0049   0.0130  -0.0021   0.0006  -0.0036   0.00   25.8
2046 358162.000   34.220616214  117.141591168    37.9301   1  12   0.0056    0.0049   0.0130  -0.0021   0.0006  -0.0036   0.00   34.8
2046 358161.000   34.220628746  117.141635207    37.8710   1  12   0.0056    0.0049   0.0130  -0.0021   0.0006  -0.0036   0.00   24.9
2046 358160.000   34.220634147  117.141680637    37.8329   1  13   0.0053    0.0048   0.0121  -0.0015  -0.0021  -0.0020   0.00   13.6
2046 358159.000   34.220634071  117.141725077    37.7926   1  12   0.0057    0.0050   0.0136  -0.0023  -0.0035   0.0031   0.00   27.7
2046 358158.000   34.220631074  117.141766438    37.7821   1  12   0.0057    0.0050   0.0136  -0.0022  -0.0035   0.0031   0.00   11.9
2046 358157.000   34.220626020  117.141805892    37.7763   1  11   0.0059    0.0054   0.0154  -0.0013  -0.0053  -0.0015   0.00   16.2
2046 358156.000   34.220620401  117.141843253    37.7493   1  12   0.0057    0.0050   0.0136  -0.0023  -0.0035   0.0031   0.00   23.0
2046 358155.000   34.220614257  117.141880234    37.7126   1  12   0.0057    0.0050   0.0136  -0.0023  -0.0035   0.0031   0.00   15.7
2046 358154.000   34.220607722  117.141916955    37.6860   1  12   0.0057    0.0050   0.0136  -0.0022  -0.0035   0.0031   0.00   56.7
2046 358153.000   34.220601151  117.141953639    37.6709   1  12   0.0057    0.0050   0.0136  -0.0023  -0.0035   0.0031   0.00   10.5
2046 358152.000   34.220594650  117.141991235    37.6267   1  12   0.0057    0.0050   0.0136  -0.0022  -0.0035   0.0031   0.00   53.0
2046 358151.000   34.220587526  117.142029229    37.5985   1  12   0.0057    0.0050   0.0136  -0.0023  -0.0035   0.0031   0.00   31.3
2046 358150.000   34.220580452  117.142066238    37.5503   1  12   0.0057    0.0050   0.0136  -0.0023  -0.0035   0.0031   0.00   81.4
2046 358149.000   34.220573133  117.142102926    37.5197   1  11   0.0059    0.0054   0.0154  -0.0013  -0.0053  -0.0015   0.00   20.0
2046 358148.000   34.220565557  117.142140204    37.4638   1  11   0.0059    0.0054   0.0154  -0.0012  -0.0053  -0.0015   0.00   37.4
2046 358147.000   34.220557580  117.142177585    37.4269   1  12   0.0057    0.0050   0.0136  -0.0023  -0.0035   0.0031   0.00   26.9
2046 358146.000   34.220549054  117.142214849    37.3803   1  10   0.0064    0.0054   0.0170  -0.0016  -0.0050  -0.0045   0.00   71.5
2046 358145.000   34.220539844  117.142251934    37.3424   1  10   0.0064    0.0054   0.0171  -0.0016  -0.0050  -0.0045   0.00   28.4
2046 358144.000   34.220530285  117.142288877    37.3029   1  10   0.0064    0.0054   0.0171  -0.0016  -0.0050  -0.0045   0.00   34.1
2046 358143.000   34.220521454  117.142325266    37.2729   1  10   0.0064    0.0054   0.0171  -0.0016  -0.0050  -0.0044   0.00   47.6
2046 358142.000   34.220514120  117.142363238    37.2620   1  11   0.0059    0.0054   0.0154  -0.0013  -0.0053  -0.0015   0.00   12.1
2046 358141.000   34.220508971  117.142401232    37.2118   1  11   0.0059    0.0054   0.0154  -0.0013  -0.0053  -0.0015   0.00   63.9
2046 358140.000   34.220504855  117.142438540    37.1563   1  10   0.0064    0.0054   0.0171  -0.0016  -0.0050  -0.0044   0.00   86.4
2046 358139.000   34.220500571  117.142475835    37.1188   1  10   0.0064    0.0054   0.0171  -0.0016  -0.0050  -0.0044   0.00   89.3
2046 358138.000   34.220495400  117.142513712    37.0752   1  10   0.0064    0.0054   0.0171  -0.0016  -0.0050  -0.0044   0.00   74.9
2046 358137.000   34.220489277  117.142552782    37.0452   1  10   0.0064    0.0054   0.0171  -0.0016  -0.0050  -0.0044   0.00   73.8
2046 358136.000   34.220482683  117.142592237    37.0135   1  10   0.0064    0.0054   0.0171  -0.0016  -0.0050  -0.0044   0.00   34.5
2046 358135.000   34.220476142  117.142631211    36.9679   1  10   0.0064    0.0054   0.0171  -0.0016  -0.0050  -0.0044   0.00   31.9
2046 358134.000   34.220469485  117.142669136    36.9261   1  10   0.0064    0.0054   0.0171  -0.0016  -0.0051  -0.0044   0.00   42.1
2046 358133.000   34.220462255  117.142706566    36.9079   1  10   0.0064    0.0054   0.0171  -0.0016  -0.0051  -0.0044   0.00   10.5
2046 358132.000   34.220455216  117.142744183    36.8451   1  10   0.0064    0.0054   0.0171  -0.0016  -0.0051  -0.0044   0.00   77.3
2046 358131.000   34.220447924  117.142781593    36.8054   1  10   0.0064    0.0054   0.0171  -0.0016  -0.0051  -0.0044   0.00   59.2
2046 358130.000   34.220440761  117.142819014    36.7587   1  10   0.0064    0.0054   0.0171  -0.0016  -0.0051  -0.0044   0.00  139.3
2046 358129.000   34.220433590  117.142856449    36.7202   1  10   0.0064    0.0054   0.0171  -0.0016  -0.0051  -0.0044   0.00  255.9
2046 358128.000   34.220426312  117.142893496    36.6850   1  10   0.0064    0.0054   0.0171  -0.0016  -0.0051  -0.0044   0.00   42.6
2046 358127.000   34.220419547  117.142930045    36.6551   1  10   0.0064    0.0054   0.0171  -0.0016  -0.0051  -0.0044   0.00   65.1
2046 358126.000   34.220413522  117.142966778    36.6102   1  10   0.0064    0.0054   0.0171  -0.0016  -0.0051  -0.0044   0.00  134.0
2046 358125.000   34.220407753  117.143004067    36.5813   1  10   0.0064    0.0054   0.0171  -0.0016  -0.0051  -0.0044   0.00  170.5
2046 358124.000   34.220401631  117.143041866    36.5397   1  10   0.0064    0.0054   0.0171  -0.0016  -0.0051  -0.0044   0.00  161.2
2046 358123.000   34.220394692  117.143079381    36.5109   1  10   0.0064    0.0054   0.0171  -0.0016  -0.0051  -0.0044   0.00   26.3
2046 358122.000   34.220387325  117.143116605    36.4802   1  10   0.0064    0.0054   0.0171  -0.0016  -0.0051  -0.0044   0.00   28.2
2046 358121.000   34.220379823  117.143153145    36.4375   1  10   0.0064    0.0054   0.0171  -0.0016  -0.0051  -0.0044   0.00   20.8
2046 358120.000   34.220372484  117.143189721    36.3901   1  10   0.0064    0.0054   0.0171  -0.0016  -0.0051  -0.0044   0.00   21.8
2046 358119.000   34.220365148  117.143226054    36.3384   1  10   0.0064    0.0054   0.0171  -0.0016  -0.0051  -0.0044   0.00  119.5
2046 358118.000   34.220358014  117.143262488    36.3242   1   9   0.0064    0.0057   0.0192  -0.0018  -0.0034  -0.0048   0.00   14.2
2046 358117.000   34.220351131  117.143299175    36.2793   1  11   0.0079    0.0067   0.0206   0.0036  -0.0062  -0.0076   0.00   51.8
2046 358116.000   34.220343844  117.143335700    36.2342   1   9   0.0079    0.0067   0.0206   0.0036  -0.0062  -0.0076   0.00   19.4
2046 358115.000   34.220336733  117.143371485    36.2059   1   9   0.0079    0.0067   0.0206   0.0036  -0.0062  -0.0076   0.00   56.8
2046 358114.000   34.220330525  117.143407034    36.1765   1  10   0.0079    0.0063   0.0174   0.0037  -0.0038  -0.0079   0.00   13.0
2046 358113.000   34.220324768  117.143443007    36.1303   1  11   0.0079    0.0059   0.0161   0.0038  -0.0054  -0.0078   0.00   45.3
2046 358112.000   34.220318568  117.143478799    36.1064   1  12   0.0064    0.0052   0.0131   0.0012  -0.0016  -0.0042   0.00   11.4
2046 358111.000   34.220312254  117.143514400    36.0633   1  12   0.0056    0.0049   0.0130  -0.0020  -0.0002  -0.0036   0.00   28.9
2046 358110.000   34.220305586  117.143549275    36.0192   1  11   0.0062    0.0052   0.0151   0.0005  -0.0036  -0.0057   0.00   20.6
2046 358109.000   34.220298909  117.143583924    36.0007   1  12   0.0056    0.0049   0.0130  -0.0021  -0.0002  -0.0036   0.00   20.1
2046 358108.000   34.220292805  117.143618580    35.9400   1  12   0.0056    0.0049   0.0130  -0.0020  -0.0003  -0.0036   0.00   23.9
2046 358107.000   34.220286577  117.143653220    35.8940   1  12   0.0056    0.0049   0.0130  -0.0021  -0.0003  -0.0036   0.00   27.7
2046 358106.000   34.220280983  117.143687673    35.8530   1  12   0.0056    0.0049   0.0130  -0.0020  -0.0003  -0.0036   0.00   32.5
2046 358105.000   34.220276314  117.143720859    35.8369   1  13   0.0053    0.0048   0.0121  -0.0015  -0.0022  -0.0020   0.00   17.1
2046 358104.000   34.220273286  117.143752658    35.7924   1  12   0.0056    0.0049   0.0130  -0.0020  -0.0003  -0.0036   0.00   43.0
2046 358103.000   34.220271742  117.143782873    35.7529   1  12   0.0056    0.0049   0.0130  -0.0021  -0.0003  -0.0036   0.00   33.8
2046 358102.000   34.220272196  117.143811421    35.7090   1  12   0.0056    0.0049   0.0130  -0.0020  -0.0003  -0.0036   0.00   41.1
2046 358101.000   34.220274810  117.143838746    35.6643   1  12   0.0056    0.0049   0.0130  -0.0020  -0.0003  -0.0036   0.00   53.0
2046 358100.000   34.220278870  117.143865294    35.6279   1  12   0.0056    0.0049   0.0130  -0.0020  -0.0004  -0.0036   0.00   46.1
2046 358099.000   34.220282710  117.143889227    35.6563   1  12   0.0056    0.0049   0.0130  -0.0020  -0.0004  -0.0036   0.00   34.8
2046 358098.000   34.220287295  117.143911182    35.6449   1  12   0.0056    0.0049   0.0130  -0.0020  -0.0004  -0.0036   0.00   30.6
2046 358097.000   34.220290861  117.143932477    35.6314   1  12   0.0056    0.0049   0.0130  -0.0020  -0.0004  -0.0036   0.00   45.6
2046 358096.000   34.220292816  117.143951189    35.6075   1  12   0.0056    0.0049   0.0130  -0.0020  -0.0004  -0.0036   0.00   60.7
2046 358095.000   34.220292550  117.143967147    35.6189   1  13   0.0053    0.0048   0.0121  -0.0015  -0.0022  -0.0020   0.00   31.7
2046 358094.000   34.220291347  117.143975359    35.5973   1  13   0.0053    0.0048   0.0121  -0.0015  -0.0022  -0.0020   0.00   22.7
2046 358093.000   34.220291330  117.143975439    35.5971   1  13   0.0053    0.0048   0.0121  -0.0015  -0.0022  -0.0020   0.00   21.3
2046 358092.000   34.220291331  117.143975425    35.5991   1  13   0.0053    0.0048   0.0121  -0.0015  -0.0022  -0.0020   0.00   22.5
2046 358091.000   34.220291341  117.143975410    35.5971   1  13   0.0053    0.0048   0.0121  -0.0015  -0.0022  -0.0020   0.00   35.8
2046 358090.000   34.220291322  117.143975456    35.6004   1  13   0.0053    0.0048   0.0121  -0.0015  -0.0022  -0.0020   0.00   24.8
2046 358089.000   34.220291333  117.143975434    35.6018   1  13   0.0053    0.0048   0.0121  -0.0015  -0.0022  -0.0020   0.00   26.4
2046 358088.000   34.220291345  117.143975428    35.5952   1  13   0.0053    0.0048   0.0121  -0.0015  -0.0022  -0.0020   0.00   32.0
2046 358087.000   34.220291325  117.143975481    35.5989   1  13   0.0053    0.0048   0.0121  -0.0016  -0.0022  -0.0020   0.00   21.4
2046 358086.000   34.220291367  117.143975469    35.5954   1  12   0.0056    0.0049   0.0130  -0.0020  -0.0005  -0.0036   0.00   41.4
2046 358085.000   34.220291349  117.143975496    35.5974   1  12   0.0056    0.0049   0.0130  -0.0020  -0.0005  -0.0036   0.00   33.4
2046 358084.000   34.220291397  117.143975423    35.5903   1  12   0.0056    0.0049   0.0130  -0.0020  -0.0005  -0.0036   0.00   23.0
2046 358083.000   34.220291350  117.143975429    35.5960   1  12   0.0056    0.0049   0.0130  -0.0020  -0.0005  -0.0035   0.00   39.9
2046 358082.000   34.220291348  117.143975472    35.6001   1  13   0.0053    0.0048   0.0121  -0.0015  -0.0022  -0.0020   0.00   18.3
2046 358081.000   34.220291349  117.143975453    35.5979   1  13   0.0053    0.0048   0.0121  -0.0015  -0.0022  -0.0020   0.00   19.1
2046 358080.000   34.220291354  117.143975481    35.5951   1  12   0.0056    0.0049   0.0130  -0.0020  -0.0005  -0.0035   0.00   31.8
2046 358079.000   34.220291333  117.143975619    35.6007   1  12   0.0056    0.0049   0.0130  -0.0020  -0.0005  -0.0035   0.00   26.7
2046 358078.000   34.220291334  117.143975654    35.6033   1  12   0.0056    0.0049   0.0130  -0.0020  -0.0005  -0.0035   0.00   30.0
2046 358077.000   34.220291343  117.143975654    35.6052   1  12   0.0056    0.0049   0.0130  -0.0020  -0.0005  -0.0035   0.00   38.5
2046 358076.000   34.220291348  117.143975660    35.6036   1  12   0.0056    0.0049   0.0130  -0.0020  -0.0005  -0.0035   0.00   26.9
2046 358075.000   34.220291315  117.143975673    35.6067   1  13   0.0053    0.0048   0.0121  -0.0015  -0.0022  -0.0020   0.00   21.6
2046 358074.000   34.220291326  117.143975671    35.6091   1  13   0.0053    0.0048   0.0121  -0.0015  -0.0022  -0.0020   0.00   18.3
2046 358073.000   34.220291319  117.143975683    35.6107   1  13   0.0053    0.0048   0.0121  -0.0015  -0.0022  -0.0020   0.00   18.0
2046 358072.000   34.220291312  117.143975678    35.6104   1  13   0.0053    0.0048   0.0121  -0.0015  -0.0022  -0.0020   0.00   19.5
2046 358071.000   34.220291316  117.143975682    35.6086   1  13   0.0053    0.0048   0.0121  -0.0015  -0.0022  -0.0020   0.00   21.5
2046 358070.000   34.220291306  117.143975681    35.6034   1  13   0.0053    0.0048   0.0121  -0.0015  -0.0022  -0.0020   0.00   17.0
2046 358069.000   34.220291304  117.143975685    35.6039   1  13   0.0053    0.0048   0.0121  -0.0015  -0.0022  -0.0020   0.00   19.9
2046 358068.000   34.220291319  117.143975695    35.6035   1  13   0.0053    0.0048   0.0121  -0.0015  -0.0022  -0.0020   0.00   29.4
2046 358067.000   34.220291310  117.143975676    35.6052   1  13   0.0053    0.0048   0.0121  -0.0015  -0.0022  -0.0020   0.00   21.0
2046 358066.000   34.220291301  117.143975686    35.6043   1  13   0.0053    0.0048   0.0121  -0.0015  -0.0022  -0.0020   0.00   17.1
2046 358065.000   34.220291312  117.143975674    35.6053   1  13   0.0053    0.0048   0.0121  -0.0015  -0.0022  -0.0020   0.00   16.2
2046 358064.000   34.220291312  117.143975663    35.6040   1  13   0.0053    0.0048   0.0121  -0.0015  -0.0022  -0.0020   0.00   22.7
2046 358063.000   34.220291307  117.143975667    35.6054   1  13   0.0053    0.0048   0.0121  -0.0015  -0.0022  -0.0020   0.00   18.9
2046 358062.000   34.220291323  117.143975667    35.6053   1  13   0.0053    0.0048   0.0121  -0.0016  -0.0022  -0.0020   0.00   18.0
2046 358061.000   34.220291322  117.143975664    35.6057   1  13   0.0053    0.0048   0.0121  -0.0015  -0.0022  -0.0020   0.00   17.2
2046 358060.000   34.220291321  117.143975669    35.6066   1  13   0.0053    0.0048   0.0121  -0.0015  -0.0022  -0.0020   0.00   13.6
2046 358059.000   34.220291328  117.143975666    35.6048   1  13   0.0053    0.0048   0.0121  -0.0015  -0.0022  -0.0020   0.00   15.1
2046 358058.000   34.220291301  117.143975649    35.6014   1  13   0.0053    0.0048   0.0121  -0.0015  -0.0022  -0.0020   0.00   14.8
2046 358057.000   34.220291309  117.143975655    35.6056   1  13   0.0053    0.0048   0.0121  -0.0015  -0.0022  -0.0020   0.00   14.8
2046 358056.000   34.220291302  117.143975655    35.6034   1  13   0.0053    0.0048   0.0121  -0.0015  -0.0022  -0.0020   0.00   13.2
2046 358055.000   34.220291298  117.143975662    35.6061   1  13   0.0053    0.0048   0.0121  -0.0015  -0.0022  -0.0020   0.00   13.9
2046 358054.000   34.220291292  117.143975661    35.6068   1  13   0.0053    0.0048   0.0121  -0.0015  -0.0022  -0.0020   0.00   17.3
2046 358053.000   34.220291291  117.143975668    35.6061   1  13   0.0053    0.0048   0.0121  -0.0015  -0.0022  -0.0020   0.00   16.2
2046 358052.000   34.220291300  117.143975668    35.6068   1  13   0.0053    0.0048   0.0121  -0.0015  -0.0022  -0.0020   0.00   18.0
2046 358051.000   34.220291296  117.143975641    35.6061   1  13   0.0053    0.0048   0.0121  -0.0015  -0.0022  -0.0020   0.00   16.6
2046 358050.000   34.220291305  117.143975656    35.6043   1  13   0.0053    0.0048   0.0121  -0.0015  -0.0022  -0.0020   0.00   16.4
2046 358049.000   34.220291301  117.143975660    35.6065   1  13   0.0053    0.0048   0.0121  -0.0015  -0.0022  -0.0020   0.00   21.6
2046 358048.000   34.220291294  117.143975649    35.6051   1  13   0.0053    0.0048   0.0121  -0.0015  -0.0022  -0.0020   0.00   15.4
2046 358047.000   34.220291294  117.143975660    35.6035   1  13   0.0053    0.0048   0.0121  -0.0015  -0.0022  -0.0020   0.00   17.5
2046 358046.000   34.220291294  117.143975661    35.6044   1  13   0.0053    0.0048   0.0121  -0.0016  -0.0022  -0.0020   0.00   19.7
2046 358045.000   34.220291293  117.143975655    35.6083   1  13   0.0053    0.0048   0.0121  -0.0015  -0.0022  -0.0020   0.00   15.9
2046 358044.000   34.220291306  117.143975667    35.6052   1  13   0.0053    0.0048   0.0121  -0.0015  -0.0022  -0.0020   0.00   16.6
2046 358043.000   34.220291298  117.143975671    35.6010   1  13   0.0053    0.0048   0.0121  -0.0015  -0.0022  -0.0020   0.00   15.1
2046 358042.000   34.220291305  117.143975651    35.6041   1  13   0.0053    0.0048   0.0121  -0.0015  -0.0022  -0.0020   0.00   21.9
2046 358041.000   34.220291285  117.143975653    35.6049   1  13   0.0053    0.0048   0.0121  -0.0015  -0.0022  -0.0020   0.00   20.1
2046 358040.000   34.220291287  117.143975669    35.6055   1  13   0.0053    0.0048   0.0121  -0.0016  -0.0022  -0.0020   0.00   20.9
2046 358039.000   34.220291279  117.143975659    35.6067   1  13   0.0053    0.0048   0.0121  -0.0015  -0.0022  -0.0020   0.00   16.3
2046 358038.000   34.220291277  117.143975663    35.6051   1  13   0.0053    0.0048   0.0121  -0.0015  -0.0022  -0.0020   0.00   17.5
2046 358037.000   34.220291281  117.143975669    35.6093   1  13   0.0053    0.0048   0.0121  -0.0015  -0.0022  -0.0020   0.00   24.6
2046 358036.000   34.220291278  117.143975669    35.6098   1  13   0.0053    0.0048   0.0121  -0.0015  -0.0022  -0.0020   0.00   22.5
2046 358035.000   34.220291269  117.143975656    35.6109   1  13   0.0053    0.0048   0.0121  -0.0015  -0.0022  -0.0020   0.00   17.2
2046 358034.000   34.220291274  117.143975672    35.6079   1  13   0.0053    0.0048   0.0121  -0.0015  -0.0022  -0.0020   0.00   20.7
2046 358033.000   34.220291267  117.143975671    35.6098   1  13   0.0053    0.0048   0.0121  -0.0015  -0.0022  -0.0020   0.00   20.0
2046 358032.000   34.220291291  117.143975660    35.6083   1  13   0.0053    0.0048   0.0121  -0.0015  -0.0022  -0.0020   0.00   19.0
2046 358031.000   34.220291283  117.143975665    35.6080   1  13   0.0053    0.0048   0.0121  -0.0015  -0.0023  -0.0020   0.00   14.1
2046 358030.000   34.220291291  117.143975680    35.6078   1  13   0.0053    0.0048   0.0121  -0.0015  -0.0022  -0.0020   0.00   20.2
2046 358029.000   34.220291287  117.143975674    35.6087   1  13   0.0053    0.0048   0.0121  -0.0015  -0.0022  -0.0020   0.00   17.5
2046 358028.000   34.220291285  117.143975692    35.6088   1  13   0.0053    0.0048   0.0121  -0.0015  -0.0023  -0.0020   0.00   27.6
2046 358027.000   34.220291294  117.143975677    35.6103   1  13   0.0053    0.0048   0.0121  -0.0015  -0.0022  -0.0020   0.00   22.1
2046 358026.000   34.220291298  117.143975673    35.6104   1  13   0.0053    0.0048   0.0121  -0.0015  -0.0023  -0.0020   0.00   19.5
2046 358025.000   34.220291317  117.143975672    35.6135   1  13   0.0053    0.0048   0.0121  -0.0015  -0.0022  -0.0020   0.00   22.9
2046 358024.000   34.220291297  117.143975679    35.6096   1  13   0.0053    0.0048   0.0121  -0.0015  -0.0023  -0.0020   0.00   16.6
2046 358023.000   34.220291303  117.143975667    35.6108   1  13   0.0053    0.0048   0.0121  -0.0015  -0.0023  -0.0020   0.00   17.2
2046 358022.000   34.220291304  117.143975667    35.6120   1  13   0.0053    0.0048   0.0121  -0.0015  -0.0023  -0.0020   0.00   20.9
2046 358021.000   34.220291293  117.143975662    35.6126   1  13   0.0053    0.0048   0.0121  -0.0015  -0.0023  -0.0020   0.00   20.6
2046 358020.000   34.220291301  117.143975685    35.6105   1  13   0.0053    0.0048   0.0121  -0.0015  -0.0023  -0.0020   0.00   19.5
2046 358019.000   34.220291289  117.143975677    35.6086   1  13   0.0053    0.0048   0.0121  -0.0015  -0.0023  -0.0020   0.00   20.3
2046 358018.000   34.220291290  117.143975679    35.6100   1  13   0.0053    0.0048   0.0121  -0.0016  -0.0023  -0.0020   0.00   14.0
2046 358017.000   34.220291303  117.143975678    35.6082   1  13   0.0053    0.0048   0.0121  -0.0015  -0.0023  -0.0020   0.00   19.1
2046 358016.000   34.220291288  117.143975672    35.6143   1  13   0.0053    0.0048   0.0121  -0.0015  -0.0023  -0.0020   0.00   20.5
2046 358015.000   34.220291301  117.143975674    35.6137   1  13   0.0053    0.0048   0.0121  -0.0015  -0.0023  -0.0020   0.00   22.1
2046 358014.000   34.220291307  117.143975673    35.6144   1  13   0.0053    0.0048   0.0121  -0.0015  -0.0023  -0.0020   0.00   17.5
2046 358013.000   34.220291314  117.143975668    35.6128   1  13   0.0053    0.0048   0.0121  -0.0015  -0.0023  -0.0020   0.00   14.8
2046 358012.000   34.220291313  117.143975681    35.6131   1  13   0.0053    0.0048   0.0121  -0.0015  -0.0023  -0.0020   0.00   16.2
2046 358011.000   34.220291317  117.143975672    35.6121   1  13   0.0053    0.0048   0.0121  -0.0015  -0.0023  -0.0020   0.00   13.9
2046 358010.000   34.220291311  117.143975673    35.6105   1  13   0.0053    0.0048   0.0121  -0.0015  -0.0023  -0.0020   0.00   14.3
2046 358009.000   34.220291319  117.143975673    35.6112   1  13   0.0053    0.0048   0.0121  -0.0015  -0.0023  -0.0020   0.00   12.9
2046 358008.000   34.220291314  117.143975683    35.6101   1  13   0.0053    0.0048   0.0121  -0.0015  -0.0023  -0.0020   0.00   13.9
2046 358007.000   34.220291311  117.143975665    35.6126   1  13   0.0053    0.0048   0.0121  -0.0015  -0.0023  -0.0020   0.00   13.0
2046 358006.000   34.220291310  117.143975673    35.6077   1  13   0.0053    0.0048   0.0121  -0.0015  -0.0023  -0.0020   0.00   14.3
2046 358005.000   34.220291306  117.143975661    35.6120   1  13   0.0053    0.0048   0.0121  -0.0015  -0.0023  -0.0020   0.00   24.2
2046 358004.000   34.220291298  117.143975672    35.6117   1  13   0.0053    0.0048   0.0121  -0.0015  -0.0023  -0.0020   0.00   18.5
2046 358003.000   34.220291278  117.143975678    35.6108   1  13   0.0053    0.0048   0.0121  -0.0015  -0.0023  -0.0020   0.00   19.1
2046 358002.000   34.220291287  117.143975684    35.6097   1  13   0.0053    0.0048   0.0121  -0.0015  -0.0023  -0.0020   0.00   25.0
2046 358001.000   34.220291283  117.143975667    35.6093   1  13   0.0053    0.0048   0.0121  -0.0015  -0.0023  -0.0020   0.00   20.5
2046 358000.000   34.220291300  117.143975673    35.6084   1  13   0.0053    0.0048   0.0121  -0.0016  -0.0023  -0.0020   0.00   19.7
2046 357999.000   34.220291282  117.143975663    35.6075   1  13   0.0053    0.0048   0.0121  -0.0015  -0.0023  -0.0020   0.00   13.6
2046 357998.000   34.220291304  117.143975672    35.6055   1  13   0.0053    0.0048   0.0121  -0.0015  -0.0023  -0.0020   0.00   16.0
2046 357997.000   34.220291297  117.143975650    35.6042   1  13   0.0053    0.0048   0.0121  -0.0015  -0.0023  -0.0020   0.00   21.5
2046 357996.000   34.220291289  117.143975659    35.6097   1  13   0.0053    0.0048   0.0121  -0.0015  -0.0023  -0.0020   0.00   17.2
2046 357995.000   34.220291285  117.143975665    35.6094   1  13   0.0053    0.0048   0.0121  -0.0015  -0.0023  -0.0020   0.00   18.7
2046 357994.000   34.220291295  117.143975658    35.6097   1  13   0.0053    0.0048   0.0121  -0.0015  -0.0023  -0.0020   0.00   16.8
2046 357993.000   34.220291284  117.143975662    35.6161   1  13   0.0053    0.0048   0.0121  -0.0015  -0.0023  -0.0020   0.00   14.7
2046 357992.000   34.220291308  117.143975665    35.6136   1  13   0.0053    0.0048   0.0121  -0.0015  -0.0023  -0.0020   0.00   22.6
2046 357991.000   34.220291295  117.143975686    35.6136   1  13   0.0053    0.0048   0.0121  -0.0015  -0.0023  -0.0020   0.00   29.2
2046 357990.000   34.220291309  117.143975670    35.6067   1  12   0.0056    0.0049   0.0130  -0.0020  -0.0010  -0.0035   0.00   45.6
2046 357989.000   34.220291319  117.143975663    35.6046   1  12   0.0056    0.0049   0.0130  -0.0020  -0.0010  -0.0035   0.00   55.7
2046 357988.000   34.220291316  117.143975660    35.6133   1  13   0.0053    0.0048   0.0121  -0.0015  -0.0023  -0.0020   0.00   36.5
2046 357987.000   34.220291298  117.143975662    35.6111   1  13   0.0053    0.0048   0.0121  -0.0015  -0.0023  -0.0020   0.00   21.0
2046 357986.000   34.220291305  117.143975668    35.6093   1  13   0.0053    0.0048   0.0121  -0.0015  -0.0023  -0.0020   0.00   20.4
2046 357985.000   34.220291317  117.143975655    35.6085   1  13   0.0053    0.0048   0.0121  -0.0015  -0.0023  -0.0020   0.00   28.8
2046 357984.000   34.220291312  117.143975661    35.6089   1  13   0.0053    0.0048   0.0121  -0.0016  -0.0023  -0.0020   0.00   18.6
2046 357983.000   34.220291312  117.143975662    35.6107   1  13   0.0053    0.0048   0.0121  -0.0015  -0.0023  -0.0020   0.00   22.7
2046 357982.000   34.220291309  117.143975679    35.6116   1  13   0.0053    0.0048   0.0121  -0.0015  -0.0023  -0.0020   0.00   22.3
2046 357981.000   34.220291291  117.143975690    35.6112   1  13   0.0053    0.0048   0.0121  -0.0015  -0.0023  -0.0020   0.00   28.3
2046 357980.000   34.220291321  117.143975658    35.6055   1  13   0.0056    0.0049   0.0129  -0.0020  -0.0011  -0.0034   0.00   31.1
2046 357979.000   34.220291312  117.143975670    35.6060   1  13   0.0056    0.0049   0.0129  -0.0020  -0.0011  -0.0034   0.00   25.8
2046 357978.000   34.220291329  117.143975672    35.6049   1  13   0.0056    0.0049   0.0129  -0.0020  -0.0011  -0.0034   0.00   28.4
2046 357977.000   34.220291324  117.143975673    35.6076   1  13   0.0056    0.0049   0.0129  -0.0020  -0.0011  -0.0034   0.00   36.3
2046 357976.000   34.220291326  117.143975659    35.6060   1  13   0.0056    0.0049   0.0129  -0.0020  -0.0011  -0.0034   0.00   39.8
2046 357975.000   34.220291321  117.143975654    35.6057   1  13   0.0056    0.0049   0.0129  -0.0020  -0.0011  -0.0034   0.00   32.3
2046 357974.000   34.220291330  117.143975653    35.6045   1  13   0.0056    0.0049   0.0129  -0.0020  -0.0011  -0.0034   0.00   43.8
2046 357973.000   34.220291315  117.143975651    35.6067   1  13   0.0056    0.0049   0.0129  -0.0020  -0.0011  -0.0034   0.00   33.5
2046 357972.000   34.220291318  117.143975665    35.6091   1  13   0.0056    0.0049   0.0129  -0.0020  -0.0011  -0.0034   0.00   51.4
2046 357971.000   34.220291328  117.143975668    35.6109   1  13   0.0056    0.0049   0.0129  -0.0020  -0.0011  -0.0034   0.00   47.0
2046 357970.000   34.220291317  117.143975664    35.6082   1  13   0.0056    0.0049   0.0129  -0.0020  -0.0011  -0.0034   0.00   41.2
2046 357969.000   34.220291328  117.143975675    35.6093   1  13   0.0056    0.0049   0.0129  -0.0020  -0.0011  -0.0034   0.00   61.0
2046 357968.000   34.220291325  117.143975667    35.6095   1  13   0.0056    0.0049   0.0129  -0.0020  -0.0011  -0.0034   0.00   29.3
2046 357967.000   34.220291321  117.143975661    35.6099   1  13   0.0056    0.0049   0.0129  -0.0020  -0.0011  -0.0034   0.00   27.7
2046 357966.000   34.220291314  117.143975674    35.6070   1  13   0.0056    0.0049   0.0129  -0.0020  -0.0011  -0.0034   0.00   26.1
2046 357965.000   34.220291306  117.143975661    35.6088   1  13   0.0056    0.0049   0.0129  -0.0020  -0.0011  -0.0034   0.00   25.0
2046 357964.000   34.220291302  117.143975665    35.6097   1  13   0.0056    0.0049   0.0129  -0.0020  -0.0011  -0.0034   0.00   25.0
2046 357963.000   34.220291315  117.143975653    35.6097   1  13   0.0056    0.0049   0.0129  -0.0020  -0.0011  -0.0034   0.00   29.4
2046 357962.000   34.220291307  117.143975659    35.6100   1  13   0.0056    0.0049   0.0129  -0.0020  -0.0011  -0.0034   0.00   27.8
2046 357961.000   34.220291316  117.143975660    35.6073   1  13   0.0056    0.0049   0.0129  -0.0020  -0.0011  -0.0034   0.00   26.2
2046 357960.000   34.220291320  117.143975652    35.6090   1  13   0.0056    0.0049   0.0129  -0.0020  -0.0011  -0.0034   0.00   26.8
2046 357959.000   34.220291322  117.143975657    35.6083   1  13   0.0056    0.0049   0.0129  -0.0020  -0.0011  -0.0034   0.00   23.9
2046 357958.000   34.220291330  117.143975667    35.6009   1  13   0.0056    0.0049   0.0129  -0.0020  -0.0011  -0.0034   0.00   36.4
2046 357957.000   34.220291336  117.143975657    35.6070   1  13   0.0056    0.0049   0.0129  -0.0020  -0.0011  -0.0034   0.00   30.4
2046 357956.000   34.220291326  117.143975659    35.6017   1  13   0.0056    0.0049   0.0129  -0.0020  -0.0011  -0.0034   0.00   30.4
2046 357955.000   34.220291337  117.143975663    35.6036   1  13   0.0056    0.0049   0.0129  -0.0020  -0.0012  -0.0034   0.00   29.4
2046 357954.000   34.220291347  117.143975648    35.6052   1  13   0.0056    0.0049   0.0129  -0.0020  -0.0011  -0.0034   0.00   34.5
2046 357953.000   34.220291341  117.143975649    35.6035   1  13   0.0056    0.0049   0.0129  -0.0020  -0.0012  -0.0034   0.00   23.0
2046 357952.000   34.220291332  117.143975648    35.6045   1  13   0.0056    0.0049   0.0129  -0.0020  -0.0011  -0.0034   0.00   37.2
2046 357951.000   34.220291341  117.143975648    35.6065   1  13   0.0056    0.0049   0.0129  -0.0020  -0.0012  -0.0034   0.00   44.5
2046 357950.000   34.220291341  117.143975647    35.6024   1  13   0.0056    0.0049   0.0129  -0.0020  -0.0011  -0.0034   0.00   24.2
2046 357949.000   34.220291328  117.143975651    35.6030   1  13   0.0056    0.0049   0.0129  -0.0020  -0.0012  -0.0034   0.00   51.8
2046 357948.000   34.220291332  117.143975658    35.6047   1  13   0.0056    0.0049   0.0129  -0.0020  -0.0012  -0.0034   0.00   42.7
2046 357947.000   34.220291331  117.143975651    35.6019   1  13   0.0056    0.0049   0.0129  -0.0020  -0.0012  -0.0034   0.00   42.9
2046 357946.000   34.220291327  117.143975649    35.6063   1  13   0.0056    0.0049   0.0129  -0.0020  -0.0012  -0.0034   0.00   39.1
2046 357945.000   34.220291341  117.143975665    35.6051   1  13   0.0056    0.0049   0.0129  -0.0020  -0.0012  -0.0034   0.00   44.5
2046 357944.000   34.220291343  117.143975666    35.6049   1  13   0.0056    0.0049   0.0129  -0.0020  -0.0012  -0.0034   0.00   25.7
2046 357943.000   34.220291328  117.143975666    35.6063   1  13   0.0056    0.0049   0.0129  -0.0020  -0.0012  -0.0034   0.00   33.0
2046 357942.000   34.220291324  117.143975663    35.6075   1  13   0.0056    0.0049   0.0129  -0.0020  -0.0012  -0.0034   0.00   43.9
2046 357941.000   34.220291335  117.143975669    35.6069   1  13   0.0056    0.0049   0.0129  -0.0020  -0.0012  -0.0034   0.00   41.7
2046 357940.000   34.220291342  117.143975642    35.6093   1  13   0.0056    0.0049   0.0129  -0.0020  -0.0012  -0.0034   0.00   50.9
2046 357939.000   34.220291336  117.143975662    35.6056   1  13   0.0056    0.0049   0.0129  -0.0020  -0.0012  -0.0034   0.00   45.0
2046 357938.000   34.220291338  117.143975660    35.6076   1  13   0.0056    0.0049   0.0129  -0.0020  -0.0012  -0.0034   0.00   30.9
2046 357937.000   34.220291331  117.143975669    35.6056   1  13   0.0056    0.0049   0.0129  -0.0020  -0.0012  -0.0034   0.00   29.0
2046 357936.000   34.220291341  117.143975655    35.6058   1  12   0.0056    0.0049   0.0130  -0.0020  -0.0011  -0.0034   0.00   25.1
2046 357935.000   34.220291350  117.143975664    35.6037   1  13   0.0056    0.0049   0.0130  -0.0020  -0.0011  -0.0034   0.00   35.8
2046 357934.000   34.220291340  117.143975659    35.6077   1  13   0.0056    0.0049   0.0129  -0.0020  -0.0012  -0.0034   0.00   47.2
2046 357933.000   34.220291359  117.143975652    35.6070   1  13   0.0056    0.0049   0.0129  -0.0020  -0.0012  -0.0034   0.00   89.4
2046 357932.000   34.220291336  117.143975654    35.6048   1  13   0.0056    0.0049   0.0129  -0.0020  -0.0012  -0.0034   0.00   46.7
2046 357931.000   34.220291342  117.143975640    35.6077   1  13   0.0056    0.0049   0.0129  -0.0020  -0.0012  -0.0034   0.00   55.3
2046 357930.000   34.220291337  117.143975644    35.6063   1  13   0.0056    0.0049   0.0129  -0.0020  -0.0012  -0.0034   0.00   53.3
2046 357929.000   34.220291337  117.143975635    35.6084   1  13   0.0056    0.0049   0.0129  -0.0020  -0.0012  -0.0034   0.00   68.3
2046 357928.000   34.220291328  117.143975641    35.6074   1  13   0.0056    0.0049   0.0129  -0.0020  -0.0012  -0.0034   0.00   59.3
2046 357927.000   34.220291321  117.143975647    35.6044   1  13   0.0056    0.0049   0.0129  -0.0020  -0.0012  -0.0034   0.00   54.6
2046 357926.000   34.220291311  117.143975647    35.6072   1  13   0.0056    0.0049   0.0129  -0.0020  -0.0012  -0.0034   0.00   65.0
2046 357925.000   34.220291318  117.143975639    35.6046   1  13   0.0056    0.0049   0.0129  -0.0020  -0.0012  -0.0034   0.00   67.6
2046 357924.000   34.220291310  117.143975656    35.6054   1  13   0.0056    0.0049   0.0129  -0.0020  -0.0012  -0.0034   0.00   74.7
2046 357923.000   34.220291314  117.143975642    35.6053   1  13   0.0056    0.0049   0.0129  -0.0020  -0.0012  -0.0034   0.00   59.1
2046 357922.000   34.220291306  117.143975644    35.6030   1  13   0.0056    0.0049   0.0129  -0.0020  -0.0013  -0.0034   0.00   54.2
2046 357921.000   34.220291331  117.143975620    35.6097   1  13   0.0056    0.0049   0.0129  -0.0020  -0.0012  -0.0034   0.00   84.1
2046 357920.000   34.220291333  117.143975626    35.6105   1  13   0.0056    0.0049   0.0129  -0.0020  -0.0012  -0.0034   0.00   95.7
2046 357919.000   34.220291320  117.143975644    35.6069   1  13   0.0056    0.0049   0.0129  -0.0020  -0.0013  -0.0034   0.00  170.8
2046 357918.000   34.220291314  117.143975641    35.6089   1  13   0.0056    0.0049   0.0129  -0.0019  -0.0012  -0.0034   0.00   69.7
2046 357917.000   34.220291322  117.143975641    35.6118   1  13   0.0056    0.0049   0.0129  -0.0020  -0.0013  -0.0034   0.00   59.4
2046 357916.000   34.220291324  117.143975635    35.6110   1  13   0.0056    0.0049   0.0129  -0.0020  -0.0013  -0.0034   0.00   79.5
2046 357915.000   34.220291330  117.143975649    35.6103   1  13   0.0056    0.0049   0.0129  -0.0020  -0.0013  -0.0034   0.00   98.1
2046 357914.000   34.220291324  117.143975648    35.6093   1  13   0.0056    0.0049   0.0129  -0.0020  -0.0013  -0.0034   0.00   74.4
2046 357913.000   34.220291313  117.143975662    35.6078   1  13   0.0056    0.0049   0.0129  -0.0020  -0.0013  -0.0034   0.00   36.2
2046 357912.000   34.220291290  117.143975680    35.6107   1  13   0.0056    0.0049   0.0129  -0.0020  -0.0013  -0.0034   0.00   34.5
2046 357911.000   34.220291304  117.143975670    35.6116   1  13   0.0056    0.0049   0.0129  -0.0020  -0.0013  -0.0034   0.00   73.1
2046 357910.000   34.220291302  117.143975671    35.6102   1  13   0.0056    0.0049   0.0129  -0.0020  -0.0013  -0.0034   0.00   34.7
2046 357909.000   34.220291305  117.143975672    35.6147   1  13   0.0056    0.0049   0.0129  -0.0020  -0.0013  -0.0034   0.00   32.2
2046 357908.000   34.220291319  117.143975672    35.6089   1  13   0.0056    0.0049   0.0129  -0.0019  -0.0013  -0.0034   0.00   38.3
2046 357907.000   34.220291299  117.143975664    35.6091   1  13   0.0056    0.0049   0.0129  -0.0020  -0.0013  -0.0034   0.00   49.5
2046 357906.000   34.220291303  117.143975664    35.6087   1  13   0.0056    0.0049   0.0129  -0.0020  -0.0013  -0.0034   0.00   27.4
2046 357905.000   34.220291313  117.143975662    35.6096   1  13   0.0056    0.0049   0.0129  -0.0020  -0.0013  -0.0034   0.00   28.2
2046 357904.000   34.220291312  117.143975668    35.6118   1  13   0.0056    0.0049   0.0129  -0.0019  -0.0013  -0.0034   0.00   25.4
2046 357903.000   34.220291319  117.143975651    35.6119   1  13   0.0056    0.0049   0.0129  -0.0019  -0.0013  -0.0034   0.00   44.1
2046 357902.000   34.220291332  117.143975642    35.6118   1  13   0.0056    0.0049   0.0129  -0.0019  -0.0013  -0.0034   0.00   28.4
2046 357901.000   34.220291311  117.143975660    35.6111   1  13   0.0056    0.0049   0.0129  -0.0019  -0.0013  -0.0034   0.00   39.4
2046 357900.000   34.220291319  117.143975662    35.6092   1  13   0.0056    0.0049   0.0129  -0.0020  -0.0013  -0.0034   0.00   44.3
2046 357899.000   34.220291313  117.143975668    35.6101   1  13   0.0056    0.0049   0.0129  -0.0020  -0.0013  -0.0034   0.00   44.8
2046 357898.000   34.220291307  117.143975666    35.6053   1  13   0.0056    0.0049   0.0129  -0.0020  -0.0013  -0.0034   0.00   35.8
2046 357897.000   34.220291320  117.143975657    35.6093   1  13   0.0056    0.0049   0.0129  -0.0019  -0.0013  -0.0034   0.00   49.9
2046 357896.000   34.220291317  117.143975659    35.6118   1  13   0.0056    0.0049   0.0129  -0.0019  -0.0013  -0.0034   0.00   37.2
2046 357895.000   34.220291323  117.143975658    35.6126   1  13   0.0056    0.0049   0.0129  -0.0019  -0.0013  -0.0034   0.00   65.7
2046 357894.000   34.220291319  117.143975666    35.6109   1  13   0.0056    0.0049   0.0129  -0.0019  -0.0013  -0.0034   0.00   46.2
2046 357893.000   34.220291305  117.143975665    35.6084   1  13   0.0056    0.0049   0.0129  -0.0019  -0.0013  -0.0034   0.00   30.1
2046 357892.000   34.220291316  117.143975653    35.6097   1  13   0.0056    0.0049   0.0129  -0.0020  -0.0013  -0.0034   0.00   29.1
2046 357891.000   34.220291310  117.143975656    35.6109   1  13   0.0056    0.0049   0.0129  -0.0019  -0.0013  -0.0034   0.00   39.0
2046 357890.000   34.220291325  117.143975662    35.6123   1  13   0.0056    0.0049   0.0129  -0.0019  -0.0013  -0.0034   0.00   47.7
2046 357889.000   34.220291318  117.143975659    35.6122   1  13   0.0056    0.0049   0.0129  -0.0019  -0.0013  -0.0034   0.00   63.1
2046 357888.000   34.220291322  117.143975674    35.6103   1  13   0.0056    0.0049   0.0129  -0.0019  -0.0013  -0.0034   0.00   53.5
2046 357887.000   34.220291303  117.143975662    35.6098   1  13   0.0056    0.0049   0.0129  -0.0019  -0.0013  -0.0034   0.00   44.8
2046 357886.000   34.220291318  117.143975652    35.6117   1  13   0.0056    0.0049   0.0129  -0.0019  -0.0013  -0.0034   0.00   46.9
2046 357885.000   34.220291319  117.143975654    35.6104   1  13   0.0056    0.0049   0.0129  -0.0019  -0.0013  -0.0034   0.00   51.5
2046 357884.000   34.220291325  117.143975673    35.6110   1  13   0.0056    0.0049   0.0129  -0.0019  -0.0013  -0.0034   0.00   27.2
2046 357883.000   34.220291320  117.143975670    35.6096   1  13   0.0056    0.0049   0.0129  -0.0020  -0.0013  -0.0034   0.00   37.1
2046 357882.000   34.220291334  117.143975657    35.6114   1  13   0.0056    0.0049   0.0129  -0.0019  -0.0014  -0.0034   0.00   51.3
2046 357881.000   34.220291326  117.143975662    35.6123   1  13   0.0056    0.0049   0.0129  -0.0019  -0.0014  -0.0034   0.00   41.6
2046 357880.000   34.220291326  117.143975658    35.6103   1  13   0.0056    0.0049   0.0129  -0.0019  -0.0014  -0.0034   0.00   30.2
2046 357879.000   34.220291329  117.143975668    35.6105   1  13   0.0056    0.0049   0.0129  -0.0019  -0.0014  -0.0034   0.00   32.6
2046 357878.000   34.220291354  117.143975659    35.6104   1  13   0.0056    0.0049   0.0129  -0.0019  -0.0014  -0.0034   0.00   39.3
2046 357877.000   34.220291333  117.143975666    35.6107   1  13   0.0056    0.0049   0.0129  -0.0019  -0.0014  -0.0034   0.00   34.6
2046 357876.000   34.220291346  117.143975652    35.6087   1  13   0.0056    0.0049   0.0129  -0.0019  -0.0014  -0.0034   0.00   41.2
2046 357875.000   34.220291340  117.143975665    35.6091   1  13   0.0056    0.0049   0.0129  -0.0019  -0.0014  -0.0034   0.00   42.2
2046 357874.000   34.220291334  117.143975665    35.6086   1  13   0.0056    0.0049   0.0129  -0.0019  -0.0014  -0.0034   0.00   37.1
2046 357873.000   34.220291349  117.143975663    35.6112   1  13   0.0056    0.0049   0.0129  -0.0019  -0.0014  -0.0034   0.00   39.1
2046 357872.000   34.220291346  117.143975638    35.6064   1  13   0.0056    0.0049   0.0129  -0.0019  -0.0014  -0.0033   0.00   20.6
2046 357871.000   34.220291344  117.143975650    35.6083   1  13   0.0056    0.0049   0.0129  -0.0019  -0.0014  -0.0033   0.00   23.7
2046 357870.000   34.220291321  117.143975658    35.6115   1  13   0.0056    0.0049   0.0129  -0.0019  -0.0014  -0.0033   0.00   30.5
2046 357869.000   34.220291330  117.143975649    35.6112   1  13   0.0056    0.0049   0.0129  -0.0019  -0.0014  -0.0033   0.00   33.4
2046 357868.000   34.220291329  117.143975648    35.6081   1  13   0.0056    0.0049   0.0129  -0.0019  -0.0014  -0.0033   0.00   41.6
2046 357867.000   34.220291331  117.143975665    35.6076   1  13   0.0056    0.0049   0.0129  -0.0019  -0.0014  -0.0033   0.00   40.2
2046 357866.000   34.220291315  117.143975669    35.6105   1  13   0.0056    0.0049   0.0129  -0.0019  -0.0014  -0.0033   0.00   43.2
2046 357865.000   34.220291319  117.143975676    35.6070   1  13   0.0056    0.0049   0.0129  -0.0019  -0.0014  -0.0033   0.00   50.5
2046 357864.000   34.220291325  117.143975652    35.6148   1  13   0.0056    0.0049   0.0129  -0.0019  -0.0014  -0.0033   0.00   30.9
2046 357863.000   34.220291326  117.143975651    35.6164   1  13   0.0056    0.0049   0.0129  -0.0019  -0.0014  -0.0033   0.00   54.4
2046 357862.000   34.220291326  117.143975643    35.6165   1  13   0.0056    0.0049   0.0129  -0.0019  -0.0014  -0.0033   0.00   43.2
2046 357861.000   34.220291318  117.143975644    35.6156   1  13   0.0056    0.0049   0.0129  -0.0019  -0.0014  -0.0033   0.00   49.0
2046 357860.000   34.220291315  117.143975648    35.6171   1  13   0.0056    0.0049   0.0129  -0.0019  -0.0014  -0.0033   0.00   37.1
2046 357859.000   34.220291319  117.143975644    35.6163   1  13   0.0056    0.0049   0.0129  -0.0019  -0.0014  -0.0033   0.00   45.4
2046 357858.000   34.220291319  117.143975662    35.6145   1  13   0.0056    0.0049   0.0129  -0.0019  -0.0014  -0.0033   0.00   50.6
2046 357857.000   34.220291324  117.143975645    35.6150   1  13   0.0056    0.0049   0.0129  -0.0019  -0.0014  -0.0033   0.00  103.6
2046 357856.000   34.220291329  117.143975654    35.6100   1  13   0.0056    0.0049   0.0129  -0.0019  -0.0014  -0.0033   0.00   87.9
2046 357855.000   34.220291285  117.143975674    35.6079   1  13   0.0056    0.0049   0.0129  -0.0019  -0.0014  -0.0033   0.00   63.3
2046 357854.000   34.220291294  117.143975669    35.6065   1  13   0.0056    0.0049   0.0129  -0.0019  -0.0014  -0.0033   0.00  107.8
2046 357853.000   34.220291308  117.143975675    35.6048   1  13   0.0056    0.0049   0.0129  -0.0019  -0.0014  -0.0033   0.00  155.4
2046 357852.000   34.220291312  117.143975671    35.6053   1  13   0.0056    0.0049   0.0129  -0.0019  -0.0014  -0.0033   0.00  121.8
2046 357851.000   34.220291294  117.143975667    35.6079   1  13   0.0056    0.0049   0.0129  -0.0019  -0.0014  -0.0033   0.00   65.0
2046 357850.000   34.220291307  117.143975657    35.6125   1  13   0.0056    0.0049   0.0129  -0.0019  -0.0014  -0.0033   0.00   99.2
2046 357849.000   34.220291290  117.143975666    35.6087   1  13   0.0056    0.0049   0.0129  -0.0019  -0.0014  -0.0033   0.00   31.2
2046 357848.000   34.220291303  117.143975656    35.6099   1  13   0.0056    0.0049   0.0129  -0.0019  -0.0014  -0.0033   0.00   67.7
2046 357847.000   34.220291308  117.143975660    35.6091   1  13   0.0056    0.0049   0.0129  -0.0019  -0.0014  -0.0033   0.00   55.5
2046 357846.000   34.220291314  117.143975666    35.6073   1  13   0.0056    0.0049   0.0129  -0.0019  -0.0014  -0.0033   0.00   61.4
2046 357845.000   34.220291308  117.143975658    35.6109   1  13   0.0056    0.0049   0.0129  -0.0019  -0.0014  -0.0033   0.00   56.2
2046 357844.000   34.220291299  117.143975653    35.6095   1  13   0.0056    0.0049   0.0129  -0.0019  -0.0015  -0.0033   0.00   29.2
2046 357843.000   34.220291296  117.143975648    35.6053   1  13   0.0056    0.0049   0.0129  -0.0019  -0.0014  -0.0033   0.00   62.6
2046 357842.000   34.220291297  117.143975647    35.6045   1  13   0.0056    0.0049   0.0129  -0.0019  -0.0015  -0.0033   0.00   52.4
2046 357841.000   34.220291323  117.143975654    35.6088   1  13   0.0056    0.0049   0.0129  -0.0019  -0.0014  -0.0033   0.00   92.0
2046 357840.000   34.220291311  117.143975628    35.6109   1  13   0.0056    0.0049   0.0129  -0.0019  -0.0015  -0.0033   0.00   62.7
2046 357839.000   34.220291305  117.143975647    35.6085   1  13   0.0056    0.0049   0.0129  -0.0019  -0.0015  -0.0033   0.00   40.1
2046 357838.000   34.220291280  117.143975669    35.6088   1  13   0.0056    0.0049   0.0129  -0.0019  -0.0015  -0.0033   0.00   88.2
2046 357837.000   34.220291304  117.143975653    35.6008   1  13   0.0056    0.0049   0.0129  -0.0019  -0.0015  -0.0033   0.00   69.6
2046 357836.000   34.220291299  117.143975667    35.6039   1  13   0.0056    0.0049   0.0129  -0.0019  -0.0015  -0.0033   0.00   53.3
2046 357835.000   34.220291319  117.143975654    35.6025   1  13   0.0056    0.0049   0.0129  -0.0019  -0.0015  -0.0033   0.00   40.5
2046 357834.000   34.220291309  117.143975646    35.6047   1  13   0.0056    0.0049   0.0129  -0.0019  -0.0015  -0.0033   0.00   78.5
2046 357833.000   34.220291299  117.143975669    35.6001   1  13   0.0056    0.0049   0.0129  -0.0019  -0.0015  -0.0033   0.00  101.6
2046 357832.000   34.220291312  117.143975663    35.6005   1  13   0.0056    0.0049   0.0129  -0.0019  -0.0015  -0.0033   0.00   99.1
2046 357831.000   34.220291301  117.143975665    35.6008   1  13   0.0056    0.0049   0.0129  -0.0019  -0.0015  -0.0033   0.00   87.3
2046 357830.000   34.220291300  117.143975659    35.6038   1  13   0.0056    0.0049   0.0129  -0.0019  -0.0015  -0.0033   0.00   88.9
2046 357829.000   34.220291286  117.143975678    35.6021   1  13   0.0056    0.0049   0.0129  -0.0019  -0.0015  -0.0033   0.00   84.5
2046 357828.000   34.220291284  117.143975674    35.6015   1  13   0.0056    0.0049   0.0129  -0.0019  -0.0015  -0.0033   0.00   94.4
2046 357827.000   34.220291304  117.143975656    35.6040   1  13   0.0056    0.0049   0.0129  -0.0019  -0.0015  -0.0033   0.00   70.1
2046 357826.000   34.220291305  117.143975668    35.6043   1  13   0.0056    0.0049   0.0129  -0.0019  -0.0015  -0.0033   0.00   71.4
2046 357825.000   34.220291297  117.143975665    35.6060   1  13   0.0056    0.0049   0.0129  -0.0019  -0.0015  -0.0033   0.00   59.6
2046 357824.000   34.220291291  117.143975672    35.6015   1  13   0.0056    0.0049   0.0129  -0.0019  -0.0015  -0.0033   0.00  101.6
2046 357823.000   34.220291309  117.143975666    35.5958   1  13   0.0056    0.0049   0.0129  -0.0019  -0.0015  -0.0033   0.00   92.7
2046 357822.000   34.220291317  117.143975668    35.6001   1  13   0.0056    0.0049   0.0129  -0.0019  -0.0015  -0.0033   0.00   89.1
2046 357821.000   34.220291318  117.143975660    35.6009   1  13   0.0056    0.0049   0.0129  -0.0019  -0.0015  -0.0033   0.00  121.9
2046 357820.000   34.220291312  117.143975674    35.6026   1  13   0.0056    0.0049   0.0129  -0.0019  -0.0015  -0.0033   0.00  108.9
2046 357819.000   34.220291322  117.143975669    35.6027   1  13   0.0056    0.0049   0.0129  -0.0019  -0.0015  -0.0033   0.00  133.1
2046 357818.000   34.220291323  117.143975665    35.6020   1  13   0.0056    0.0049   0.0129  -0.0019  -0.0015  -0.0033   0.00   86.2
2046 357817.000   34.220291329  117.143975666    35.6013   1  13   0.0056    0.0049   0.0129  -0.0019  -0.0015  -0.0033   0.00  102.8
2046 357816.000   34.220291321  117.143975673    35.6028   1  13   0.0056    0.0049   0.0129  -0.0019  -0.0015  -0.0033   0.00  102.5
2046 357815.000   34.220291318  117.143975665    35.6022   1  13   0.0056    0.0049   0.0129  -0.0019  -0.0015  -0.0033   0.00  120.2
2046 357814.000   34.220291312  117.143975679    35.6035   1  13   0.0056    0.0049   0.0129  -0.0019  -0.0015  -0.0033   0.00  197.3
2046 357813.000   34.220291326  117.143975675    35.6025   1  13   0.0056    0.0049   0.0129  -0.0019  -0.0015  -0.0033   0.00  105.4
2046 357812.000   34.220291308  117.143975680    35.5996   1  13   0.0056    0.0049   0.0129  -0.0019  -0.0015  -0.0033   0.00   88.3
2046 357811.000   34.220291314  117.143975682    35.6005   1  13   0.0056    0.0049   0.0129  -0.0019  -0.0015  -0.0033   0.00  109.3
2046 357810.000   34.220291325  117.143975687    35.5983   1  12   0.0056    0.0049   0.0130  -0.0019  -0.0015  -0.0033   0.00   72.8
2046 357809.000   34.220291311  117.143975679    35.6000   1  12   0.0056    0.0049   0.0130  -0.0019  -0.0015  -0.0033   0.00   95.1
2046 357808.000   34.220291321  117.143975685    35.5979   1  12   0.0056    0.0049   0.0130  -0.0019  -0.0015  -0.0033   0.00   56.1
2046 357807.000   34.220291319  117.143975671    35.6010   1  12   0.0056    0.0049   0.0130  -0.0019  -0.0015  -0.0033   0.00   67.8
2046 357806.000   34.220291327  117.143975675    35.6002   1  12   0.0056    0.0049   0.0130  -0.0019  -0.0015  -0.0033   0.00   86.6
2046 357805.000   34.220291316  117.143975671    35.6000   1  12   0.0056    0.0049   0.0130  -0.0019  -0.0015  -0.0033   0.00   55.5
2046 357804.000   34.220291315  117.143975675    35.6008   1  12   0.0056    0.0049   0.0130  -0.0019  -0.0015  -0.0033   0.00   69.9
2046 357803.000   34.220291317  117.143975681    35.5984   1  12   0.0056    0.0049   0.0130  -0.0019  -0.0015  -0.0033   0.00   44.5
2046 357802.000   34.220291324  117.143975666    35.6006   1  12   0.0056    0.0049   0.0130  -0.0019  -0.0015  -0.0033   0.00   42.3
2046 357801.000   34.220291318  117.143975669    35.6011   1  12   0.0056    0.0049   0.0130  -0.0019  -0.0015  -0.0033   0.00   48.9
2046 357800.000   34.220291330  117.143975682    35.6007   1  12   0.0056    0.0049   0.0130  -0.0019  -0.0015  -0.0033   0.00   50.9
2046 357799.000   34.220291328  117.143975672    35.6001   1  12   0.0056    0.0049   0.0130  -0.0019  -0.0015  -0.0033   0.00   67.0
2046 357798.000   34.220291330  117.143975673    35.6022   1  12   0.0056    0.0049   0.0130  -0.0019  -0.0015  -0.0033   0.00   57.0
2046 357797.000   34.220291322  117.143975675    35.6014   1  12   0.0056    0.0049   0.0130  -0.0019  -0.0015  -0.0033   0.00   81.5
2046 357796.000   34.220291336  117.143975674    35.6039   1  12   0.0056    0.0049   0.0130  -0.0019  -0.0015  -0.0033   0.00   83.0
2046 357795.000   34.220291329  117.143975669    35.6042   1  12   0.0056    0.0049   0.0130  -0.0019  -0.0015  -0.0033   0.00   95.7
2046 357794.000   34.220291330  117.143975676    35.6040   1  12   0.0056    0.0049   0.0130  -0.0019  -0.0015  -0.0033   0.00   67.3
2046 357793.000   34.220291330  117.143975663    35.6045   1  12   0.0056    0.0049   0.0130  -0.0019  -0.0015  -0.0033   0.00  127.4
2046 357792.000   34.220291327  117.143975672    35.5969   1  12   0.0056    0.0049   0.0130  -0.0019  -0.0015  -0.0033   0.00   54.0
2046 357791.000   34.220291328  117.143975644    35.6038   1  13   0.0056    0.0049   0.0130  -0.0019  -0.0015  -0.0033   0.00   51.4
2046 357790.000   34.220291317  117.143975648    35.6044   1  12   0.0056    0.0049   0.0130  -0.0019  -0.0015  -0.0033   0.00   97.0
2046 357789.000   34.220291339  117.143975675    35.5977   1  13   0.0056    0.0049   0.0130  -0.0019  -0.0015  -0.0033   0.00   99.3
2046 357788.000   34.220291340  117.143975663    35.6018   1  13   0.0056    0.0049   0.0129  -0.0019  -0.0016  -0.0033   0.00  118.1
2046 357787.000   34.220291347  117.143975662    35.6015   1  13   0.0056    0.0049   0.0129  -0.0019  -0.0016  -0.0033   0.00   79.1
2046 357786.000   34.220291348  117.143975656    35.6021   1  12   0.0056    0.0049   0.0130  -0.0019  -0.0015  -0.0033   0.00   81.7
2046 357785.000   34.220291342  117.143975652    35.6003   1  12   0.0056    0.0049   0.0130  -0.0019  -0.0015  -0.0033   0.00   68.3
2046 357784.000   34.220291345  117.143975650    35.6031   1  12   0.0056    0.0049   0.0130  -0.0019  -0.0015  -0.0033   0.00  118.5
2046 357783.000   34.220291354  117.143975659    35.6036   1  12   0.0056    0.0049   0.0130  -0.0019  -0.0015  -0.0033   0.00   55.3
2046 357782.000   34.220291343  117.143975665    35.5973   1  12   0.0056    0.0049   0.0130  -0.0019  -0.0015  -0.0033   0.00   72.0
2046 357781.000   34.220291341  117.143975665    35.6037   1  12   0.0056    0.0049   0.0130  -0.0019  -0.0016  -0.0033   0.00  143.7
2046 357780.000   34.220291355  117.143975670    35.6009   1  12   0.0056    0.0049   0.0130  -0.0019  -0.0015  -0.0033   0.00   81.9
2046 357779.000   34.220291346  117.143975661    35.6018   1  12   0.0056    0.0049   0.0130  -0.0019  -0.0016  -0.0033   0.00  133.3
2046 357778.000   34.220291355  117.143975666    35.6028   1  12   0.0056    0.0049   0.0130  -0.0019  -0.0016  -0.0033   0.00   82.1
2046 357777.000   34.220291355  117.143975670    35.6037   1  12   0.0056    0.0049   0.0130  -0.0019  -0.0016  -0.0033   0.00  105.3
2046 357776.000   34.220291364  117.143975661    35.6013   1  12   0.0056    0.0049   0.0130  -0.0019  -0.0016  -0.0033   0.00   79.4
2046 357775.000   34.220291353  117.143975664    35.6024   1  12   0.0056    0.0049   0.0130  -0.0019  -0.0016  -0.0033   0.00  101.8
2046 357774.000   34.220291364  117.143975662    35.5981   1  12   0.0056    0.0049   0.0130  -0.0019  -0.0016  -0.0033   0.00   70.7
2046 357773.000   34.220291349  117.143975648    35.6004   1  12   0.0056    0.0049   0.0130  -0.0019  -0.0016  -0.0033   0.00   67.3
2046 357772.000   34.220291358  117.143975649    35.6031   1  12   0.0056    0.0049   0.0130  -0.0019  -0.0016  -0.0033   0.00  102.4
2046 357771.000   34.220291350  117.143975674    35.6015   1  12   0.0056    0.0049   0.0130  -0.0019  -0.0016  -0.0033   0.00   53.8
2046 357770.000   34.220291347  117.143975662    35.6029   1  12   0.0056    0.0049   0.0130  -0.0019  -0.0016  -0.0033   0.00   68.4
2046 357769.000   34.220291335  117.143975649    35.6015   1  12   0.0056    0.0049   0.0130  -0.0019  -0.0016  -0.0033   0.00   71.4
2046 357768.000   34.220291329  117.143975664    35.6014   1  12   0.0056    0.0049   0.0130  -0.0019  -0.0016  -0.0033   0.00   69.8
2046 357767.000   34.220291333  117.143975651    35.6024   1  12   0.0056    0.0049   0.0130  -0.0019  -0.0016  -0.0033   0.00   79.7
2046 357766.000   34.220291310  117.143975654    35.6029   1  13   0.0056    0.0049   0.0130  -0.0019  -0.0016  -0.0033   0.00   53.3
2046 357765.000   34.220291307  117.143975645    35.6047   1  13   0.0056    0.0049   0.0129  -0.0019  -0.0016  -0.0033   0.00   80.0
2046 357764.000   34.220291302  117.143975643    35.6024   1  13   0.0056    0.0049   0.0129  -0.0019  -0.0016  -0.0033   0.00   54.7
2046 357763.000   34.220291284  117.143975654    35.6057   1  12   0.0056    0.0049   0.0130  -0.0019  -0.0016  -0.0033   0.00   48.6
2046 357762.000   34.220291279  117.143975672    35.6039   1  13   0.0056    0.0049   0.0130  -0.0019  -0.0016  -0.0033   0.00   38.4
2046 357761.000   34.220291281  117.143975672    35.6017   1  13   0.0056    0.0049   0.0129  -0.0019  -0.0016  -0.0033   0.00   37.4
2046 357760.000   34.220291282  117.143975683    35.6044   1  13   0.0056    0.0049   0.0129  -0.0019  -0.0016  -0.0033   0.00   43.2
2046 357759.000   34.220291272  117.143975693    35.6023   1  13   0.0056    0.0049   0.0129  -0.0019  -0.0016  -0.0033   0.00   35.5
2046 357758.000   34.220291263  117.143975702    35.6019   1  13   0.0056    0.0049   0.0129  -0.0019  -0.0016  -0.0033   0.00   27.0
2046 357757.000   34.220291285  117.143975678    35.5991   1  13   0.0056    0.0049   0.0129  -0.0019  -0.0016  -0.0033   0.00   16.6
2046 357756.000   34.220291287  117.143975660    35.6015   1  13   0.0056    0.0049   0.0129  -0.0019  -0.0016  -0.0033   0.00   25.1
2046 357755.000   34.220291282  117.143975665    35.6003   1  13   0.0056    0.0049   0.0129  -0.0019  -0.0016  -0.0033   0.00   18.9
2046 357754.000   34.220291294  117.143975674    35.6031   1  13   0.0056    0.0049   0.0129  -0.0019  -0.0017  -0.0033   0.00   24.1
2046 357753.000   34.220291288  117.143975682    35.6034   1  13   0.0056    0.0049   0.0129  -0.0019  -0.0017  -0.0033   0.00   22.9
2046 357752.000   34.220291289  117.143975673    35.6008   1  13   0.0056    0.0049   0.0129  -0.0019  -0.0016  -0.0033   0.00   17.8
2046 357751.000   34.220291280  117.143975679    35.6018   1  13   0.0056    0.0049   0.0129  -0.0019  -0.0017  -0.0033   0.00   24.7
2046 357750.000   34.220291283  117.143975689    35.6026   1  13   0.0056    0.0049   0.0129  -0.0019  -0.0017  -0.0033   0.00   23.2
2046 357749.000   34.220291290  117.143975680    35.6042   1  13   0.0056    0.0049   0.0129  -0.0019  -0.0016  -0.0033   0.00   26.7
2046 357748.000   34.220291287  117.143975681    35.6045   1  13   0.0056    0.0049   0.0129  -0.0019  -0.0017  -0.0033   0.00   19.2
2046 357747.000   34.220291293  117.143975682    35.6053   1  13   0.0056    0.0049   0.0129  -0.0019  -0.0017  -0.0033   0.00   19.9
2046 357746.000   34.220291300  117.143975662    35.6074   1  13   0.0056    0.0049   0.0129  -0.0019  -0.0017  -0.0033   0.00   29.2
2046 357745.000   34.220291324  117.143975664    35.6060   1  13   0.0056    0.0049   0.0129  -0.0019  -0.0017  -0.0033   0.00   32.2
2046 357744.000   34.220291304  117.143975666    35.6082   1  13   0.0056    0.0049   0.0129  -0.0019  -0.0017  -0.0033   0.00   33.8
2046 357743.000   34.220291312  117.143975663    35.6111   1  13   0.0056    0.0049   0.0129  -0.0019  -0.0017  -0.0033   0.00   36.9
2046 357742.000   34.220291313  117.143975658    35.6120   1  13   0.0056    0.0049   0.0129  -0.0019  -0.0017  -0.0033   0.00   49.6
2046 357741.000   34.220291314  117.143975659    35.6122   1  13   0.0056    0.0049   0.0129  -0.0019  -0.0017  -0.0033   0.00   26.7
2046 357740.000   34.220291317  117.143975661    35.6162   1  13   0.0056    0.0049   0.0129  -0.0019  -0.0017  -0.0033   0.00   32.7
2046 357739.000   34.220291314  117.143975662    35.6118   1  13   0.0056    0.0049   0.0129  -0.0019  -0.0017  -0.0033   0.00   53.8
2046 357738.000   34.220291316  117.143975649    35.6126   1  13   0.0056    0.0049   0.0129  -0.0019  -0.0017  -0.0033   0.00   39.0
2046 357737.000   34.220291315  117.143975661    35.6096   1  13   0.0056    0.0049   0.0129  -0.0019  -0.0017  -0.0033   0.00   51.2
2046 357736.000   34.220291314  117.143975657    35.6119   1  13   0.0056    0.0049   0.0129  -0.0019  -0.0017  -0.0033   0.00   34.5
2046 357735.000   34.220291316  117.143975671    35.6100   1  13   0.0056    0.0049   0.0129  -0.0019  -0.0017  -0.0033   0.00   35.9
2046 357734.000   34.220291330  117.143975667    35.6119   1  13   0.0056    0.0049   0.0129  -0.0019  -0.0017  -0.0033   0.00   34.7
2046 357733.000   34.220291326  117.143975669    35.6112   1  13   0.0056    0.0049   0.0129  -0.0019  -0.0017  -0.0033   0.00   54.6
2046 357732.000   34.220291332  117.143975658    35.6079   1  13   0.0056    0.0049   0.0129  -0.0019  -0.0017  -0.0033   0.00   59.3
2046 357731.000   34.220291324  117.143975663    35.6083   1  13   0.0056    0.0049   0.0129  -0.0019  -0.0017  -0.0033   0.00   53.3
2046 357730.000   34.220291315  117.143975672    35.6082   1  13   0.0056    0.0049   0.0129  -0.0019  -0.0017  -0.0033   0.00   45.1
2046 357729.000   34.220291311  117.143975663    35.6075   1  12   0.0056    0.0049   0.0130  -0.0019  -0.0017  -0.0033   0.00   52.7
2046 357728.000   34.220291316  117.143975669    35.6096   1  12   0.0056    0.0049   0.0130  -0.0019  -0.0017  -0.0033   0.00   38.0
2046 357727.000   34.220291315  117.143975676    35.6082   1  12   0.0056    0.0049   0.0130  -0.0019  -0.0017  -0.0033   0.00   77.8
2046 357726.000   34.220291303  117.143975678    35.6105   1  12   0.0056    0.0049   0.0130  -0.0019  -0.0017  -0.0033   0.00  105.7
2046 357725.000   34.220291310  117.143975677    35.6104   1  12   0.0056    0.0049   0.0130  -0.0019  -0.0017  -0.0033   0.00  103.7
2046 357724.000   34.220291302  117.143975689    35.6074   1  12   0.0056    0.0049   0.0130  -0.0019  -0.0017  -0.0033   0.00   24.9
2046 357723.000   34.220291318  117.143975681    35.6088   1  12   0.0056    0.0049   0.0130  -0.0019  -0.0017  -0.0033   0.00   50.8
2046 357722.000   34.220291312  117.143975682    35.6083   1  12   0.0056    0.0049   0.0130  -0.0019  -0.0017  -0.0033   0.00   43.0
2046 357721.000   34.220291307  117.143975687    35.6057   1  12   0.0056    0.0049   0.0130  -0.0019  -0.0017  -0.0033   0.00   33.2
2046 357720.000   34.220291311  117.143975683    35.6101   1  12   0.0056    0.0049   0.0130  -0.0019  -0.0017  -0.0033   0.00   46.9
2046 357719.000   34.220291303  117.143975693    35.6108   1  12   0.0056    0.0049   0.0130  -0.0019  -0.0017  -0.0033   0.00   35.5
2046 357718.000   34.220291294  117.143975697    35.6094   1  12   0.0056    0.0049   0.0130  -0.0019  -0.0017  -0.0033   0.00   25.6
2046 357717.000   34.220291292  117.143975696    35.6074   1  12   0.0056    0.0049   0.0130  -0.0019  -0.0017  -0.0033   0.00   27.7
2046 357716.000   34.220291275  117.143975690    35.6095   1  12   0.0056    0.0049   0.0130  -0.0019  -0.0017  -0.0033   0.00   32.3
2046 357715.000   34.220291315  117.143975685    35.6108   1  12   0.0056    0.0049   0.0130  -0.0019  -0.0017  -0.0033   0.00   61.4
2046 357714.000   34.220291308  117.143975659    35.6048   1  12   0.0056    0.0049   0.0130  -0.0019  -0.0017  -0.0033   0.00   32.3
2046 357713.000   34.220291308  117.143975657    35.6055   1  12   0.0056    0.0049   0.0130  -0.0019  -0.0017  -0.0033   0.00   28.5
2046 357712.000   34.220291304  117.143975665    35.6065   1  12   0.0056    0.0049   0.0130  -0.0019  -0.0017  -0.0033   0.00   25.3
2046 357711.000   34.220291305  117.143975658    35.6063   1  12   0.0056    0.0049   0.0130  -0.0019  -0.0017  -0.0033   0.00   29.8
2046 357710.000   34.220291312  117.143975680    35.6057   1  12   0.0056    0.0049   0.0130  -0.0019  -0.0017  -0.0033   0.00   29.2
2046 357709.000   34.220291309  117.143975684    35.6056   1  12   0.0056    0.0049   0.0130  -0.0019  -0.0017  -0.0033   0.00   35.9
2046 357708.000   34.220291290  117.143975681    35.6058   1  12   0.0056    0.0049   0.0130  -0.0019  -0.0017  -0.0033   0.00   25.2
2046 357707.000   34.220291293  117.143975695    35.6026   1  12   0.0056    0.0049   0.0130  -0.0019  -0.0017  -0.0033   0.00   38.4
2046 357706.000   34.220291305  117.143975693    35.6033   1  12   0.0056    0.0049   0.0130  -0.0019  -0.0017  -0.0033   0.00   24.8
2046 357705.000   34.220291304  117.143975705    35.5977   1  12   0.0056    0.0049   0.0130  -0.0019  -0.0017  -0.0033   0.00   29.8
2046 357704.000   34.220291309  117.143975688    35.6035   1  12   0.0056    0.0049   0.0130  -0.0019  -0.0017  -0.0033   0.00   30.2
2046 357703.000   34.220291304  117.143975692    35.5997   1  12   0.0056    0.0049   0.0130  -0.0019  -0.0017  -0.0033   0.00   32.1
2046 357702.000   34.220291312  117.143975684    35.6014   1  12   0.0056    0.0049   0.0130  -0.0019  -0.0017  -0.0033   0.00   35.5
2046 357701.000   34.220291307  117.143975696    35.6015   1  12   0.0056    0.0049   0.0130  -0.0019  -0.0017  -0.0033   0.00   35.4
2046 357700.000   34.220291293  117.143975694    35.6026   1  12   0.0056    0.0049   0.0130  -0.0019  -0.0017  -0.0033   0.00   49.7
2046 357699.000   34.220291288  117.143975700    35.6043   1  12   0.0056    0.0049   0.0130  -0.0019  -0.0017  -0.0033   0.00   58.2
2046 357698.000   34.220291292  117.143975680    35.6043   1  12   0.0056    0.0049   0.0130  -0.0019  -0.0017  -0.0033   0.00   25.9
2046 357697.000   34.220291293  117.143975697    35.6022   1  12   0.0056    0.0049   0.0130  -0.0019  -0.0017  -0.0033   0.00   42.4
2046 357696.000   34.220291294  117.143975686    35.6024   1  12   0.0056    0.0049   0.0130  -0.0019  -0.0017  -0.0033   0.00   43.2
2046 357695.000   34.220291298  117.143975683    35.6021   1  12   0.0056    0.0049   0.0130  -0.0019  -0.0017  -0.0033   0.00   46.7
2046 357694.000   34.220291292  117.143975679    35.6039   1  12   0.0056    0.0049   0.0130  -0.0019  -0.0017  -0.0033   0.00   38.2
2046 357693.000   34.220291295  117.143975682    35.6037   1  12   0.0056    0.0049   0.0130  -0.0019  -0.0017  -0.0033   0.00   41.1
2046 357692.000   34.220291293  117.143975680    35.6074   1  12   0.0056    0.0049   0.0130  -0.0019  -0.0017  -0.0033   0.00   42.3
2046 357691.000   34.220291301  117.143975677    35.6065   1  12   0.0056    0.0049   0.0130  -0.0019  -0.0017  -0.0033   0.00   47.0
2046 357690.000   34.220291296  117.143975674    35.6056   1  12   0.0056    0.0049   0.0130  -0.0019  -0.0017  -0.0033   0.00   39.6
2046 357689.000   34.220291296  117.143975678    35.6049   1  12   0.0056    0.0049   0.0130  -0.0019  -0.0017  -0.0033   0.00   43.1
2046 357688.000   34.220291291  117.143975692    35.6035   1  13   0.0056    0.0049   0.0129  -0.0019  -0.0017  -0.0033   0.00   54.8
2046 357687.000   34.220291290  117.143975698    35.6020   1  13   0.0056    0.0049   0.0129  -0.0019  -0.0018  -0.0032   0.00   46.3
2046 357686.000   34.220291296  117.143975682    35.6035   1  13   0.0056    0.0049   0.0129  -0.0019  -0.0018  -0.0032   0.00   34.7
2046 357685.000   34.220291302  117.143975673    35.6045   1  13   0.0056    0.0049   0.0129  -0.0019  -0.0018  -0.0032   0.00   29.7
2046 357684.000   34.220291312  117.143975662    35.6054   1  13   0.0056    0.0048   0.0129  -0.0019  -0.0018  -0.0032   0.00   31.4
2046 357683.000   34.220291296  117.143975676    35.6049   1  13   0.0056    0.0049   0.0129  -0.0019  -0.0018  -0.0032   0.00   19.1
2046 357682.000   34.220291299  117.143975682    35.6033   1  13   0.0056    0.0049   0.0129  -0.0019  -0.0018  -0.0032   0.00   20.3
2046 357681.000   34.220291294  117.143975677    35.6049   1  13   0.0056    0.0049   0.0129  -0.0019  -0.0018  -0.0032   0.00   19.8
2046 357680.000   34.220291300  117.143975674    35.6023   1  13   0.0056    0.0049   0.0129  -0.0019  -0.0018  -0.0032   0.00   26.1
2046 357679.000   34.220291292  117.143975689    35.6046   1  13   0.0056    0.0049   0.0129  -0.0019  -0.0018  -0.0032   0.00   31.0
2046 357678.000   34.220291289  117.143975680    35.6026   1  13   0.0056    0.0049   0.0129  -0.0019  -0.0018  -0.0032   0.00   20.6
2046 357677.000   34.220291302  117.143975677    35.6037   1  13   0.0056    0.0049   0.0129  -0.0019  -0.0018  -0.0032   0.00   30.1
2046 357676.000   34.220291290  117.143975668    35.6055   1  13   0.0056    0.0049   0.0129  -0.0019  -0.0018  -0.0032   0.00   26.8
2046 357675.000   34.220291282  117.143975671    35.6060   1  13   0.0056    0.0049   0.0129  -0.0019  -0.0018  -0.0032   0.00   35.0
2046 357674.000   34.220291285  117.143975665    35.6044   1  13   0.0056    0.0049   0.0129  -0.0019  -0.0018  -0.0032   0.00   30.1
2046 357673.000   34.220291294  117.143975687    35.6058   1  13   0.0056    0.0049   0.0129  -0.0019  -0.0018  -0.0032   0.00   27.9
2046 357672.000   34.220291292  117.143975683    35.6042   1  13   0.0056    0.0049   0.0129  -0.0019  -0.0018  -0.0032   0.00   28.2
2046 357671.000   34.220291276  117.143975689    35.6059   1  13   0.0056    0.0049   0.0129  -0.0019  -0.0018  -0.0032   0.00   30.4
2046 357670.000   34.220291290  117.143975680    35.6063   1  13   0.0056    0.0048   0.0129  -0.0018  -0.0018  -0.0032   0.00   23.8
2046 357669.000   34.220291289  117.143975677    35.6075   1  13   0.0056    0.0049   0.0129  -0.0019  -0.0018  -0.0032   0.00   28.6
2046 357668.000   34.220291287  117.143975684    35.6041   1  13   0.0056    0.0049   0.0129  -0.0019  -0.0018  -0.0032   0.00   22.2
2046 357667.000   34.220291286  117.143975684    35.6040   1  13   0.0056    0.0049   0.0129  -0.0019  -0.0018  -0.0032   0.00   29.2
2046 357666.000   34.220291288  117.143975694    35.6037   1  13   0.0056    0.0048   0.0129  -0.0018  -0.0018  -0.0032   0.00   30.3
2046 357665.000   34.220291289  117.143975684    35.6035   1  13   0.0056    0.0049   0.0129  -0.0019  -0.0018  -0.0032   0.00   32.5
2046 357664.000   34.220291296  117.143975683    35.6070   1  13   0.0056    0.0049   0.0129  -0.0019  -0.0018  -0.0032   0.00   35.0
2046 357663.000   34.220291276  117.143975675    35.6064   1  13   0.0056    0.0049   0.0129  -0.0018  -0.0018  -0.0032   0.00   36.4
2046 357662.000   34.220291280  117.143975673    35.6058   1  13   0.0056    0.0049   0.0129  -0.0019  -0.0018  -0.0032   0.00   34.4
2046 357661.000   34.220291280  117.143975684    35.6031   1  13   0.0056    0.0048   0.0129  -0.0018  -0.0018  -0.0032   0.00   43.5
2046 357660.000   34.220291282  117.143975676    35.6048   1  13   0.0056    0.0048   0.0129  -0.0019  -0.0019  -0.0032   0.00   39.6
2046 357659.000   34.220291285  117.143975688    35.6032   1  13   0.0056    0.0049   0.0129  -0.0019  -0.0018  -0.0032   0.00   44.3
2046 357658.000   34.220291291  117.143975673    35.6033   1  13   0.0056    0.0049   0.0129  -0.0018  -0.0018  -0.0032   0.00   31.0
2046 357657.000   34.220291288  117.143975678    35.6060   1  13   0.0056    0.0049   0.0129  -0.0018  -0.0018  -0.0032   0.00   37.9
2046 357656.000   34.220291288  117.143975670    35.6043   1  13   0.0056    0.0049   0.0129  -0.0019  -0.0018  -0.0032   0.00   41.2
2046 357655.000   34.220291278  117.143975663    35.6045   1  13   0.0056    0.0048   0.0129  -0.0018  -0.0019  -0.0032   0.00   29.1
2046 357654.000   34.220291293  117.143975671    35.6068   1  13   0.0056    0.0049   0.0129  -0.0018  -0.0018  -0.0032   0.00   31.6
2046 357653.000   34.220291290  117.143975666    35.6070   1  13   0.0056    0.0049   0.0129  -0.0018  -0.0019  -0.0032   0.00   30.8
2046 357652.000   34.220291287  117.143975662    35.6077   1  13   0.0056    0.0048   0.0129  -0.0018  -0.0019  -0.0032   0.00   30.0
2046 357651.000   34.220291305  117.143975670    35.6056   1  13   0.0056    0.0049   0.0129  -0.0019  -0.0019  -0.0032   0.00   32.3
2046 357650.000   34.220291314  117.143975669    35.6043   1  13   0.0056    0.0048   0.0129  -0.0018  -0.0019  -0.0032   0.00   29.1
2046 357649.000   34.220291307  117.143975666    35.6067   1  13   0.0056    0.0049   0.0129  -0.0018  -0.0019  -0.0032   0.00   37.8
2046 357648.000   34.220291290  117.143975679    35.6061   1  13   0.0056    0.0048   0.0129  -0.0019  -0.0019  -0.0032   0.00   32.5
2046 357647.000   34.220291303  117.143975665    35.6080   1  13   0.0056    0.0048   0.0129  -0.0018  -0.0019  -0.0032   0.00   38.0
2046 357646.000   34.220291297  117.143975682    35.6048   1  13   0.0056    0.0049   0.0129  -0.0018  -0.0019  -0.0032   0.00   47.6
2046 357645.000   34.220291294  117.143975671    35.6044   1  13   0.0056    0.0048   0.0129  -0.0019  -0.0019  -0.0032   0.00   34.8
2046 357644.000   34.220291291  117.143975669    35.6041   1  13   0.0056    0.0048   0.0129  -0.0018  -0.0019  -0.0032   0.00   55.9
2046 357643.000   34.220291300  117.143975674    35.6055   1  13   0.0056    0.0049   0.0129  -0.0018  -0.0019  -0.0032   0.00   49.0
2046 357642.000   34.220291301  117.143975674    35.6063   1  13   0.0056    0.0048   0.0129  -0.0018  -0.0019  -0.0032   0.00   50.3
2046 357641.000   34.220291291  117.143975676    35.6030   1  13   0.0056    0.0048   0.0129  -0.0018  -0.0019  -0.0032   0.00   45.6
2046 357640.000   34.220291301  117.143975675    35.6036   1  13   0.0056    0.0049   0.0129  -0.0018  -0.0019  -0.0032   0.00   54.9
2046 357639.000   34.220291286  117.143975677    35.6058   1  13   0.0056    0.0048   0.0129  -0.0019  -0.0019  -0.0032   0.00   50.1
2046 357638.000   34.220291282  117.143975661    35.6076   1  13   0.0056    0.0048   0.0129  -0.0018  -0.0019  -0.0032   0.00   51.6
2046 357637.000   34.220291292  117.143975668    35.6071   1  13   0.0056    0.0048   0.0129  -0.0018  -0.0019  -0.0032   0.00   46.1
2046 357636.000   34.220291295  117.143975665    35.6063   1  12   0.0056    0.0048   0.0129  -0.0018  -0.0018  -0.0032   0.00   44.0
2046 357635.000   34.220291312  117.143975652    35.6063   1  12   0.0056    0.0049   0.0129  -0.0019  -0.0018  -0.0032   0.00   37.4
2046 357634.000   34.220291310  117.143975647    35.6077   1  12   0.0056    0.0048   0.0129  -0.0018  -0.0019  -0.0032   0.00   39.3
2046 357633.000   34.220291304  117.143975647    35.6070   1  12   0.0056    0.0049   0.0129  -0.0019  -0.0018  -0.0032   0.00   43.3
2046 357632.000   34.220291302  117.143975663    35.6048   1  13   0.0056    0.0048   0.0129  -0.0019  -0.0019  -0.0032   0.00   44.3
2046 357631.000   34.220291309  117.143975650    35.6086   1  13   0.0056    0.0048   0.0129  -0.0018  -0.0019  -0.0032   0.00   52.1
2046 357630.000   34.220291290  117.143975663    35.6053   1  12   0.0056    0.0048   0.0129  -0.0019  -0.0019  -0.0032   0.00   38.7
2046 357629.000   34.220291305  117.143975654    35.6064   1  12   0.0056    0.0048   0.0129  -0.0019  -0.0019  -0.0032   0.00   54.8
2046 357628.000   34.220291285  117.143975666    35.6039   1  13   0.0056    0.0049   0.0129  -0.0019  -0.0019  -0.0032   0.00   37.6
2046 357627.000   34.220291294  117.143975658    35.6024   1  13   0.0056    0.0048   0.0129  -0.0018  -0.0019  -0.0032   0.00   42.8
2046 357626.000   34.220291297  117.143975668    35.6053   1  13   0.0056    0.0048   0.0129  -0.0018  -0.0019  -0.0032   0.00   45.6
2046 357625.000   34.220291295  117.143975674    35.6053   1  13   0.0056    0.0048   0.0129  -0.0018  -0.0019  -0.0032   0.00   45.0
2046 357624.000   34.220291312  117.143975665    35.6076   1  13   0.0056    0.0048   0.0129  -0.0018  -0.0019  -0.0032   0.00   45.5
2046 357623.000   34.220291306  117.143975671    35.6053   1  13   0.0056    0.0048   0.0129  -0.0018  -0.0019  -0.0032   0.00   43.1
2046 357622.000   34.220291301  117.143975659    35.6055   1  13   0.0056    0.0048   0.0129  -0.0018  -0.0019  -0.0032   0.00   41.4
2046 357621.000   34.220291312  117.143975644    35.6066   1  13   0.0056    0.0048   0.0129  -0.0018  -0.0019  -0.0032   0.00   55.1
2046 357620.000   34.220291292  117.143975676    35.6051   1  13   0.0056    0.0048   0.0129  -0.0018  -0.0019  -0.0032   0.00   40.8
2046 357619.000   34.220291295  117.143975673    35.6069   1  13   0.0056    0.0048   0.0129  -0.0018  -0.0019  -0.0032   0.00   48.9
2046 357618.000   34.220291301  117.143975675    35.6046   1  13   0.0056    0.0048   0.0129  -0.0018  -0.0019  -0.0032   0.00   47.6
2046 357617.000   34.220291305  117.143975669    35.6060   1  13   0.0056    0.0048   0.0129  -0.0018  -0.0019  -0.0032   0.00   33.8
2046 357616.000   34.220291290  117.143975673    35.6044   1  13   0.0056    0.0049   0.0129  -0.0018  -0.0019  -0.0032   0.00   50.5
2046 357615.000   34.220291293  117.143975679    35.6026   1  13   0.0056    0.0048   0.0129  -0.0018  -0.0019  -0.0032   0.00   40.3
2046 357614.000   34.220291304  117.143975665    35.6017   1  13   0.0056    0.0049   0.0129  -0.0018  -0.0019  -0.0032   0.00   43.8
2046 357613.000   34.220291310  117.143975668    35.6032   1  13   0.0056    0.0049   0.0129  -0.0018  -0.0019  -0.0032   0.00   43.6
2046 357612.000   34.220291309  117.143975663    35.6040   1  13   0.0056    0.0048   0.0129  -0.0018  -0.0019  -0.0032   0.00   40.0
2046 357611.000   34.220291302  117.143975655    35.6046   1  13   0.0056    0.0048   0.0129  -0.0018  -0.0019  -0.0032   0.00   74.6
2046 357610.000   34.220291308  117.143975651    35.6040   1  13   0.0056    0.0048   0.0129  -0.0018  -0.0019  -0.0032   0.00   62.9
2046 357609.000   34.220291303  117.143975656    35.6045   1  13   0.0056    0.0049   0.0129  -0.0018  -0.0019  -0.0032   0.00   45.9
2046 357608.000   34.220291305  117.143975668    35.5992   1  13   0.0056    0.0048   0.0129  -0.0018  -0.0019  -0.0032   0.00   44.9
2046 357607.000   34.220291304  117.143975653    35.5975   1  13   0.0056    0.0048   0.0129  -0.0018  -0.0019  -0.0032   0.00   43.0
2046 357606.000   34.220291311  117.143975644    35.5992   1  12   0.0056    0.0048   0.0129  -0.0018  -0.0019  -0.0032   0.00   41.2
2046 357605.000   34.220291296  117.143975656    35.5987   1  12   0.0056    0.0048   0.0129  -0.0018  -0.0019  -0.0032   0.00   44.6
2046 357604.000   34.220291292  117.143975655    35.5983   1  12   0.0056    0.0048   0.0129  -0.0018  -0.0019  -0.0032   0.00   50.9
2046 357603.000   34.220291293  117.143975653    35.5976   1  12   0.0056    0.0049   0.0129  -0.0018  -0.0019  -0.0032   0.00   74.6
2046 357602.000   34.220291305  117.143975652    35.5978   1  12   0.0056    0.0049   0.0129  -0.0018  -0.0019  -0.0032   0.00   72.6
2046 357601.000   34.220291301  117.143975665    35.5989   1  12   0.0056    0.0048   0.0129  -0.0018  -0.0019  -0.0032   0.00   90.6
2046 357600.000   34.220291283  117.143975664    35.5996   1  12   0.0056    0.0048   0.0129  -0.0018  -0.0019  -0.0032   0.00   63.0
2046 357599.000   34.220291291  117.143975677    35.5995   1  12   0.0056    0.0048   0.0129  -0.0018  -0.0019  -0.0032   0.00   66.5
2046 357598.000   34.220291270  117.143975664    35.6023   1  12   0.0056    0.0048   0.0129  -0.0018  -0.0019  -0.0032   0.00   47.0
2046 357597.000   34.220291276  117.143975664    35.5993   1  12   0.0056    0.0048   0.0129  -0.0018  -0.0019  -0.0032   0.00   44.6
2046 357596.000   34.220291286  117.143975664    35.6023   1  12   0.0056    0.0048   0.0129  -0.0018  -0.0019  -0.0032   0.00   51.5
2046 357595.000   34.220291308  117.143975651    35.6023   1  12   0.0056    0.0048   0.0129  -0.0018  -0.0019  -0.0032   0.00   78.1
2046 357594.000   34.220291312  117.143975660    35.6031   1  12   0.0056    0.0048   0.0129  -0.0018  -0.0019  -0.0032   0.00   54.6
2046 357593.000   34.220291317  117.143975665    35.6041   1  12   0.0056    0.0048   0.0129  -0.0018  -0.0019  -0.0032   0.00   59.5
2046 357592.000   34.220291305  117.143975660    35.6044   1  12   0.0056    0.0048   0.0129  -0.0018  -0.0019  -0.0032   0.00   55.4
2046 357591.000   34.220291301  117.143975660    35.6021   1  12   0.0056    0.0048   0.0129  -0.0018  -0.0019  -0.0032   0.00   39.1
2046 357590.000   34.220291302  117.143975662    35.6031   1  12   0.0056    0.0048   0.0129  -0.0018  -0.0019  -0.0032   0.00   44.5
2046 357589.000   34.220291308  117.143975653    35.6044   1  12   0.0056    0.0048   0.0129  -0.0018  -0.0019  -0.0032   0.00   47.1
2046 357588.000   34.220291293  117.143975669    35.6003   1  12   0.0056    0.0048   0.0129  -0.0018  -0.0019  -0.0032   0.00   36.2
2046 357587.000   34.220291308  117.143975665    35.6035   1  12   0.0056    0.0048   0.0129  -0.0018  -0.0019  -0.0032   0.00   67.2
2046 357586.000   34.220291308  117.143975678    35.6029   1  12   0.0056    0.0048   0.0129  -0.0018  -0.0019  -0.0032   0.00   64.1
2046 357585.000   34.220291306  117.143975686    35.6034   1  12   0.0056    0.0048   0.0129  -0.0018  -0.0019  -0.0032   0.00   54.0
2046 357584.000   34.220291318  117.143975682    35.6035   1  12   0.0056    0.0048   0.0129  -0.0018  -0.0019  -0.0032   0.00   54.6
2046 357583.000   34.220291318  117.143975680    35.6045   1  12   0.0056    0.0048   0.0129  -0.0018  -0.0020  -0.0032   0.00   55.0
2046 357582.000   34.220291323  117.143975693    35.6006   1  12   0.0056    0.0048   0.0129  -0.0018  -0.0020  -0.0032   0.00   69.8
2046 357581.000   34.220291311  117.143975699    35.6048   1  12   0.0056    0.0048   0.0129  -0.0018  -0.0019  -0.0032   0.00   88.9
2046 357580.000   34.220291321  117.143975693    35.6007   1  12   0.0056    0.0048   0.0129  -0.0018  -0.0020  -0.0032   0.00   44.0
2046 357579.000   34.220291311  117.143975696    35.6015   1  12   0.0056    0.0048   0.0129  -0.0018  -0.0020  -0.0032   0.00   50.1
2046 357578.000   34.220291317  117.143975699    35.6022   1  12   0.0056    0.0048   0.0129  -0.0018  -0.0020  -0.0032   0.00   43.5
2046 357577.000   34.220291306  117.143975695    35.6053   1  12   0.0056    0.0048   0.0129  -0.0018  -0.0020  -0.0032   0.00   36.5
2046 357576.000   34.220291311  117.143975694    35.6039   1  12   0.0056    0.0048   0.0129  -0.0018  -0.0020  -0.0032   0.00   32.7
2046 357575.000   34.220291314  117.143975700    35.6025   1  12   0.0056    0.0048   0.0129  -0.0018  -0.0020  -0.0032   0.00   47.1
2046 357574.000   34.220291322  117.143975669    35.6011   1  12   0.0056    0.0048   0.0129  -0.0018  -0.0020  -0.0032   0.00   35.7
2046 357573.000   34.220291318  117.143975688    35.5986   1  12   0.0056    0.0048   0.0129  -0.0018  -0.0020  -0.0032   0.00   26.6
2046 357572.000   34.220291318  117.143975687    35.5985   1  12   0.0056    0.0048   0.0129  -0.0018  -0.0020  -0.0032   0.00   27.7
2046 357571.000   34.220291320  117.143975675    35.6012   1  12   0.0056    0.0048   0.0129  -0.0018  -0.0020  -0.0032   0.00   30.9
2046 357570.000   34.220291324  117.143975666    35.6004   1  12   0.0056    0.0048   0.0129  -0.0018  -0.0020  -0.0032   0.00   33.3
2046 357569.000   34.220291330  117.143975666    35.5988   1  12   0.0056    0.0048   0.0129  -0.0018  -0.0020  -0.0032   0.00   30.3
2046 357568.000   34.220291318  117.143975680    35.5975   1  12   0.0056    0.0048   0.0129  -0.0018  -0.0020  -0.0032   0.00   28.2
2046 357567.000   34.220291322  117.143975671    35.5988   1  12   0.0056    0.0048   0.0129  -0.0018  -0.0020  -0.0032   0.00   28.8
2046 357566.000   34.220291317  117.143975685    35.5979   1  12   0.0056    0.0048   0.0129  -0.0018  -0.0020  -0.0032   0.00   41.5
2046 357565.000   34.220291316  117.143975660    35.5987   1  12   0.0056    0.0048   0.0129  -0.0018  -0.0020  -0.0032   0.00   22.1
2046 357564.000   34.220291322  117.143975678    35.5982   1  12   0.0056    0.0048   0.0129  -0.0018  -0.0020  -0.0032   0.00   29.2
2046 357563.000   34.220291324  117.143975666    35.5983   1  12   0.0056    0.0048   0.0129  -0.0018  -0.0020  -0.0032   0.00   34.6
2046 357562.000   34.220291314  117.143975673    35.6009   1  12   0.0056    0.0048   0.0129  -0.0018  -0.0020  -0.0032   0.00   39.1
2046 357561.000   34.220291312  117.143975677    35.6035   1  12   0.0056    0.0048   0.0129  -0.0018  -0.0020  -0.0032   0.00   30.7
2046 357560.000   34.220291312  117.143975679    35.6013   1  12   0.0056    0.0048   0.0129  -0.0018  -0.0020  -0.0032   0.00   42.1
2046 357559.000   34.220291313  117.143975677    35.6011   1  12   0.0056    0.0048   0.0129  -0.0018  -0.0020  -0.0032   0.00   26.8
2046 357558.000   34.220291307  117.143975684    35.6024   1  12   0.0056    0.0048   0.0129  -0.0018  -0.0020  -0.0032   0.00   26.4
2046 357557.000   34.220291305  117.143975690    35.6036   1  12   0.0056    0.0048   0.0129  -0.0018  -0.0020  -0.0032   0.00   47.6
2046 357556.000   34.220291318  117.143975678    35.6029   1  12   0.0056    0.0048   0.0129  -0.0018  -0.0020  -0.0032   0.00   34.8
2046 357555.000   34.220291323  117.143975682    35.6025   1  12   0.0056    0.0048   0.0129  -0.0018  -0.0020  -0.0032   0.00   37.4
2046 357554.000   34.220291320  117.143975679    35.6036   1  12   0.0056    0.0048   0.0129  -0.0018  -0.0020  -0.0032   0.00   32.0
2046 357553.000   34.220291314  117.143975677    35.6022   1  12   0.0056    0.0048   0.0129  -0.0018  -0.0020  -0.0032   0.00   35.9
2046 357552.000   34.220291312  117.143975682    35.6009   1  12   0.0056    0.0048   0.0129  -0.0018  -0.0020  -0.0032   0.00   30.9
2046 357551.000   34.220291317  117.143975670    35.6031   1  12   0.0056    0.0048   0.0129  -0.0018  -0.0020  -0.0032   0.00   25.9
2046 357550.000   34.220291319  117.143975672    35.5992   1  12   0.0056    0.0048   0.0129  -0.0018  -0.0020  -0.0032   0.00   30.9
2046 357549.000   34.220291320  117.143975678    35.6043   1  12   0.0056    0.0048   0.0129  -0.0018  -0.0020  -0.0032   0.00   26.6
2046 357548.000   34.220291315  117.143975673    35.6076   1  12   0.0056    0.0048   0.0129  -0.0018  -0.0020  -0.0032   0.00   37.3
2046 357547.000   34.220291324  117.143975678    35.6053   1  12   0.0056    0.0048   0.0129  -0.0018  -0.0020  -0.0032   0.00   39.0
2046 357546.000   34.220291316  117.143975677    35.6041   1  12   0.0056    0.0048   0.0129  -0.0018  -0.0020  -0.0032   0.00   27.0
2046 357545.000   34.220291316  117.143975670    35.6055   1  12   0.0056    0.0048   0.0129  -0.0018  -0.0020  -0.0032   0.00   24.5
2046 357544.000   34.220291302  117.143975672    35.6042   1  12   0.0056    0.0048   0.0129  -0.0018  -0.0020  -0.0032   0.00   31.6
2046 357543.000   34.220291302  117.143975675    35.6055   1  12   0.0056    0.0048   0.0129  -0.0018  -0.0020  -0.0032   0.00   26.0
2046 357542.000   34.220291288  117.143975669    35.6067   1  12   0.0056    0.0048   0.0129  -0.0018  -0.0020  -0.0032   0.00   25.6
2046 357541.000   34.220291297  117.143975666    35.6058   1  12   0.0056    0.0048   0.0129  -0.0018  -0.0020  -0.0032   0.00   23.0
2046 357540.000   34.220291306  117.143975671    35.6083   1  12   0.0056    0.0048   0.0129  -0.0018  -0.0020  -0.0032   0.00   23.4
2046 357539.000   34.220291307  117.143975653    35.6070   1  12   0.0056    0.0048   0.0129  -0.0018  -0.0020  -0.0032   0.00   21.9
2046 357538.000   34.220291301  117.143975638    35.6080   1  12   0.0056    0.0048   0.0129  -0.0018  -0.0020  -0.0032   0.00   17.7
2046 357537.000   34.220291304  117.143975643    35.6075   1  12   0.0056    0.0048   0.0129  -0.0018  -0.0020  -0.0032   0.00   20.7
2046 357536.000   34.220291303  117.143975646    35.6089   1  12   0.0056    0.0048   0.0129  -0.0018  -0.0020  -0.0032   0.00   20.9
2046 357535.000   34.220291300  117.143975664    35.6039   1  12   0.0056    0.0048   0.0129  -0.0018  -0.0020  -0.0032   0.00   33.0
2046 357534.000   34.220291298  117.143975669    35.6046   1  12   0.0056    0.0048   0.0129  -0.0018  -0.0020  -0.0032   0.00   45.6
2046 357533.000   34.220291297  117.143975660    35.6019   1  12   0.0056    0.0048   0.0129  -0.0018  -0.0020  -0.0032   0.00   32.5
2046 357532.000   34.220291312  117.143975663    35.6073   1  12   0.0056    0.0048   0.0129  -0.0018  -0.0020  -0.0032   0.00   35.3
2046 357531.000   34.220291309  117.143975659    35.6069   1  12   0.0056    0.0048   0.0129  -0.0018  -0.0020  -0.0032   0.00   21.2
2046 357530.000   34.220291309  117.143975661    35.6070   1  12   0.0056    0.0048   0.0129  -0.0018  -0.0020  -0.0032   0.00   22.3
2046 357529.000   34.220291309  117.143975653    35.6075   1  12   0.0056    0.0048   0.0129  -0.0018  -0.0020  -0.0032   0.00   23.7
2046 357528.000   34.220291319  117.143975669    35.6071   1  12   0.0056    0.0048   0.0129  -0.0018  -0.0020  -0.0032   0.00   21.6
2046 357527.000   34.220291318  117.143975667    35.6074   1  12   0.0056    0.0048   0.0129  -0.0018  -0.0020  -0.0032   0.00   22.9
2046 357526.000   34.220291321  117.143975666    35.6054   1  12   0.0056    0.0048   0.0129  -0.0018  -0.0020  -0.0032   0.00   24.1
2046 357525.000   34.220291320  117.143975674    35.6044   1  12   0.0056    0.0048   0.0129  -0.0018  -0.0020  -0.0032   0.00   19.2
2046 357524.000   34.220291323  117.143975668    35.6047   1  12   0.0056    0.0048   0.0129  -0.0018  -0.0020  -0.0032   0.00   20.0
2046 357523.000   34.220291325  117.143975666    35.6039   1  12   0.0056    0.0048   0.0129  -0.0018  -0.0020  -0.0032   0.00   19.3
2046 357522.000   34.220291331  117.143975669    35.6055   1  12   0.0056    0.0048   0.0129  -0.0018  -0.0021  -0.0032   0.00   21.5
2046 357521.000   34.220291323  117.143975675    35.6080   1  12   0.0056    0.0048   0.0129  -0.0018  -0.0021  -0.0032   0.00   29.2
2046 357520.000   34.220291330  117.143975680    35.6081   1  12   0.0056    0.0048   0.0129  -0.0018  -0.0020  -0.0032   0.00   27.4
2046 357519.000   34.220291314  117.143975677    35.6095   1  12   0.0056    0.0048   0.0129  -0.0018  -0.0021  -0.0032   0.00   32.0
2046 357518.000   34.220291319  117.143975681    35.6077   1  12   0.0056    0.0048   0.0129  -0.0018  -0.0021  -0.0032   0.00   30.4
2046 357517.000   34.220291317  117.143975688    35.6084   1  12   0.0056    0.0048   0.0129  -0.0018  -0.0021  -0.0032   0.00   30.3
2046 357516.000   34.220291316  117.143975680    35.6084   1  12   0.0056    0.0048   0.0129  -0.0018  -0.0021  -0.0032   0.00   30.8
2046 357515.000   34.220291314  117.143975686    35.6081   1  12   0.0056    0.0048   0.0129  -0.0018  -0.0021  -0.0032   0.00   26.2
2046 357514.000   34.220291312  117.143975688    35.6097   1  12   0.0056    0.0048   0.0129  -0.0018  -0.0021  -0.0032   0.00   28.3
2046 357513.000   34.220291303  117.143975685    35.6102   1  12   0.0056    0.0048   0.0129  -0.0018  -0.0021  -0.0032   0.00   26.9
2046 357512.000   34.220291299  117.143975690    35.6093   1  12   0.0056    0.0048   0.0129  -0.0018  -0.0021  -0.0032   0.00   27.4
2046 357511.000   34.220291305  117.143975689    35.6123   1  12   0.0056    0.0048   0.0129  -0.0018  -0.0021  -0.0032   0.00   33.5
2046 357510.000   34.220291308  117.143975687    35.6104   1  12   0.0056    0.0048   0.0129  -0.0018  -0.0021  -0.0032   0.00   30.3
2046 357509.000   34.220291301  117.143975697    35.6102   1  12   0.0056    0.0048   0.0129  -0.0018  -0.0021  -0.0032   0.00   25.8
2046 357508.000   34.220291305  117.143975686    35.6098   1  12   0.0056    0.0048   0.0129  -0.0018  -0.0021  -0.0032   0.00   32.0
2046 357507.000   34.220291303  117.143975681    35.6098   1  12   0.0056    0.0048   0.0129  -0.0018  -0.0021  -0.0032   0.00   25.3
2046 357506.000   34.220291301  117.143975675    35.6082   1  12   0.0056    0.0048   0.0129  -0.0018  -0.0021  -0.0032   0.00   30.9
2046 357505.000   34.220291314  117.143975685    35.6070   1  12   0.0056    0.0048   0.0129  -0.0018  -0.0021  -0.0032   0.00   33.5
2046 357504.000   34.220291291  117.143975670    35.6074   1  12   0.0056    0.0048   0.0129  -0.0018  -0.0021  -0.0032   0.00   31.6
2046 357503.000   34.220291295  117.143975679    35.6058   1  12   0.0056    0.0048   0.0129  -0.0018  -0.0021  -0.0032   0.00   26.8
2046 357502.000   34.220291301  117.143975675    35.6052   1  12   0.0056    0.0048   0.0129  -0.0018  -0.0021  -0.0032   0.00   28.1
2046 357501.000   34.220291298  117.143975692    35.6035   1  12   0.0056    0.0048   0.0129  -0.0018  -0.0021  -0.0032   0.00   33.8
2046 357500.000   34.220291299  117.143975690    35.6050   1  12   0.0056    0.0048   0.0129  -0.0018  -0.0021  -0.0032   0.00   29.7
2046 357499.000   34.220291305  117.143975688    35.6041   1  12   0.0056    0.0048   0.0129  -0.0018  -0.0021  -0.0032   0.00   25.8
2046 357498.000   34.220291307  117.143975687    35.6054   1  12   0.0056    0.0048   0.0129  -0.0018  -0.0021  -0.0032   0.00   39.2
2046 357497.000   34.220291300  117.143975681    35.6053   1  12   0.0056    0.0048   0.0129  -0.0018  -0.0021  -0.0032   0.00   29.5
2046 357496.000   34.220291306  117.143975687    35.6088   1  12   0.0056    0.0048   0.0129  -0.0018  -0.0021  -0.0032   0.00   23.6
2046 357495.000   34.220291308  117.143975673    35.6092   1  12   0.0056    0.0048   0.0129  -0.0018  -0.0021  -0.0032   0.00   24.5
2046 357494.000   34.220291304  117.143975680    35.6087   1  12   0.0056    0.0048   0.0129  -0.0018  -0.0021  -0.0032   0.00   29.3
2046 357493.000   34.220291308  117.143975683    35.6081   1  12   0.0056    0.0048   0.0129  -0.0018  -0.0021  -0.0032   0.00   27.7
2046 357492.000   34.220291303  117.143975677    35.6110   1  12   0.0056    0.0048   0.0129  -0.0018  -0.0021  -0.0032   0.00   25.8
2046 357491.000   34.220291301  117.143975676    35.6089   1  12   0.0056    0.0048   0.0129  -0.0018  -0.0021  -0.0032   0.00   24.4
2046 357490.000   34.220291300  117.143975671    35.6110   1  12   0.0056    0.0048   0.0129  -0.0018  -0.0021  -0.0032   0.00   24.4
2046 357489.000   34.220291283  117.143975685    35.6061   1  11   0.0062    0.0051   0.0150  -0.0028  -0.0042   0.0033   0.00   25.4
2046 357488.000   34.220291295  117.143975677    35.6030   1  11   0.0062    0.0051   0.0150  -0.0028  -0.0042   0.0033   0.00   29.1
2046 357487.000   34.220291283  117.143975687    35.6037   1  11   0.0062    0.0051   0.0150  -0.0028  -0.0042   0.0033   0.00   26.6
2046 357486.000   34.220291289  117.143975681    35.6053   1  11   0.0062    0.0051   0.0150  -0.0028  -0.0042   0.0033   0.00   30.3
2046 357485.000   34.220291297  117.143975659    35.6024   1  11   0.0062    0.0051   0.0150  -0.0028  -0.0042   0.0033   0.00   23.6
2046 357484.000   34.220291294  117.143975662    35.6006   1  11   0.0062    0.0051   0.0150  -0.0028  -0.0042   0.0033   0.00   22.2
2046 357483.000   34.220291289  117.143975680    35.6017   1  11   0.0062    0.0051   0.0150  -0.0028  -0.0042   0.0033   0.00   21.4
2046 357482.000   34.220291303  117.143975652    35.6054   1  11   0.0062    0.0051   0.0150  -0.0028  -0.0042   0.0033   0.00   20.8
2046 357481.000   34.220291299  117.143975652    35.6070   1  11   0.0062    0.0051   0.0150  -0.0028  -0.0042   0.0033   0.00   18.5
2046 357480.000   34.220291306  117.143975652    35.6044   1  11   0.0062    0.0051   0.0150  -0.0028  -0.0042   0.0033   0.00   12.8
2046 357479.000   34.220291307  117.143975627    35.6029   1  11   0.0062    0.0051   0.0150  -0.0028  -0.0042   0.0033   0.00   23.6
2046 357478.000   34.220291297  117.143975621    35.6030   1  11   0.0062    0.0051   0.0150  -0.0028  -0.0042   0.0033   0.00   27.6
2046 357477.000   34.220291288  117.143975679    35.6004   1  11   0.0062    0.0051   0.0150  -0.0028  -0.0042   0.0033   0.00   42.4
2046 357476.000   34.220291290  117.143975668    35.6011   1  11   0.0062    0.0051   0.0150  -0.0028  -0.0042   0.0033   0.00   31.9
2046 357475.000   34.220291300  117.143975674    35.5959   1  11   0.0062    0.0051   0.0150  -0.0028  -0.0042   0.0033   0.00   33.6
2046 357474.000   34.220291299  117.143975674    35.5972   1  11   0.0062    0.0051   0.0150  -0.0028  -0.0042   0.0033   0.00   45.6
2046 357473.000   34.220291296  117.143975681    35.6004   1  11   0.0062    0.0051   0.0150  -0.0028  -0.0042   0.0033   0.00   30.2
2046 357472.000   34.220291301  117.143975684    35.6002   1  11   0.0062    0.0051   0.0150  -0.0028  -0.0042   0.0033   0.00   28.8
2046 357471.000   34.220291296  117.143975673    35.6027   1  11   0.0062    0.0051   0.0150  -0.0028  -0.0042   0.0033   0.00   25.7
2046 357470.000   34.220291293  117.143975682    35.5971   1  11   0.0062    0.0051   0.0150  -0.0028  -0.0042   0.0033   0.00   27.9
2046 357469.000   34.220291298  117.143975685    35.5989   1  11   0.0062    0.0051   0.0150  -0.0028  -0.0042   0.0033   0.00   45.4
2046 357468.000   34.220291284  117.143975697    35.5962   1  11   0.0062    0.0051   0.0151  -0.0028  -0.0042   0.0033   0.00   57.9
2046 357467.000   34.220291292  117.143975712    35.5920   1  10   0.0063    0.0055   0.0151  -0.0030  -0.0042   0.0033   0.00   23.2
2046 357466.000   34.220291288  117.143975702    35.5918   1  10   0.0063    0.0055   0.0151  -0.0030  -0.0042   0.0033   0.00   25.9
2046 357465.000   34.220291292  117.143975713    35.5923   1  10   0.0063    0.0055   0.0151  -0.0030  -0.0042   0.0033   0.00   34.5
2046 357464.000   34.220291270  117.143975701    35.5943   1   8   0.0073    0.0056   0.0152  -0.0023  -0.0044   0.0017   0.00   43.4
2046 357463.000   34.220291287  117.143975696    35.5966   1   8   0.0073    0.0056   0.0152  -0.0023  -0.0044   0.0018   0.00   32.2
2046 357462.000   34.220291266  117.143975704    35.5965   1   8   0.0073    0.0056   0.0152  -0.0023  -0.0044   0.0018   0.00   31.9
2046 357461.000   34.220291295  117.143975695    35.5943   1   8   0.0073    0.0056   0.0152  -0.0023  -0.0044   0.0018   0.00   36.3
2046 357460.000   34.220291277  117.143975685    35.5975   1   8   0.0073    0.0056   0.0152  -0.0023  -0.0044   0.0018   0.00   30.6
2046 357459.000   34.220291288  117.143975676    35.5992   1   8   0.0073    0.0056   0.0152  -0.0023  -0.0044   0.0018   0.00   40.5
2046 357458.000   34.220291264  117.143975663    35.5965   1   6   0.0105    0.0063   0.0171  -0.0024   0.0016   0.0044   0.00   28.3
2046 357457.000   34.220291259  117.143975656    35.5966   1   6   0.0105    0.0063   0.0171  -0.0024   0.0016   0.0044   0.00  113.5
2046 357456.000   34.220292473  117.143976296    35.4944   2   4   1.9801    0.8337   1.5136   1.2791  -1.1142  -1.7134   0.00    0.0
2046 357455.000   34.220292730  117.143976430    35.4760   2   4   4.7362    1.9912   3.5915   3.0667  -2.6671  -4.1110   0.00    0.0
2046 357454.000   34.220293836  117.143976997    35.3885   2   4   6.3467    2.6675   4.8068   4.1100  -3.5731  -5.5091   0.00    0.0
2046 357453.000   34.220292999  117.143976608    35.4590   2   4   7.5966    3.1921   5.7488   4.9193  -4.2753  -6.5929   0.00    0.0
