%  GPST          latitude(deg) longitude(deg)  height(m)   Q  ns   sdn(m)   sde(m)   sdu(m)  sdne(m)  sdeu(m)  sdun(m) age(s)  ratio
2046 357453.000   34.220286669  117.143973426    35.9916   2   4   7.1797    3.0169   5.4337   4.6488  -4.0399  -6.2298   0.00    0.0
2046 357454.000   34.220289257  117.143974704    35.7732   2   4   6.0923    2.5604   4.6142   3.9448  -3.4292  -5.2873   0.00    0.0
2046 357455.000   34.220290157  117.143975153    35.6910   2   4   4.6269    1.9450   3.5084   2.9956  -2.6050  -4.0156   0.00    0.0
2046 357456.000   34.220292404  117.143976278    35.4993   2   4   1.4807    0.6243   1.1412   0.9539  -0.8319  -1.2764   0.00    0.0
2046 357457.000   34.220291259  117.143975656    35.5966   1   6   0.0105    0.0063   0.0171  -0.0024   0.0016   0.0044   0.00  113.5
2046 357458.000   34.220291264  117.143975663    35.5965   1   6   0.0105    0.0063   0.0171  -0.0024   0.0016   0.0044   0.00   28.3
2046 357459.000   34.220291288  117.143975676    35.5992   1   8   0.0073    0.0056   0.0152  -0.0023  -0.0044   0.0018   0.00   40.5
2046 357460.000   34.220291277  117.143975685    35.5975   1   8   0.0073    0.0056   0.0152  -0.0023  -0.0044   0.0018   0.00   30.6
2046 357461.000   34.220291295  117.143975695    35.5943   1   8   0.0073    0.0056   0.0152  -0.0023  -0.0044   0.0018   0.00   36.3
2046 357462.000   34.220291266  117.143975704    35.5965   1   8   0.0073    0.0056   0.0152  -0.0023  -0.0044   0.0018   0.00   31.9
2046 357463.000   34.220291287  117.143975696    35.5966   1   8   0.0073    0.0056   0.0152  -0.0023  -0.0044   0.0018   0.00   32.2
2046 357464.000   34.220291270  117.143975701    35.5943   1   8   0.0073    0.0056   0.0152  -0.0023  -0.0044   0.0017   0.00   43.4
2046 357465.000   34.220291292  117.143975713    35.5923   1  10   0.0063    0.0055   0.0151  -0.0030  -0.0042   0.0033   0.00   34.5
2046 357466.000   34.220291288  117.143975702    35.5918   1  10   0.0063    0.0055   0.0151  -0.0030  -0.0042   0.0033   0.00   25.9
2046 357467.000   34.220291292  117.143975712    35.5920   1  10   0.0063    0.0055   0.0151  -0.0030  -0.0042   0.0033   0.00   23.2
2046 357468.000   34.220291284  117.143975697    35.5962   1  11   0.0062    0.0051   0.0151  -0.0028  -0.0042   0.0033   0.00   57.9
2046 357469.000   34.220291298  117.143975685    35.5989   1  11   0.0062    0.0051   0.0150  -0.0028  -0.0042   0.0033   0.00   45.4
2046 357470.000   34.220291293  117.143975682    35.5971   1  11   0.0062    0.0051   0.0150  -0.0028  -0.0042   0.0033   0.00   27.9
2046 357471.000   34.220291296  117.143975673    35.6027   1  11   0.0062    0.0051   0.0150  -0.0028  -0.0042   0.0033   0.00   25.7
2046 357472.000   34.220291301  117.143975684    35.6002   1  11   0.0062    0.0051   0.0150  -0.0028  -0.0042   0.0033   0.00   28.8
2046 357473.000   34.220291296  117.143975681    35.6004   1  11   0.0062    0.0051   0.0150  -0.0028  -0.0042   0.0033   0.00   30.2
2046 357474.000   34.220291299  117.143975674    35.5972   1  11   0.0062    0.0051   0.0150  -0.0028  -0.0042   0.0033   0.00   45.6
2046 357475.000   34.220291300  117.143975674    35.5959   1  11   0.0062    0.0051   0.0150  -0.0028  -0.0042   0.0033   0.00   33.6
2046 357476.000   34.220291290  117.143975668    35.6011   1  11   0.0062    0.0051   0.0150  -0.0028  -0.0042   0.0033   0.00   31.9
2046 357477.000   34.220291288  117.143975679    35.6005   1  11   0.0044    0.0036   0.0106  -0.0020  -0.0030   0.0023   0.00    6.6
2046 357478.000   34.220291297  117.143975621    35.6032   1  11   0.0044    0.0036   0.0106  -0.0020  -0.0030   0.0023   0.00    5.1
2046 357479.000   34.220291307  117.143975627    35.6031   1  11   0.0044    0.0036   0.0106  -0.0020  -0.0030   0.0023   0.00    4.9
2046 357480.000   34.220291306  117.143975652    35.6044   1  11   0.0062    0.0051   0.0150  -0.0028  -0.0042   0.0033   0.00   12.8
2046 357481.000   34.220291299  117.143975652    35.6071   1  11   0.0044    0.0036   0.0106  -0.0020  -0.0030   0.0023   0.00    3.8
2046 357482.000   34.220291303  117.143975652    35.6056   1  11   0.0044    0.0036   0.0106  -0.0020  -0.0030   0.0023   0.00    3.9
2046 357483.000   34.220291289  117.143975680    35.6018   1  11   0.0044    0.0036   0.0106  -0.0020  -0.0030   0.0023   0.00    4.4
2046 357484.000   34.220291294  117.143975662    35.6007   1  11   0.0044    0.0036   0.0106  -0.0020  -0.0030   0.0023   0.00    4.9
2046 357485.000   34.220291297  117.143975659    35.6025   1  11   0.0044    0.0036   0.0106  -0.0020  -0.0030   0.0023   0.00    4.2
2046 357486.000   34.220291289  117.143975681    35.6055   1  11   0.0044    0.0036   0.0106  -0.0020  -0.0030   0.0023   0.00    5.5
2046 357487.000   34.220291283  117.143975687    35.6038   1  11   0.0044    0.0036   0.0106  -0.0020  -0.0030   0.0023   0.00    4.9
2046 357488.000   34.220291295  117.143975677    35.6031   1  11   0.0044    0.0036   0.0106  -0.0020  -0.0030   0.0023   0.00    5.0
2046 357489.000   34.220291283  117.143975685    35.6063   1  11   0.0044    0.0036   0.0106  -0.0020  -0.0030   0.0023   0.00    4.6
2046 357490.000   34.220291300  117.143975671    35.6112   1  12   0.0040    0.0034   0.0092  -0.0013  -0.0015  -0.0022   0.00    4.3
2046 357491.000   34.220291301  117.143975676    35.6091   1  12   0.0040    0.0034   0.0092  -0.0013  -0.0015  -0.0022   0.00    4.3
2046 357492.000   34.220291303  117.143975677    35.6112   1  12   0.0040    0.0034   0.0092  -0.0013  -0.0015  -0.0022   0.00    4.9
2046 357493.000   34.220291308  117.143975683    35.6083   1  12   0.0040    0.0034   0.0092  -0.0013  -0.0015  -0.0022   0.00    5.3
2046 357494.000   34.220291304  117.143975680    35.6089   1  12   0.0040    0.0034   0.0092  -0.0013  -0.0015  -0.0022   0.00    5.2
2046 357495.000   34.220291308  117.143975673    35.6094   1  12   0.0040    0.0034   0.0092  -0.0013  -0.0015  -0.0022   0.00    4.9
2046 357496.000   34.220291306  117.143975687    35.6089   1  12   0.0040    0.0034   0.0092  -0.0013  -0.0015  -0.0022   0.00    4.4
2046 357497.000   34.220291300  117.143975681    35.6055   1  12   0.0040    0.0034   0.0092  -0.0013  -0.0015  -0.0022   0.00    5.7
2046 357498.000   34.220291307  117.143975687    35.6056   1  12   0.0040    0.0034   0.0092  -0.0013  -0.0015  -0.0022   0.00    6.7
2046 357499.000   34.220291305  117.143975688    35.6043   1  12   0.0040    0.0034   0.0092  -0.0013  -0.0015  -0.0022   0.00    5.1
2046 357500.000   34.220291299  117.143975690    35.6052   1  12   0.0040    0.0034   0.0092  -0.0013  -0.0015  -0.0022   0.00    6.0
2046 357501.000   34.220291298  117.143975692    35.6035   1  12   0.0040    0.0034   0.0092  -0.0013  -0.0015  -0.0022   0.00   33.4
2046 357502.000   34.220291301  117.143975675    35.6052   1  12   0.0040    0.0034   0.0092  -0.0013  -0.0015  -0.0022   0.00   28.1
2046 357503.000   34.220291295  117.143975679    35.6058   1  12   0.0040    0.0034   0.0092  -0.0013  -0.0015  -0.0022   0.00   26.8
2046 357504.000   34.220291291  117.143975670    35.6074   1  12   0.0040    0.0034   0.0092  -0.0013  -0.0015  -0.0022   0.00   31.7
2046 357505.000   34.220291314  117.143975685    35.6070   1  12   0.0040    0.0034   0.0092  -0.0013  -0.0015  -0.0022   0.00   33.4
2046 357506.000   34.220291301  117.143975675    35.6082   1  12   0.0040    0.0034   0.0092  -0.0013  -0.0015  -0.0022   0.00   31.0
2046 357507.000   34.220291303  117.143975681    35.6098   1  12   0.0040    0.0034   0.0092  -0.0013  -0.0015  -0.0022   0.00   25.3
2046 357508.000   34.220291305  117.143975686    35.6098   1  12   0.0040    0.0034   0.0092  -0.0013  -0.0015  -0.0022   0.00   32.0
2046 357509.000   34.220291301  117.143975697    35.6102   1  12   0.0040    0.0034   0.0092  -0.0013  -0.0015  -0.0022   0.00   25.7
2046 357510.000   34.220291308  117.143975687    35.6104   1  12   0.0040    0.0034   0.0092  -0.0013  -0.0015  -0.0022   0.00   30.2
2046 357511.000   34.220291305  117.143975689    35.6123   1  12   0.0040    0.0034   0.0092  -0.0013  -0.0015  -0.0022   0.00   33.5
2046 357512.000   34.220291299  117.143975690    35.6093   1  12   0.0040    0.0034   0.0092  -0.0013  -0.0015  -0.0022   0.00   27.4
2046 357513.000   34.220291303  117.143975685    35.6102   1  12   0.0040    0.0034   0.0092  -0.0013  -0.0015  -0.0022   0.00   26.9
2046 357514.000   34.220291312  117.143975688    35.6097   1  12   0.0040    0.0034   0.0092  -0.0013  -0.0015  -0.0022   0.00   28.3
2046 357515.000   34.220291314  117.143975686    35.6081   1  12   0.0040    0.0034   0.0092  -0.0013  -0.0015  -0.0022   0.00   26.2
2046 357516.000   34.220291316  117.143975680    35.6084   1  12   0.0040    0.0034   0.0092  -0.0013  -0.0015  -0.0023   0.00   30.8
2046 357517.000   34.220291317  117.143975688    35.6084   1  12   0.0040    0.0034   0.0092  -0.0013  -0.0015  -0.0023   0.00   30.4
2046 357518.000   34.220291319  117.143975681    35.6077   1  12   0.0040    0.0034   0.0092  -0.0013  -0.0015  -0.0023   0.00   30.4
2046 357519.000   34.220291314  117.143975677    35.6095   1  12   0.0040    0.0034   0.0092  -0.0013  -0.0015  -0.0023   0.00   32.0
2046 357520.000   34.220291330  117.143975680    35.6081   1  12   0.0040    0.0034   0.0092  -0.0013  -0.0015  -0.0023   0.00   27.4
2046 357521.000   34.220291323  117.143975675    35.6080   1  12   0.0040    0.0034   0.0092  -0.0013  -0.0015  -0.0023   0.00   29.2
2046 357522.000   34.220291331  117.143975669    35.6055   1  12   0.0040    0.0034   0.0092  -0.0013  -0.0015  -0.0023   0.00   21.6
2046 357523.000   34.220291325  117.143975666    35.6039   1  12   0.0040    0.0034   0.0092  -0.0013  -0.0014  -0.0023   0.00   19.3
2046 357524.000   34.220291323  117.143975668    35.6048   1  12   0.0040    0.0034   0.0092  -0.0013  -0.0014  -0.0023   0.00   19.9
2046 357525.000   34.220291320  117.143975674    35.6044   1  12   0.0040    0.0034   0.0092  -0.0013  -0.0014  -0.0023   0.00   19.2
2046 357526.000   34.220291321  117.143975666    35.6054   1  12   0.0040    0.0034   0.0092  -0.0013  -0.0014  -0.0023   0.00   24.1
2046 357527.000   34.220291318  117.143975667    35.6074   1  12   0.0040    0.0034   0.0092  -0.0013  -0.0014  -0.0023   0.00   22.9
2046 357528.000   34.220291319  117.143975669    35.6071   1  12   0.0040    0.0034   0.0092  -0.0013  -0.0014  -0.0023   0.00   21.6
2046 357529.000   34.220291309  117.143975653    35.6075   1  12   0.0040    0.0034   0.0092  -0.0013  -0.0014  -0.0023   0.00   23.6
2046 357530.000   34.220291309  117.143975661    35.6070   1  12   0.0040    0.0034   0.0092  -0.0013  -0.0014  -0.0023   0.00   22.3
2046 357531.000   34.220291309  117.143975659    35.6069   1  12   0.0040    0.0034   0.0092  -0.0013  -0.0014  -0.0023   0.00   21.1
2046 357532.000   34.220291312  117.143975663    35.6073   1  12   0.0040    0.0034   0.0092  -0.0013  -0.0014  -0.0023   0.00   35.3
2046 357533.000   34.220291297  117.143975660    35.6019   1  12   0.0040    0.0034   0.0092  -0.0013  -0.0014  -0.0023   0.00   32.4
2046 357534.000   34.220291298  117.143975669    35.6046   1  12   0.0040    0.0034   0.0092  -0.0013  -0.0014  -0.0023   0.00   45.5
2046 357535.000   34.220291300  117.143975664    35.6039   1  12   0.0040    0.0034   0.0092  -0.0013  -0.0014  -0.0023   0.00   33.3
2046 357536.000   34.220291303  117.143975646    35.6089   1  12   0.0040    0.0034   0.0092  -0.0013  -0.0014  -0.0023   0.00   21.0
2046 357537.000   34.220291304  117.143975643    35.6075   1  12   0.0040    0.0034   0.0092  -0.0013  -0.0014  -0.0023   0.00   20.7
2046 357538.000   34.220291301  117.143975638    35.6080   1  12   0.0040    0.0034   0.0092  -0.0013  -0.0014  -0.0023   0.00   17.7
2046 357539.000   34.220291307  117.143975653    35.6070   1  12   0.0040    0.0034   0.0092  -0.0013  -0.0014  -0.0023   0.00   21.9
2046 357540.000   34.220291306  117.143975671    35.6083   1  12   0.0040    0.0034   0.0092  -0.0013  -0.0014  -0.0023   0.00   23.4
2046 357541.000   34.220291297  117.143975666    35.6058   1  12   0.0040    0.0034   0.0092  -0.0013  -0.0014  -0.0023   0.00   23.0
2046 357542.000   34.220291288  117.143975669    35.6067   1  12   0.0040    0.0034   0.0092  -0.0013  -0.0014  -0.0023   0.00   25.5
2046 357543.000   34.220291302  117.143975675    35.6055   1  12   0.0040    0.0034   0.0092  -0.0013  -0.0014  -0.0023   0.00   25.9
2046 357544.000   34.220291302  117.143975672    35.6042   1  12   0.0040    0.0034   0.0092  -0.0013  -0.0014  -0.0023   0.00   31.6
2046 357545.000   34.220291316  117.143975670    35.6055   1  12   0.0040    0.0034   0.0092  -0.0013  -0.0014  -0.0023   0.00   24.5
2046 357546.000   34.220291316  117.143975677    35.6041   1  12   0.0040    0.0034   0.0092  -0.0013  -0.0014  -0.0023   0.00   26.9
2046 357547.000   34.220291324  117.143975678    35.6053   1  12   0.0040    0.0034   0.0092  -0.0013  -0.0014  -0.0023   0.00   38.9
2046 357548.000   34.220291315  117.143975673    35.6076   1  12   0.0040    0.0034   0.0092  -0.0013  -0.0014  -0.0023   0.00   37.4
2046 357549.000   34.220291320  117.143975678    35.6043   1  12   0.0040    0.0034   0.0092  -0.0013  -0.0014  -0.0023   0.00   26.6
2046 357550.000   34.220291319  117.143975672    35.5992   1  12   0.0040    0.0034   0.0092  -0.0013  -0.0014  -0.0023   0.00   30.9
2046 357551.000   34.220291317  117.143975670    35.6031   1  12   0.0040    0.0034   0.0092  -0.0013  -0.0014  -0.0023   0.00   25.8
2046 357552.000   34.220291312  117.143975682    35.6009   1  12   0.0040    0.0034   0.0092  -0.0013  -0.0014  -0.0023   0.00   30.8
2046 357553.000   34.220291314  117.143975677    35.6022   1  12   0.0040    0.0034   0.0092  -0.0013  -0.0014  -0.0023   0.00   36.0
2046 357554.000   34.220291320  117.143975679    35.6036   1  12   0.0040    0.0034   0.0092  -0.0013  -0.0014  -0.0023   0.00   32.0
2046 357555.000   34.220291323  117.143975682    35.6025   1  12   0.0040    0.0034   0.0092  -0.0013  -0.0014  -0.0023   0.00   37.4
2046 357556.000   34.220291318  117.143975678    35.6029   1  12   0.0040    0.0034   0.0092  -0.0013  -0.0014  -0.0023   0.00   34.7
2046 357557.000   34.220291305  117.143975690    35.6036   1  12   0.0040    0.0034   0.0092  -0.0013  -0.0014  -0.0023   0.00   47.6
2046 357558.000   34.220291307  117.143975684    35.6024   1  12   0.0040    0.0034   0.0092  -0.0013  -0.0014  -0.0023   0.00   26.5
2046 357559.000   34.220291313  117.143975677    35.6011   1  12   0.0040    0.0034   0.0092  -0.0013  -0.0014  -0.0023   0.00   26.7
2046 357560.000   34.220291312  117.143975679    35.6013   1  12   0.0040    0.0034   0.0092  -0.0013  -0.0014  -0.0023   0.00   42.0
2046 357561.000   34.220291312  117.143975677    35.6035   1  12   0.0040    0.0034   0.0092  -0.0013  -0.0014  -0.0023   0.00   30.7
2046 357562.000   34.220291314  117.143975673    35.6009   1  12   0.0040    0.0034   0.0092  -0.0013  -0.0014  -0.0023   0.00   39.1
2046 357563.000   34.220291324  117.143975666    35.5983   1  12   0.0040    0.0034   0.0092  -0.0013  -0.0014  -0.0023   0.00   34.6
2046 357564.000   34.220291322  117.143975678    35.5982   1  12   0.0040    0.0034   0.0092  -0.0013  -0.0014  -0.0023   0.00   29.3
2046 357565.000   34.220291316  117.143975660    35.5987   1  12   0.0040    0.0034   0.0092  -0.0013  -0.0014  -0.0023   0.00   22.1
2046 357566.000   34.220291317  117.143975685    35.5979   1  12   0.0040    0.0034   0.0092  -0.0013  -0.0014  -0.0023   0.00   41.4
2046 357567.000   34.220291322  117.143975671    35.5988   1  12   0.0040    0.0034   0.0092  -0.0013  -0.0014  -0.0023   0.00   28.8
2046 357568.000   34.220291318  117.143975680    35.5975   1  12   0.0040    0.0034   0.0092  -0.0013  -0.0014  -0.0023   0.00   28.2
2046 357569.000   34.220291330  117.143975666    35.5988   1  12   0.0040    0.0034   0.0092  -0.0013  -0.0014  -0.0023   0.00   30.3
2046 357570.000   34.220291324  117.143975666    35.6004   1  12   0.0040    0.0034   0.0092  -0.0013  -0.0014  -0.0023   0.00   33.2
2046 357571.000   34.220291320  117.143975675    35.6012   1  12   0.0040    0.0034   0.0092  -0.0013  -0.0014  -0.0023   0.00   30.8
2046 357572.000   34.220291318  117.143975687    35.5985   1  12   0.0040    0.0034   0.0092  -0.0013  -0.0014  -0.0023   0.00   27.7
2046 357573.000   34.220291318  117.143975688    35.5986   1  12   0.0040    0.0034   0.0092  -0.0013  -0.0014  -0.0023   0.00   26.6
2046 357574.000   34.220291322  117.143975669    35.6011   1  12   0.0040    0.0034   0.0092  -0.0013  -0.0014  -0.0023   0.00   35.5
2046 357575.000   34.220291314  117.143975700    35.6025   1  12   0.0040    0.0034   0.0092  -0.0013  -0.0014  -0.0023   0.00   47.1
2046 357576.000   34.220291311  117.143975694    35.6039   1  12   0.0040    0.0034   0.0092  -0.0013  -0.0014  -0.0023   0.00   32.7
2046 357577.000   34.220291306  117.143975695    35.6053   1  12   0.0040    0.0034   0.0092  -0.0013  -0.0014  -0.0023   0.00   36.4
2046 357578.000   34.220291317  117.143975699    35.6022   1  12   0.0040    0.0034   0.0092  -0.0013  -0.0014  -0.0023   0.00   43.4
2046 357579.000   34.220291311  117.143975696    35.6015   1  12   0.0040    0.0034   0.0092  -0.0013  -0.0014  -0.0023   0.00   50.2
2046 357580.000   34.220291321  117.143975693    35.6007   1  12   0.0040    0.0034   0.0092  -0.0013  -0.0014  -0.0023   0.00   43.9
2046 357581.000   34.220291311  117.143975699    35.6048   1  12   0.0040    0.0034   0.0092  -0.0013  -0.0014  -0.0023   0.00   88.6
2046 357582.000   34.220291323  117.143975693    35.6006   1  12   0.0040    0.0034   0.0092  -0.0013  -0.0014  -0.0023   0.00   70.2
2046 357583.000   34.220291318  117.143975680    35.6045   1  12   0.0040    0.0034   0.0092  -0.0013  -0.0014  -0.0023   0.00   55.1
2046 357584.000   34.220291318  117.143975682    35.6036   1  12   0.0040    0.0034   0.0092  -0.0013  -0.0014  -0.0023   0.00   54.5
2046 357585.000   34.220291306  117.143975686    35.6034   1  12   0.0040    0.0034   0.0092  -0.0013  -0.0014  -0.0023   0.00   53.9
2046 357586.000   34.220291308  117.143975678    35.6029   1  12   0.0040    0.0034   0.0092  -0.0013  -0.0014  -0.0023   0.00   64.1
2046 357587.000   34.220291308  117.143975665    35.6035   1  12   0.0040    0.0034   0.0092  -0.0013  -0.0014  -0.0023   0.00   67.6
2046 357588.000   34.220291293  117.143975669    35.6003   1  12   0.0040    0.0034   0.0092  -0.0013  -0.0014  -0.0023   0.00   36.3
2046 357589.000   34.220291308  117.143975653    35.6044   1  12   0.0040    0.0034   0.0092  -0.0013  -0.0014  -0.0023   0.00   47.1
2046 357590.000   34.220291302  117.143975662    35.6031   1  12   0.0040    0.0034   0.0092  -0.0013  -0.0014  -0.0023   0.00   44.5
2046 357591.000   34.220291301  117.143975660    35.6021   1  12   0.0040    0.0034   0.0092  -0.0013  -0.0014  -0.0023   0.00   39.0
2046 357592.000   34.220291305  117.143975660    35.6044   1  12   0.0040    0.0034   0.0092  -0.0013  -0.0014  -0.0023   0.00   55.2
2046 357593.000   34.220291317  117.143975665    35.6041   1  12   0.0040    0.0034   0.0092  -0.0013  -0.0014  -0.0023   0.00   59.4
2046 357594.000   34.220291312  117.143975660    35.6031   1  12   0.0040    0.0034   0.0092  -0.0013  -0.0014  -0.0023   0.00   54.5
2046 357595.000   34.220291308  117.143975651    35.6023   1  12   0.0040    0.0034   0.0092  -0.0013  -0.0014  -0.0023   0.00   78.1
2046 357596.000   34.220291286  117.143975664    35.6023   1  12   0.0040    0.0034   0.0092  -0.0013  -0.0014  -0.0023   0.00   51.6
2046 357597.000   34.220291276  117.143975664    35.5993   1  12   0.0040    0.0034   0.0092  -0.0013  -0.0014  -0.0023   0.00   44.7
2046 357598.000   34.220291270  117.143975664    35.6023   1  12   0.0040    0.0034   0.0092  -0.0013  -0.0014  -0.0023   0.00   46.7
2046 357599.000   34.220291291  117.143975677    35.5995   1  12   0.0040    0.0034   0.0092  -0.0013  -0.0014  -0.0023   0.00   65.8
2046 357600.000   34.220291283  117.143975664    35.5996   1  12   0.0040    0.0034   0.0092  -0.0013  -0.0014  -0.0023   0.00   62.9
2046 357601.000   34.220291301  117.143975665    35.5989   1  12   0.0040    0.0034   0.0092  -0.0013  -0.0014  -0.0023   0.00   90.6
2046 357602.000   34.220291305  117.143975652    35.5978   1  12   0.0040    0.0034   0.0092  -0.0013  -0.0014  -0.0023   0.00   72.7
2046 357603.000   34.220291293  117.143975653    35.5976   1  12   0.0040    0.0034   0.0092  -0.0013  -0.0013  -0.0023   0.00   74.7
2046 357604.000   34.220291292  117.143975655    35.5983   1  12   0.0040    0.0034   0.0092  -0.0013  -0.0013  -0.0023   0.00   51.0
2046 357605.000   34.220291296  117.143975656    35.5987   1  12   0.0040    0.0034   0.0092  -0.0013  -0.0013  -0.0023   0.00   44.7
2046 357606.000   34.220291311  117.143975644    35.5992   1  12   0.0040    0.0034   0.0092  -0.0013  -0.0013  -0.0023   0.00   41.3
2046 357607.000   34.220291304  117.143975653    35.5975   1  13   0.0039    0.0034   0.0091  -0.0013  -0.0014  -0.0023   0.00   43.1
2046 357608.000   34.220291305  117.143975667    35.5991   1  13   0.0039    0.0034   0.0091  -0.0013  -0.0014  -0.0023   0.00   45.1
2046 357609.000   34.220291303  117.143975656    35.6045   1  13   0.0039    0.0034   0.0091  -0.0013  -0.0014  -0.0023   0.00   45.9
2046 357610.000   34.220291308  117.143975651    35.6040   1  13   0.0039    0.0034   0.0091  -0.0013  -0.0014  -0.0023   0.00   62.9
2046 357611.000   34.220291302  117.143975655    35.6046   1  13   0.0039    0.0034   0.0091  -0.0013  -0.0014  -0.0023   0.00   75.1
2046 357612.000   34.220291309  117.143975663    35.6040   1  13   0.0039    0.0034   0.0091  -0.0013  -0.0014  -0.0023   0.00   40.1
2046 357613.000   34.220291310  117.143975668    35.6032   1  13   0.0039    0.0034   0.0091  -0.0013  -0.0014  -0.0023   0.00   43.4
2046 357614.000   34.220291304  117.143975665    35.6017   1  13   0.0039    0.0034   0.0091  -0.0013  -0.0014  -0.0023   0.00   44.0
2046 357615.000   34.220291293  117.143975679    35.6026   1  13   0.0039    0.0034   0.0091  -0.0013  -0.0014  -0.0023   0.00   40.3
2046 357616.000   34.220291290  117.143975673    35.6043   1  13   0.0039    0.0034   0.0091  -0.0013  -0.0014  -0.0023   0.00   50.8
2046 357617.000   34.220291305  117.143975669    35.6060   1  13   0.0039    0.0034   0.0091  -0.0013  -0.0014  -0.0023   0.00   33.9
2046 357618.000   34.220291301  117.143975675    35.6046   1  13   0.0039    0.0034   0.0091  -0.0013  -0.0014  -0.0023   0.00   47.5
2046 357619.000   34.220291295  117.143975673    35.6069   1  13   0.0039    0.0034   0.0091  -0.0013  -0.0014  -0.0023   0.00   48.9
2046 357620.000   34.220291292  117.143975676    35.6051   1  13   0.0039    0.0034   0.0091  -0.0013  -0.0013  -0.0023   0.00   40.7
2046 357621.000   34.220291312  117.143975644    35.6066   1  13   0.0039    0.0034   0.0091  -0.0013  -0.0014  -0.0023   0.00   55.3
2046 357622.000   34.220291301  117.143975659    35.6055   1  13   0.0039    0.0034   0.0091  -0.0013  -0.0013  -0.0023   0.00   41.5
2046 357623.000   34.220291306  117.143975671    35.6053   1  13   0.0039    0.0034   0.0091  -0.0013  -0.0013  -0.0023   0.00   43.3
2046 357624.000   34.220291312  117.143975665    35.6076   1  13   0.0039    0.0034   0.0091  -0.0013  -0.0013  -0.0023   0.00   45.5
2046 357625.000   34.220291295  117.143975675    35.6053   1  13   0.0039    0.0034   0.0091  -0.0013  -0.0013  -0.0023   0.00   44.9
2046 357626.000   34.220291296  117.143975668    35.6053   1  13   0.0039    0.0034   0.0091  -0.0013  -0.0013  -0.0023   0.00   45.3
2046 357627.000   34.220291293  117.143975658    35.6025   1  13   0.0039    0.0034   0.0091  -0.0013  -0.0013  -0.0023   0.00   42.7
2046 357628.000   34.220291285  117.143975666    35.6039   1  13   0.0039    0.0034   0.0091  -0.0013  -0.0013  -0.0023   0.00   37.5
2046 357629.000   34.220291305  117.143975654    35.6064   1  12   0.0040    0.0034   0.0092  -0.0013  -0.0013  -0.0023   0.00   54.8
2046 357630.000   34.220291290  117.143975663    35.6053   1  12   0.0040    0.0034   0.0092  -0.0013  -0.0013  -0.0023   0.00   38.7
2046 357631.000   34.220291309  117.143975650    35.6085   1  13   0.0039    0.0034   0.0091  -0.0013  -0.0013  -0.0023   0.00   52.2
2046 357632.000   34.220291302  117.143975663    35.6048   1  13   0.0039    0.0034   0.0091  -0.0013  -0.0013  -0.0023   0.00   44.5
2046 357633.000   34.220291304  117.143975647    35.6070   1  12   0.0040    0.0034   0.0092  -0.0013  -0.0013  -0.0023   0.00   43.3
2046 357634.000   34.220291310  117.143975647    35.6077   1  12   0.0040    0.0034   0.0092  -0.0013  -0.0013  -0.0023   0.00   39.3
2046 357635.000   34.220291312  117.143975652    35.6063   1  12   0.0040    0.0034   0.0092  -0.0013  -0.0013  -0.0023   0.00   37.3
2046 357636.000   34.220291295  117.143975665    35.6063   1  12   0.0040    0.0034   0.0092  -0.0013  -0.0013  -0.0023   0.00   44.0
2046 357637.000   34.220291292  117.143975668    35.6071   1  13   0.0039    0.0034   0.0091  -0.0013  -0.0013  -0.0023   0.00   46.0
2046 357638.000   34.220291282  117.143975661    35.6076   1  13   0.0039    0.0034   0.0091  -0.0013  -0.0013  -0.0023   0.00   51.5
2046 357639.000   34.220291286  117.143975677    35.6058   1  13   0.0039    0.0034   0.0091  -0.0013  -0.0013  -0.0023   0.00   50.2
2046 357640.000   34.220291301  117.143975675    35.6036   1  13   0.0039    0.0034   0.0091  -0.0013  -0.0013  -0.0023   0.00   55.0
2046 357641.000   34.220291291  117.143975676    35.6030   1  13   0.0039    0.0034   0.0091  -0.0013  -0.0013  -0.0023   0.00   45.5
2046 357642.000   34.220291301  117.143975674    35.6063   1  13   0.0039    0.0034   0.0091  -0.0013  -0.0013  -0.0023   0.00   50.3
2046 357643.000   34.220291300  117.143975674    35.6055   1  13   0.0039    0.0034   0.0091  -0.0013  -0.0013  -0.0023   0.00   48.9
2046 357644.000   34.220291291  117.143975669    35.6041   1  13   0.0039    0.0034   0.0091  -0.0013  -0.0013  -0.0023   0.00   56.0
2046 357645.000   34.220291294  117.143975671    35.6044   1  13   0.0039    0.0034   0.0091  -0.0013  -0.0013  -0.0023   0.00   34.7
2046 357646.000   34.220291297  117.143975682    35.6048   1  13   0.0039    0.0034   0.0091  -0.0013  -0.0013  -0.0023   0.00   47.5
2046 357647.000   34.220291303  117.143975665    35.6080   1  13   0.0039    0.0034   0.0091  -0.0013  -0.0013  -0.0023   0.00   38.1
2046 357648.000   34.220291290  117.143975679    35.6061   1  13   0.0039    0.0034   0.0091  -0.0013  -0.0013  -0.0023   0.00   32.5
2046 357649.000   34.220291307  117.143975666    35.6067   1  13   0.0039    0.0034   0.0091  -0.0013  -0.0013  -0.0023   0.00   37.8
2046 357650.000   34.220291314  117.143975669    35.6043   1  13   0.0039    0.0034   0.0091  -0.0013  -0.0013  -0.0023   0.00   29.1
2046 357651.000   34.220291305  117.143975670    35.6056   1  13   0.0039    0.0034   0.0091  -0.0013  -0.0013  -0.0023   0.00   32.4
2046 357652.000   34.220291287  117.143975662    35.6076   1  13   0.0039    0.0034   0.0091  -0.0013  -0.0013  -0.0023   0.00   29.9
2046 357653.000   34.220291290  117.143975666    35.6070   1  13   0.0039    0.0034   0.0091  -0.0013  -0.0013  -0.0023   0.00   30.7
2046 357654.000   34.220291293  117.143975671    35.6068   1  13   0.0039    0.0034   0.0091  -0.0013  -0.0013  -0.0023   0.00   31.5
2046 357655.000   34.220291278  117.143975663    35.6045   1  13   0.0039    0.0034   0.0091  -0.0013  -0.0013  -0.0023   0.00   29.1
2046 357656.000   34.220291288  117.143975670    35.6043   1  13   0.0039    0.0034   0.0091  -0.0013  -0.0013  -0.0023   0.00   41.2
2046 357657.000   34.220291288  117.143975678    35.6060   1  13   0.0039    0.0034   0.0091  -0.0013  -0.0013  -0.0023   0.00   38.1
2046 357658.000   34.220291291  117.143975673    35.6033   1  13   0.0039    0.0034   0.0091  -0.0013  -0.0013  -0.0023   0.00   30.9
2046 357659.000   34.220291285  117.143975688    35.6032   1  13   0.0039    0.0034   0.0091  -0.0013  -0.0013  -0.0023   0.00   44.0
2046 357660.000   34.220291282  117.143975676    35.6048   1  13   0.0039    0.0034   0.0091  -0.0013  -0.0013  -0.0023   0.00   39.6
2046 357661.000   34.220291280  117.143975684    35.6031   1  13   0.0039    0.0034   0.0091  -0.0013  -0.0013  -0.0023   0.00   43.7
2046 357662.000   34.220291281  117.143975673    35.6058   1  13   0.0039    0.0034   0.0091  -0.0013  -0.0013  -0.0023   0.00   34.5
2046 357663.000   34.220291276  117.143975675    35.6064   1  13   0.0039    0.0034   0.0091  -0.0013  -0.0013  -0.0023   0.00   36.3
2046 357664.000   34.220291296  117.143975683    35.6070   1  13   0.0039    0.0034   0.0091  -0.0013  -0.0013  -0.0023   0.00   34.9
2046 357665.000   34.220291289  117.143975684    35.6035   1  13   0.0039    0.0034   0.0091  -0.0013  -0.0013  -0.0023   0.00   32.6
2046 357666.000   34.220291288  117.143975694    35.6037   1  13   0.0039    0.0034   0.0091  -0.0013  -0.0013  -0.0023   0.00   30.4
2046 357667.000   34.220291286  117.143975684    35.6040   1  13   0.0039    0.0034   0.0091  -0.0013  -0.0013  -0.0023   0.00   29.3
2046 357668.000   34.220291287  117.143975684    35.6041   1  13   0.0039    0.0034   0.0091  -0.0013  -0.0013  -0.0023   0.00   22.2
2046 357669.000   34.220291289  117.143975677    35.6075   1  13   0.0039    0.0034   0.0091  -0.0013  -0.0013  -0.0023   0.00   28.6
2046 357670.000   34.220291291  117.143975680    35.6063   1  13   0.0039    0.0034   0.0091  -0.0013  -0.0013  -0.0023   0.00   23.9
2046 357671.000   34.220291277  117.143975689    35.6058   1  13   0.0039    0.0034   0.0091  -0.0013  -0.0013  -0.0023   0.00   30.2
2046 357672.000   34.220291292  117.143975683    35.6042   1  13   0.0039    0.0034   0.0091  -0.0013  -0.0013  -0.0023   0.00   28.1
2046 357673.000   34.220291294  117.143975687    35.6058   1  13   0.0039    0.0034   0.0091  -0.0013  -0.0013  -0.0023   0.00   27.9
2046 357674.000   34.220291285  117.143975665    35.6044   1  13   0.0039    0.0034   0.0091  -0.0013  -0.0013  -0.0023   0.00   30.1
2046 357675.000   34.220291282  117.143975671    35.6060   1  13   0.0039    0.0034   0.0091  -0.0013  -0.0013  -0.0023   0.00   35.1
2046 357676.000   34.220291290  117.143975668    35.6055   1  13   0.0039    0.0034   0.0091  -0.0013  -0.0013  -0.0023   0.00   26.9
2046 357677.000   34.220291302  117.143975677    35.6037   1  13   0.0039    0.0034   0.0091  -0.0013  -0.0013  -0.0023   0.00   30.1
2046 357678.000   34.220291289  117.143975680    35.6026   1  13   0.0039    0.0034   0.0091  -0.0013  -0.0013  -0.0023   0.00   20.6
2046 357679.000   34.220291291  117.143975689    35.6046   1  13   0.0039    0.0034   0.0091  -0.0013  -0.0013  -0.0023   0.00   30.8
2046 357680.000   34.220291300  117.143975674    35.6023   1  13   0.0039    0.0034   0.0091  -0.0013  -0.0013  -0.0023   0.00   26.1
2046 357681.000   34.220291294  117.143975677    35.6049   1  13   0.0039    0.0034   0.0091  -0.0013  -0.0013  -0.0023   0.00   19.9
2046 357682.000   34.220291299  117.143975682    35.6034   1  13   0.0039    0.0034   0.0091  -0.0013  -0.0013  -0.0023   0.00   20.3
2046 357683.000   34.220291296  117.143975676    35.6049   1  13   0.0039    0.0034   0.0091  -0.0013  -0.0013  -0.0023   0.00   19.0
2046 357684.000   34.220291312  117.143975662    35.6054   1  13   0.0039    0.0034   0.0091  -0.0013  -0.0013  -0.0023   0.00   31.4
2046 357685.000   34.220291302  117.143975673    35.6045   1  13   0.0039    0.0034   0.0091  -0.0013  -0.0013  -0.0023   0.00   29.6
2046 357686.000   34.220291296  117.143975682    35.6035   1  13   0.0039    0.0034   0.0091  -0.0013  -0.0013  -0.0023   0.00   34.5
2046 357687.000   34.220291290  117.143975698    35.6019   1  13   0.0039    0.0034   0.0091  -0.0013  -0.0013  -0.0023   0.00   46.2
2046 357688.000   34.220291291  117.143975692    35.6035   1  13   0.0039    0.0034   0.0091  -0.0013  -0.0012  -0.0023   0.00   55.0
2046 357689.000   34.220291296  117.143975678    35.6049   1  12   0.0039    0.0034   0.0092  -0.0013  -0.0012  -0.0023   0.00   43.1
2046 357690.000   34.220291296  117.143975674    35.6056   1  12   0.0040    0.0034   0.0092  -0.0013  -0.0012  -0.0023   0.00   39.6
2046 357691.000   34.220291301  117.143975677    35.6065   1  12   0.0040    0.0034   0.0092  -0.0013  -0.0012  -0.0023   0.00   47.0
2046 357692.000   34.220291293  117.143975680    35.6074   1  12   0.0040    0.0034   0.0092  -0.0013  -0.0012  -0.0023   0.00   42.3
2046 357693.000   34.220291295  117.143975682    35.6037   1  12   0.0040    0.0034   0.0092  -0.0013  -0.0012  -0.0023   0.00   41.3
2046 357694.000   34.220291292  117.143975679    35.6039   1  12   0.0040    0.0034   0.0092  -0.0013  -0.0012  -0.0023   0.00   38.1
2046 357695.000   34.220291298  117.143975683    35.6021   1  12   0.0040    0.0034   0.0092  -0.0013  -0.0012  -0.0023   0.00   46.5
2046 357696.000   34.220291294  117.143975686    35.6024   1  12   0.0040    0.0034   0.0092  -0.0013  -0.0012  -0.0023   0.00   43.3
2046 357697.000   34.220291293  117.143975697    35.6022   1  12   0.0040    0.0034   0.0092  -0.0013  -0.0012  -0.0023   0.00   42.5
2046 357698.000   34.220291292  117.143975680    35.6043   1  12   0.0039    0.0034   0.0092  -0.0013  -0.0012  -0.0023   0.00   25.9
2046 357699.000   34.220291288  117.143975700    35.6043   1  12   0.0040    0.0034   0.0092  -0.0013  -0.0012  -0.0023   0.00   57.8
2046 357700.000   34.220291293  117.143975694    35.6026   1  12   0.0040    0.0034   0.0092  -0.0013  -0.0012  -0.0023   0.00   49.8
2046 357701.000   34.220291307  117.143975696    35.6015   1  12   0.0040    0.0034   0.0092  -0.0013  -0.0012  -0.0023   0.00   35.5
2046 357702.000   34.220291312  117.143975684    35.6014   1  12   0.0040    0.0034   0.0092  -0.0013  -0.0012  -0.0023   0.00   35.6
2046 357703.000   34.220291304  117.143975692    35.5996   1  12   0.0040    0.0034   0.0092  -0.0013  -0.0012  -0.0023   0.00   32.3
2046 357704.000   34.220291309  117.143975688    35.6035   1  12   0.0040    0.0034   0.0092  -0.0013  -0.0012  -0.0023   0.00   30.3
2046 357705.000   34.220291304  117.143975705    35.5977   1  12   0.0040    0.0034   0.0092  -0.0013  -0.0012  -0.0023   0.00   29.8
2046 357706.000   34.220291305  117.143975693    35.6033   1  12   0.0040    0.0034   0.0092  -0.0013  -0.0012  -0.0023   0.00   24.7
2046 357707.000   34.220291293  117.143975695    35.6026   1  12   0.0040    0.0034   0.0092  -0.0013  -0.0012  -0.0023   0.00   38.3
2046 357708.000   34.220291290  117.143975681    35.6058   1  12   0.0040    0.0034   0.0092  -0.0013  -0.0012  -0.0023   0.00   25.2
2046 357709.000   34.220291309  117.143975684    35.6056   1  12   0.0040    0.0034   0.0092  -0.0013  -0.0012  -0.0023   0.00   35.9
2046 357710.000   34.220291312  117.143975680    35.6057   1  12   0.0040    0.0034   0.0092  -0.0013  -0.0012  -0.0023   0.00   29.2
2046 357711.000   34.220291305  117.143975658    35.6063   1  12   0.0040    0.0034   0.0092  -0.0013  -0.0012  -0.0023   0.00   29.8
2046 357712.000   34.220291304  117.143975665    35.6065   1  12   0.0040    0.0034   0.0092  -0.0013  -0.0012  -0.0023   0.00   25.3
2046 357713.000   34.220291308  117.143975657    35.6055   1  12   0.0040    0.0034   0.0092  -0.0013  -0.0012  -0.0023   0.00   28.4
2046 357714.000   34.220291308  117.143975659    35.6048   1  12   0.0040    0.0034   0.0092  -0.0013  -0.0012  -0.0023   0.00   32.1
2046 357715.000   34.220291315  117.143975685    35.6108   1  12   0.0040    0.0034   0.0092  -0.0013  -0.0012  -0.0023   0.00   61.3
2046 357716.000   34.220291275  117.143975690    35.6095   1  12   0.0040    0.0034   0.0092  -0.0013  -0.0012  -0.0023   0.00   32.4
2046 357717.000   34.220291292  117.143975696    35.6074   1  12   0.0040    0.0034   0.0092  -0.0013  -0.0012  -0.0023   0.00   27.7
2046 357718.000   34.220291294  117.143975697    35.6094   1  12   0.0040    0.0034   0.0092  -0.0013  -0.0012  -0.0023   0.00   25.5
2046 357719.000   34.220291303  117.143975693    35.6108   1  12   0.0040    0.0034   0.0092  -0.0013  -0.0012  -0.0023   0.00   35.4
2046 357720.000   34.220291311  117.143975683    35.6101   1  12   0.0040    0.0034   0.0092  -0.0013  -0.0012  -0.0023   0.00   46.9
2046 357721.000   34.220291307  117.143975687    35.6057   1  12   0.0040    0.0034   0.0092  -0.0013  -0.0012  -0.0023   0.00   33.1
2046 357722.000   34.220291312  117.143975682    35.6083   1  12   0.0040    0.0034   0.0092  -0.0013  -0.0012  -0.0023   0.00   42.9
2046 357723.000   34.220291318  117.143975681    35.6088   1  12   0.0040    0.0034   0.0092  -0.0013  -0.0012  -0.0023   0.00   50.9
2046 357724.000   34.220291302  117.143975689    35.6074   1  12   0.0040    0.0034   0.0092  -0.0013  -0.0012  -0.0023   0.00   24.8
2046 357725.000   34.220291310  117.143975677    35.6104   1  12   0.0040    0.0034   0.0092  -0.0013  -0.0012  -0.0023   0.00  102.6
2046 357726.000   34.220291303  117.143975678    35.6105   1  12   0.0040    0.0034   0.0092  -0.0013  -0.0012  -0.0023   0.00  106.3
2046 357727.000   34.220291315  117.143975676    35.6082   1  12   0.0040    0.0034   0.0092  -0.0013  -0.0012  -0.0023   0.00   78.2
2046 357728.000   34.220291316  117.143975669    35.6096   1  12   0.0040    0.0034   0.0092  -0.0013  -0.0012  -0.0023   0.00   38.2
2046 357729.000   34.220291311  117.143975663    35.6075   1  12   0.0040    0.0034   0.0092  -0.0013  -0.0012  -0.0023   0.00   52.5
2046 357730.000   34.220291315  117.143975672    35.6082   1  13   0.0039    0.0034   0.0091  -0.0013  -0.0012  -0.0023   0.00   44.9
2046 357731.000   34.220291324  117.143975663    35.6084   1  13   0.0039    0.0034   0.0091  -0.0013  -0.0012  -0.0023   0.00   53.0
2046 357732.000   34.220291332  117.143975658    35.6079   1  13   0.0039    0.0034   0.0091  -0.0013  -0.0012  -0.0023   0.00   59.4
2046 357733.000   34.220291326  117.143975669    35.6111   1  13   0.0039    0.0034   0.0091  -0.0013  -0.0012  -0.0023   0.00   54.7
2046 357734.000   34.220291330  117.143975667    35.6118   1  13   0.0039    0.0034   0.0091  -0.0013  -0.0012  -0.0023   0.00   34.8
2046 357735.000   34.220291316  117.143975671    35.6100   1  13   0.0039    0.0034   0.0091  -0.0013  -0.0012  -0.0023   0.00   35.9
2046 357736.000   34.220291314  117.143975657    35.6119   1  13   0.0039    0.0034   0.0091  -0.0013  -0.0012  -0.0023   0.00   34.5
2046 357737.000   34.220291315  117.143975661    35.6096   1  13   0.0039    0.0034   0.0091  -0.0013  -0.0012  -0.0023   0.00   50.9
2046 357738.000   34.220291316  117.143975649    35.6126   1  13   0.0039    0.0034   0.0091  -0.0013  -0.0012  -0.0023   0.00   39.1
2046 357739.000   34.220291314  117.143975662    35.6117   1  13   0.0039    0.0034   0.0091  -0.0013  -0.0012  -0.0023   0.00   54.3
2046 357740.000   34.220291317  117.143975661    35.6162   1  13   0.0039    0.0034   0.0091  -0.0013  -0.0012  -0.0023   0.00   32.8
2046 357741.000   34.220291314  117.143975659    35.6122   1  13   0.0039    0.0034   0.0091  -0.0013  -0.0012  -0.0023   0.00   26.6
2046 357742.000   34.220291313  117.143975658    35.6120   1  13   0.0039    0.0034   0.0091  -0.0013  -0.0012  -0.0023   0.00   49.2
2046 357743.000   34.220291312  117.143975663    35.6111   1  13   0.0039    0.0034   0.0091  -0.0013  -0.0012  -0.0023   0.00   37.1
2046 357744.000   34.220291304  117.143975666    35.6082   1  13   0.0039    0.0034   0.0091  -0.0013  -0.0012  -0.0023   0.00   33.8
2046 357745.000   34.220291324  117.143975664    35.6060   1  13   0.0039    0.0034   0.0091  -0.0013  -0.0012  -0.0023   0.00   32.2
2046 357746.000   34.220291300  117.143975662    35.6074   1  13   0.0039    0.0034   0.0091  -0.0013  -0.0012  -0.0023   0.00   29.4
2046 357747.000   34.220291293  117.143975682    35.6052   1  13   0.0039    0.0034   0.0091  -0.0013  -0.0012  -0.0023   0.00   19.9
2046 357748.000   34.220291287  117.143975681    35.6045   1  13   0.0039    0.0034   0.0091  -0.0013  -0.0012  -0.0023   0.00   19.2
2046 357749.000   34.220291290  117.143975680    35.6042   1  13   0.0039    0.0034   0.0091  -0.0013  -0.0012  -0.0023   0.00   26.6
2046 357750.000   34.220291283  117.143975689    35.6026   1  13   0.0039    0.0034   0.0091  -0.0013  -0.0012  -0.0023   0.00   23.1
2046 357751.000   34.220291280  117.143975679    35.6018   1  13   0.0039    0.0034   0.0091  -0.0013  -0.0012  -0.0023   0.00   24.6
2046 357752.000   34.220291289  117.143975673    35.6009   1  13   0.0039    0.0034   0.0091  -0.0013  -0.0012  -0.0023   0.00   17.8
2046 357753.000   34.220291288  117.143975682    35.6034   1  13   0.0039    0.0034   0.0091  -0.0013  -0.0012  -0.0023   0.00   22.9
2046 357754.000   34.220291294  117.143975674    35.6031   1  13   0.0039    0.0034   0.0091  -0.0013  -0.0012  -0.0023   0.00   24.2
2046 357755.000   34.220291282  117.143975665    35.6003   1  13   0.0039    0.0034   0.0091  -0.0013  -0.0012  -0.0023   0.00   18.9
2046 357756.000   34.220291287  117.143975660    35.6015   1  13   0.0039    0.0034   0.0091  -0.0013  -0.0012  -0.0023   0.00   25.1
2046 357757.000   34.220291285  117.143975678    35.5991   1  13   0.0039    0.0034   0.0091  -0.0013  -0.0012  -0.0023   0.00   16.6
2046 357758.000   34.220291263  117.143975702    35.6019   1  13   0.0039    0.0034   0.0091  -0.0013  -0.0012  -0.0023   0.00   26.9
2046 357759.000   34.220291272  117.143975693    35.6024   1  13   0.0039    0.0034   0.0091  -0.0013  -0.0012  -0.0023   0.00   35.2
2046 357760.000   34.220291282  117.143975683    35.6044   1  13   0.0039    0.0034   0.0091  -0.0013  -0.0012  -0.0023   0.00   43.3
2046 357761.000   34.220291281  117.143975672    35.6016   1  13   0.0039    0.0034   0.0091  -0.0013  -0.0012  -0.0023   0.00   38.1
2046 357762.000   34.220291279  117.143975671    35.6039   1  13   0.0039    0.0034   0.0092  -0.0013  -0.0011  -0.0023   0.00   38.2
2046 357763.000   34.220291284  117.143975654    35.6057   1  12   0.0040    0.0034   0.0092  -0.0013  -0.0011  -0.0023   0.00   48.3
2046 357764.000   34.220291302  117.143975643    35.6024   1  13   0.0039    0.0034   0.0092  -0.0013  -0.0011  -0.0023   0.00   54.7
2046 357765.000   34.220291307  117.143975645    35.6047   1  13   0.0039    0.0034   0.0091  -0.0013  -0.0012  -0.0023   0.00   79.7
2046 357766.000   34.220291310  117.143975654    35.6029   1  13   0.0039    0.0034   0.0092  -0.0013  -0.0011  -0.0023   0.00   52.9
2046 357767.000   34.220291333  117.143975651    35.6024   1  12   0.0040    0.0034   0.0092  -0.0014  -0.0011  -0.0023   0.00   79.2
2046 357768.000   34.220291329  117.143975664    35.6014   1  12   0.0040    0.0034   0.0092  -0.0013  -0.0011  -0.0023   0.00   69.4
2046 357769.000   34.220291335  117.143975649    35.6015   1  12   0.0040    0.0034   0.0092  -0.0014  -0.0011  -0.0023   0.00   71.4
2046 357770.000   34.220291347  117.143975662    35.6029   1  12   0.0040    0.0034   0.0092  -0.0014  -0.0011  -0.0023   0.00   68.6
2046 357771.000   34.220291350  117.143975674    35.6015   1  12   0.0040    0.0034   0.0092  -0.0014  -0.0011  -0.0023   0.00   53.7
2046 357772.000   34.220291358  117.143975649    35.6031   1  12   0.0040    0.0034   0.0092  -0.0013  -0.0011  -0.0023   0.00  102.4
2046 357773.000   34.220291349  117.143975648    35.6004   1  12   0.0040    0.0034   0.0092  -0.0013  -0.0011  -0.0023   0.00   67.5
2046 357774.000   34.220291364  117.143975662    35.5981   1  12   0.0040    0.0034   0.0092  -0.0014  -0.0011  -0.0023   0.00   70.7
2046 357775.000   34.220291353  117.143975664    35.6024   1  12   0.0040    0.0034   0.0092  -0.0014  -0.0011  -0.0024   0.00  101.9
2046 357776.000   34.220291364  117.143975661    35.6013   1  12   0.0040    0.0034   0.0092  -0.0014  -0.0011  -0.0024   0.00   79.3
2046 357777.000   34.220291355  117.143975670    35.6037   1  12   0.0040    0.0034   0.0092  -0.0013  -0.0011  -0.0024   0.00  105.4
2046 357778.000   34.220291355  117.143975666    35.6028   1  12   0.0040    0.0034   0.0092  -0.0014  -0.0011  -0.0024   0.00   82.1
2046 357779.000   34.220291346  117.143975661    35.6018   1  12   0.0040    0.0034   0.0092  -0.0014  -0.0011  -0.0024   0.00  133.3
2046 357780.000   34.220291355  117.143975670    35.6009   1  12   0.0040    0.0034   0.0092  -0.0014  -0.0011  -0.0024   0.00   81.8
2046 357781.000   34.220291341  117.143975665    35.6037   1  12   0.0040    0.0034   0.0092  -0.0014  -0.0011  -0.0024   0.00  143.1
2046 357782.000   34.220291343  117.143975665    35.5973   1  12   0.0040    0.0034   0.0092  -0.0014  -0.0011  -0.0024   0.00   72.4
2046 357783.000   34.220291354  117.143975659    35.6036   1  12   0.0040    0.0034   0.0092  -0.0014  -0.0011  -0.0024   0.00   55.1
2046 357784.000   34.220291345  117.143975650    35.6031   1  12   0.0040    0.0034   0.0092  -0.0014  -0.0011  -0.0024   0.00  117.9
2046 357785.000   34.220291342  117.143975652    35.6003   1  12   0.0040    0.0034   0.0092  -0.0014  -0.0011  -0.0024   0.00   68.4
2046 357786.000   34.220291348  117.143975656    35.6021   1  12   0.0040    0.0034   0.0092  -0.0014  -0.0011  -0.0024   0.00   81.7
2046 357787.000   34.220291347  117.143975662    35.6015   1  13   0.0039    0.0034   0.0092  -0.0013  -0.0011  -0.0023   0.00   79.2
2046 357788.000   34.220291340  117.143975663    35.6018   1  13   0.0039    0.0034   0.0091  -0.0013  -0.0011  -0.0023   0.00  117.8
2046 357789.000   34.220291339  117.143975675    35.5977   1  13   0.0039    0.0034   0.0092  -0.0014  -0.0011  -0.0023   0.00   99.1
2046 357790.000   34.220291317  117.143975648    35.6044   1  12   0.0040    0.0034   0.0092  -0.0014  -0.0011  -0.0024   0.00   98.1
2046 357791.000   34.220291328  117.143975644    35.6038   1  13   0.0040    0.0034   0.0092  -0.0014  -0.0011  -0.0024   0.00   51.5
2046 357792.000   34.220291327  117.143975672    35.5969   1  12   0.0040    0.0034   0.0092  -0.0014  -0.0011  -0.0024   0.00   53.7
2046 357793.000   34.220291330  117.143975663    35.6045   1  12   0.0040    0.0034   0.0092  -0.0014  -0.0011  -0.0024   0.00  127.7
2046 357794.000   34.220291330  117.143975676    35.6040   1  12   0.0040    0.0034   0.0092  -0.0014  -0.0011  -0.0024   0.00   67.7
2046 357795.000   34.220291329  117.143975669    35.6042   1  12   0.0040    0.0034   0.0092  -0.0014  -0.0011  -0.0024   0.00   95.4
2046 357796.000   34.220291336  117.143975674    35.6039   1  12   0.0040    0.0034   0.0092  -0.0014  -0.0011  -0.0024   0.00   83.0
2046 357797.000   34.220291322  117.143975675    35.6014   1  12   0.0040    0.0034   0.0092  -0.0014  -0.0011  -0.0024   0.00   81.9
2046 357798.000   34.220291330  117.143975673    35.6022   1  12   0.0040    0.0034   0.0092  -0.0014  -0.0011  -0.0024   0.00   56.9
2046 357799.000   34.220291328  117.143975672    35.6001   1  12   0.0040    0.0034   0.0092  -0.0014  -0.0011  -0.0024   0.00   66.8
2046 357800.000   34.220291330  117.143975682    35.6007   1  12   0.0040    0.0034   0.0092  -0.0014  -0.0011  -0.0024   0.00   51.1
2046 357801.000   34.220291318  117.143975669    35.6011   1  12   0.0040    0.0034   0.0092  -0.0014  -0.0011  -0.0024   0.00   48.9
2046 357802.000   34.220291324  117.143975666    35.6006   1  12   0.0040    0.0034   0.0092  -0.0014  -0.0011  -0.0024   0.00   42.2
2046 357803.000   34.220291317  117.143975681    35.5984   1  12   0.0040    0.0034   0.0092  -0.0014  -0.0011  -0.0024   0.00   44.4
2046 357804.000   34.220291315  117.143975675    35.6008   1  12   0.0040    0.0034   0.0092  -0.0014  -0.0011  -0.0024   0.00   69.7
2046 357805.000   34.220291316  117.143975671    35.6000   1  12   0.0040    0.0034   0.0092  -0.0014  -0.0011  -0.0024   0.00   55.4
2046 357806.000   34.220291327  117.143975675    35.6002   1  12   0.0040    0.0034   0.0092  -0.0014  -0.0011  -0.0024   0.00   86.5
2046 357807.000   34.220291319  117.143975671    35.6010   1  12   0.0040    0.0034   0.0092  -0.0014  -0.0011  -0.0024   0.00   68.2
2046 357808.000   34.220291321  117.143975685    35.5979   1  12   0.0040    0.0034   0.0092  -0.0014  -0.0011  -0.0024   0.00   56.1
2046 357809.000   34.220291311  117.143975679    35.6000   1  12   0.0040    0.0034   0.0092  -0.0014  -0.0010  -0.0024   0.00   95.3
2046 357810.000   34.220291325  117.143975687    35.5983   1  12   0.0040    0.0034   0.0092  -0.0014  -0.0011  -0.0024   0.00   73.0
2046 357811.000   34.220291314  117.143975682    35.6005   1  13   0.0039    0.0034   0.0092  -0.0014  -0.0011  -0.0024   0.00  109.0
2046 357812.000   34.220291308  117.143975680    35.5996   1  13   0.0039    0.0034   0.0091  -0.0014  -0.0011  -0.0023   0.00   88.5
2046 357813.000   34.220291326  117.143975675    35.6025   1  13   0.0039    0.0034   0.0091  -0.0014  -0.0011  -0.0023   0.00  105.3
2046 357814.000   34.220291312  117.143975679    35.6036   1  13   0.0039    0.0034   0.0091  -0.0014  -0.0011  -0.0023   0.00  196.6
2046 357815.000   34.220291318  117.143975665    35.6022   1  13   0.0039    0.0034   0.0091  -0.0014  -0.0011  -0.0023   0.00  120.1
2046 357816.000   34.220291321  117.143975673    35.6028   1  13   0.0039    0.0034   0.0091  -0.0014  -0.0011  -0.0023   0.00  102.4
2046 357817.000   34.220291329  117.143975666    35.6013   1  13   0.0039    0.0034   0.0091  -0.0014  -0.0011  -0.0023   0.00  102.9
2046 357818.000   34.220291323  117.143975665    35.6020   1  13   0.0039    0.0034   0.0091  -0.0014  -0.0011  -0.0023   0.00   86.2
2046 357819.000   34.220291322  117.143975669    35.6027   1  13   0.0039    0.0034   0.0091  -0.0014  -0.0011  -0.0023   0.00  131.9
2046 357820.000   34.220291312  117.143975674    35.6026   1  13   0.0039    0.0034   0.0091  -0.0014  -0.0011  -0.0023   0.00  109.1
2046 357821.000   34.220291318  117.143975660    35.6009   1  13   0.0039    0.0034   0.0091  -0.0014  -0.0011  -0.0023   0.00  123.5
2046 357822.000   34.220291317  117.143975668    35.6002   1  13   0.0039    0.0034   0.0091  -0.0014  -0.0011  -0.0023   0.00   88.9
2046 357823.000   34.220291309  117.143975666    35.5957   1  13   0.0039    0.0034   0.0091  -0.0014  -0.0011  -0.0023   0.00   92.6
2046 357824.000   34.220291291  117.143975672    35.6015   1  13   0.0039    0.0034   0.0091  -0.0014  -0.0011  -0.0023   0.00  102.6
2046 357825.000   34.220291297  117.143975665    35.6060   1  13   0.0039    0.0034   0.0091  -0.0014  -0.0011  -0.0023   0.00   59.7
2046 357826.000   34.220291305  117.143975668    35.6043   1  13   0.0039    0.0034   0.0091  -0.0014  -0.0011  -0.0023   0.00   70.8
2046 357827.000   34.220291304  117.143975656    35.6040   1  13   0.0039    0.0034   0.0091  -0.0014  -0.0011  -0.0023   0.00   69.9
2046 357828.000   34.220291284  117.143975674    35.6015   1  13   0.0039    0.0034   0.0091  -0.0014  -0.0010  -0.0023   0.00   94.0
2046 357829.000   34.220291286  117.143975678    35.6021   1  13   0.0039    0.0034   0.0091  -0.0014  -0.0010  -0.0023   0.00   84.6
2046 357830.000   34.220291299  117.143975659    35.6038   1  13   0.0039    0.0034   0.0091  -0.0014  -0.0010  -0.0023   0.00   88.8
2046 357831.000   34.220291301  117.143975665    35.6008   1  13   0.0039    0.0034   0.0091  -0.0014  -0.0010  -0.0023   0.00   87.1
2046 357832.000   34.220291312  117.143975663    35.6005   1  13   0.0039    0.0034   0.0091  -0.0014  -0.0010  -0.0023   0.00   99.0
2046 357833.000   34.220291299  117.143975669    35.6001   1  13   0.0039    0.0034   0.0091  -0.0014  -0.0010  -0.0023   0.00  101.8
2046 357834.000   34.220291309  117.143975646    35.6047   1  13   0.0039    0.0034   0.0091  -0.0014  -0.0010  -0.0023   0.00   79.0
2046 357835.000   34.220291319  117.143975654    35.6025   1  13   0.0039    0.0034   0.0091  -0.0014  -0.0010  -0.0024   0.00   40.5
2046 357836.000   34.220291299  117.143975667    35.6039   1  13   0.0039    0.0034   0.0091  -0.0014  -0.0010  -0.0024   0.00   53.2
2046 357837.000   34.220291304  117.143975653    35.6008   1  13   0.0039    0.0034   0.0091  -0.0014  -0.0010  -0.0024   0.00   69.9
2046 357838.000   34.220291280  117.143975669    35.6088   1  13   0.0039    0.0034   0.0091  -0.0014  -0.0010  -0.0024   0.00   88.1
2046 357839.000   34.220291305  117.143975647    35.6085   1  13   0.0039    0.0034   0.0091  -0.0014  -0.0010  -0.0024   0.00   40.0
2046 357840.000   34.220291311  117.143975628    35.6109   1  13   0.0039    0.0034   0.0091  -0.0014  -0.0010  -0.0024   0.00   62.4
2046 357841.000   34.220291323  117.143975654    35.6088   1  13   0.0039    0.0034   0.0091  -0.0014  -0.0010  -0.0024   0.00   91.0
2046 357842.000   34.220291297  117.143975647    35.6045   1  13   0.0039    0.0034   0.0091  -0.0014  -0.0010  -0.0024   0.00   52.8
2046 357843.000   34.220291296  117.143975648    35.6053   1  13   0.0039    0.0034   0.0091  -0.0014  -0.0010  -0.0024   0.00   62.6
2046 357844.000   34.220291299  117.143975653    35.6096   1  13   0.0039    0.0034   0.0091  -0.0014  -0.0010  -0.0024   0.00   29.2
2046 357845.000   34.220291308  117.143975658    35.6110   1  13   0.0039    0.0034   0.0091  -0.0014  -0.0010  -0.0024   0.00   55.9
2046 357846.000   34.220291314  117.143975666    35.6073   1  13   0.0039    0.0034   0.0091  -0.0014  -0.0010  -0.0024   0.00   61.7
2046 357847.000   34.220291308  117.143975660    35.6091   1  13   0.0039    0.0034   0.0091  -0.0014  -0.0010  -0.0024   0.00   55.3
2046 357848.000   34.220291303  117.143975656    35.6098   1  13   0.0039    0.0034   0.0091  -0.0014  -0.0010  -0.0024   0.00   68.2
2046 357849.000   34.220291290  117.143975666    35.6087   1  13   0.0039    0.0034   0.0091  -0.0014  -0.0010  -0.0024   0.00   31.1
2046 357850.000   34.220291307  117.143975657    35.6125   1  13   0.0039    0.0034   0.0091  -0.0014  -0.0010  -0.0024   0.00   98.3
2046 357851.000   34.220291294  117.143975667    35.6079   1  13   0.0039    0.0034   0.0091  -0.0014  -0.0010  -0.0024   0.00   64.9
2046 357852.000   34.220291312  117.143975671    35.6053   1  13   0.0039    0.0034   0.0091  -0.0014  -0.0010  -0.0024   0.00  120.6
2046 357853.000   34.220291308  117.143975675    35.6048   1  13   0.0039    0.0034   0.0091  -0.0014  -0.0010  -0.0024   0.00  156.3
2046 357854.000   34.220291294  117.143975669    35.6065   1  13   0.0039    0.0034   0.0091  -0.0014  -0.0010  -0.0024   0.00  109.1
2046 357855.000   34.220291285  117.143975674    35.6079   1  13   0.0039    0.0034   0.0091  -0.0014  -0.0010  -0.0024   0.00   63.2
2046 357856.000   34.220291329  117.143975654    35.6100   1  13   0.0039    0.0034   0.0091  -0.0014  -0.0010  -0.0024   0.00   87.4
2046 357857.000   34.220291324  117.143975645    35.6150   1  13   0.0039    0.0034   0.0091  -0.0014  -0.0010  -0.0024   0.00  104.0
2046 357858.000   34.220291319  117.143975662    35.6145   1  13   0.0039    0.0034   0.0091  -0.0014  -0.0010  -0.0024   0.00   51.1
2046 357859.000   34.220291319  117.143975644    35.6163   1  13   0.0039    0.0034   0.0091  -0.0014  -0.0010  -0.0024   0.00   45.6
2046 357860.000   34.220291315  117.143975648    35.6171   1  13   0.0039    0.0034   0.0091  -0.0014  -0.0010  -0.0024   0.00   37.0
2046 357861.000   34.220291318  117.143975644    35.6156   1  13   0.0039    0.0034   0.0091  -0.0014  -0.0010  -0.0024   0.00   48.8
2046 357862.000   34.220291326  117.143975643    35.6165   1  13   0.0039    0.0034   0.0091  -0.0014  -0.0010  -0.0024   0.00   43.2
2046 357863.000   34.220291326  117.143975651    35.6164   1  13   0.0039    0.0034   0.0091  -0.0014  -0.0010  -0.0024   0.00   54.5
2046 357864.000   34.220291325  117.143975652    35.6148   1  13   0.0039    0.0034   0.0091  -0.0014  -0.0010  -0.0024   0.00   30.8
2046 357865.000   34.220291319  117.143975676    35.6070   1  13   0.0039    0.0034   0.0091  -0.0014  -0.0010  -0.0024   0.00   50.6
2046 357866.000   34.220291315  117.143975669    35.6105   1  13   0.0039    0.0034   0.0091  -0.0014  -0.0010  -0.0024   0.00   43.4
2046 357867.000   34.220291331  117.143975665    35.6076   1  13   0.0039    0.0034   0.0091  -0.0014  -0.0010  -0.0024   0.00   40.1
2046 357868.000   34.220291329  117.143975648    35.6080   1  13   0.0039    0.0034   0.0091  -0.0014  -0.0010  -0.0024   0.00   41.7
2046 357869.000   34.220291330  117.143975649    35.6112   1  13   0.0039    0.0034   0.0091  -0.0014  -0.0010  -0.0024   0.00   33.4
2046 357870.000   34.220291321  117.143975658    35.6115   1  13   0.0039    0.0034   0.0091  -0.0014  -0.0010  -0.0024   0.00   30.5
2046 357871.000   34.220291344  117.143975650    35.6083   1  13   0.0039    0.0034   0.0091  -0.0014  -0.0010  -0.0024   0.00   23.8
2046 357872.000   34.220291346  117.143975638    35.6064   1  13   0.0039    0.0034   0.0091  -0.0014  -0.0010  -0.0024   0.00   20.5
2046 357873.000   34.220291349  117.143975663    35.6112   1  13   0.0039    0.0034   0.0091  -0.0014  -0.0010  -0.0024   0.00   39.2
2046 357874.000   34.220291334  117.143975665    35.6086   1  13   0.0039    0.0034   0.0091  -0.0014  -0.0010  -0.0024   0.00   37.1
2046 357875.000   34.220291340  117.143975665    35.6091   1  13   0.0039    0.0034   0.0091  -0.0014  -0.0010  -0.0024   0.00   42.0
2046 357876.000   34.220291346  117.143975652    35.6087   1  13   0.0039    0.0034   0.0091  -0.0014  -0.0010  -0.0024   0.00   41.2
2046 357877.000   34.220291333  117.143975666    35.6107   1  13   0.0039    0.0034   0.0091  -0.0014  -0.0010  -0.0024   0.00   34.5
2046 357878.000   34.220291354  117.143975659    35.6104   1  13   0.0039    0.0034   0.0091  -0.0014  -0.0010  -0.0024   0.00   39.5
2046 357879.000   34.220291329  117.143975668    35.6105   1  13   0.0039    0.0034   0.0091  -0.0014  -0.0010  -0.0024   0.00   32.7
2046 357880.000   34.220291326  117.143975658    35.6103   1  13   0.0039    0.0034   0.0091  -0.0014  -0.0010  -0.0024   0.00   30.2
2046 357881.000   34.220291326  117.143975662    35.6123   1  13   0.0039    0.0034   0.0091  -0.0014  -0.0010  -0.0024   0.00   41.5
2046 357882.000   34.220291334  117.143975657    35.6114   1  13   0.0039    0.0034   0.0091  -0.0014  -0.0010  -0.0024   0.00   51.3
2046 357883.000   34.220291320  117.143975670    35.6096   1  13   0.0039    0.0034   0.0091  -0.0014  -0.0010  -0.0024   0.00   37.2
2046 357884.000   34.220291325  117.143975673    35.6110   1  13   0.0039    0.0034   0.0091  -0.0014  -0.0009  -0.0024   0.00   27.1
2046 357885.000   34.220291319  117.143975654    35.6103   1  13   0.0039    0.0034   0.0091  -0.0014  -0.0009  -0.0024   0.00   51.6
2046 357886.000   34.220291318  117.143975652    35.6117   1  13   0.0039    0.0034   0.0091  -0.0014  -0.0010  -0.0024   0.00   47.0
2046 357887.000   34.220291303  117.143975662    35.6098   1  13   0.0039    0.0035   0.0091  -0.0014  -0.0009  -0.0024   0.00   44.7
2046 357888.000   34.220291322  117.143975674    35.6103   1  13   0.0039    0.0034   0.0091  -0.0014  -0.0009  -0.0024   0.00   53.3
2046 357889.000   34.220291318  117.143975660    35.6122   1  13   0.0039    0.0034   0.0091  -0.0014  -0.0009  -0.0024   0.00   63.1
2046 357890.000   34.220291325  117.143975662    35.6123   1  13   0.0039    0.0035   0.0091  -0.0014  -0.0009  -0.0024   0.00   47.8
2046 357891.000   34.220291310  117.143975656    35.6109   1  13   0.0039    0.0035   0.0091  -0.0014  -0.0009  -0.0024   0.00   39.2
2046 357892.000   34.220291316  117.143975653    35.6097   1  13   0.0039    0.0034   0.0091  -0.0014  -0.0009  -0.0024   0.00   29.1
2046 357893.000   34.220291305  117.143975665    35.6084   1  13   0.0039    0.0034   0.0091  -0.0014  -0.0009  -0.0024   0.00   29.9
2046 357894.000   34.220291319  117.143975666    35.6109   1  13   0.0039    0.0035   0.0091  -0.0014  -0.0009  -0.0024   0.00   46.0
2046 357895.000   34.220291323  117.143975658    35.6126   1  13   0.0039    0.0035   0.0091  -0.0014  -0.0009  -0.0024   0.00   65.8
2046 357896.000   34.220291317  117.143975659    35.6118   1  13   0.0039    0.0035   0.0091  -0.0014  -0.0009  -0.0024   0.00   37.1
2046 357897.000   34.220291320  117.143975657    35.6093   1  13   0.0039    0.0035   0.0091  -0.0014  -0.0009  -0.0024   0.00   49.8
2046 357898.000   34.220291307  117.143975666    35.6053   1  13   0.0039    0.0034   0.0091  -0.0014  -0.0009  -0.0024   0.00   35.8
2046 357899.000   34.220291313  117.143975668    35.6101   1  13   0.0039    0.0035   0.0091  -0.0014  -0.0009  -0.0024   0.00   44.7
2046 357900.000   34.220291319  117.143975662    35.6092   1  13   0.0039    0.0035   0.0091  -0.0014  -0.0009  -0.0024   0.00   44.2
2046 357901.000   34.220291311  117.143975660    35.6111   1  13   0.0039    0.0035   0.0091  -0.0014  -0.0009  -0.0024   0.00   39.5
2046 357902.000   34.220291332  117.143975642    35.6117   1  13   0.0039    0.0035   0.0091  -0.0014  -0.0009  -0.0024   0.00   28.4
2046 357903.000   34.220291319  117.143975651    35.6118   1  13   0.0039    0.0035   0.0091  -0.0014  -0.0009  -0.0024   0.00   44.2
2046 357904.000   34.220291312  117.143975668    35.6118   1  13   0.0039    0.0035   0.0091  -0.0014  -0.0009  -0.0024   0.00   25.4
2046 357905.000   34.220291313  117.143975662    35.6096   1  13   0.0039    0.0035   0.0091  -0.0014  -0.0009  -0.0024   0.00   28.2
2046 357906.000   34.220291303  117.143975664    35.6087   1  13   0.0039    0.0035   0.0091  -0.0014  -0.0009  -0.0024   0.00   27.4
2046 357907.000   34.220291299  117.143975664    35.6091   1  13   0.0039    0.0035   0.0091  -0.0014  -0.0009  -0.0024   0.00   49.7
2046 357908.000   34.220291319  117.143975672    35.6089   1  13   0.0039    0.0035   0.0091  -0.0014  -0.0009  -0.0024   0.00   38.5
2046 357909.000   34.220291305  117.143975672    35.6147   1  13   0.0039    0.0035   0.0091  -0.0014  -0.0009  -0.0024   0.00   32.1
2046 357910.000   34.220291302  117.143975671    35.6102   1  13   0.0039    0.0035   0.0091  -0.0014  -0.0009  -0.0024   0.00   34.4
2046 357911.000   34.220291304  117.143975670    35.6116   1  13   0.0039    0.0035   0.0091  -0.0014  -0.0009  -0.0024   0.00   73.3
2046 357912.000   34.220291290  117.143975680    35.6107   1  13   0.0039    0.0035   0.0091  -0.0014  -0.0009  -0.0024   0.00   34.7
2046 357913.000   34.220291313  117.143975662    35.6078   1  13   0.0039    0.0035   0.0091  -0.0014  -0.0009  -0.0024   0.00   36.0
2046 357914.000   34.220291324  117.143975648    35.6093   1  13   0.0039    0.0035   0.0091  -0.0014  -0.0009  -0.0024   0.00   73.7
2046 357915.000   34.220291330  117.143975649    35.6103   1  13   0.0039    0.0035   0.0091  -0.0014  -0.0009  -0.0024   0.00   97.8
2046 357916.000   34.220291324  117.143975635    35.6110   1  13   0.0039    0.0035   0.0091  -0.0014  -0.0009  -0.0024   0.00   79.8
2046 357917.000   34.220291322  117.143975641    35.6118   1  13   0.0039    0.0035   0.0091  -0.0014  -0.0009  -0.0024   0.00   59.5
2046 357918.000   34.220291314  117.143975641    35.6090   1  13   0.0039    0.0035   0.0091  -0.0014  -0.0009  -0.0024   0.00   69.1
2046 357919.000   34.220291320  117.143975644    35.6070   1  13   0.0039    0.0035   0.0091  -0.0014  -0.0009  -0.0024   0.00  170.1
2046 357920.000   34.220291333  117.143975626    35.6105   1  13   0.0039    0.0035   0.0091  -0.0014  -0.0009  -0.0024   0.00   96.3
2046 357921.000   34.220291331  117.143975620    35.6097   1  13   0.0039    0.0035   0.0091  -0.0014  -0.0009  -0.0024   0.00   84.2
2046 357922.000   34.220291306  117.143975644    35.6030   1  13   0.0039    0.0035   0.0091  -0.0014  -0.0009  -0.0024   0.00   54.7
2046 357923.000   34.220291314  117.143975642    35.6053   1  13   0.0039    0.0035   0.0091  -0.0014  -0.0009  -0.0024   0.00   59.0
2046 357924.000   34.220291310  117.143975656    35.6054   1  13   0.0039    0.0035   0.0091  -0.0014  -0.0009  -0.0024   0.00   74.1
2046 357925.000   34.220291318  117.143975639    35.6046   1  13   0.0039    0.0035   0.0091  -0.0014  -0.0009  -0.0024   0.00   67.6
2046 357926.000   34.220291311  117.143975647    35.6072   1  13   0.0039    0.0035   0.0091  -0.0014  -0.0009  -0.0024   0.00   65.2
2046 357927.000   34.220291321  117.143975647    35.6044   1  13   0.0039    0.0035   0.0091  -0.0014  -0.0009  -0.0024   0.00   54.5
2046 357928.000   34.220291328  117.143975641    35.6074   1  13   0.0039    0.0035   0.0091  -0.0014  -0.0009  -0.0024   0.00   59.1
2046 357929.000   34.220291337  117.143975635    35.6084   1  13   0.0039    0.0035   0.0091  -0.0014  -0.0009  -0.0024   0.00   68.1
2046 357930.000   34.220291337  117.143975644    35.6063   1  13   0.0039    0.0035   0.0091  -0.0014  -0.0009  -0.0024   0.00   53.3
2046 357931.000   34.220291342  117.143975640    35.6077   1  13   0.0039    0.0035   0.0091  -0.0014  -0.0009  -0.0024   0.00   55.3
2046 357932.000   34.220291336  117.143975654    35.6048   1  13   0.0039    0.0035   0.0091  -0.0014  -0.0009  -0.0024   0.00   46.6
2046 357933.000   34.220291359  117.143975652    35.6070   1  13   0.0039    0.0035   0.0091  -0.0014  -0.0009  -0.0024   0.00   89.1
2046 357934.000   34.220291340  117.143975659    35.6077   1  13   0.0039    0.0035   0.0091  -0.0014  -0.0008  -0.0024   0.00   47.6
2046 357935.000   34.220291350  117.143975664    35.6037   1  13   0.0040    0.0035   0.0092  -0.0014  -0.0008  -0.0024   0.00   36.0
2046 357936.000   34.220291341  117.143975655    35.6058   1  12   0.0040    0.0035   0.0092  -0.0014  -0.0008  -0.0024   0.00   25.2
2046 357937.000   34.220291331  117.143975669    35.6056   1  13   0.0039    0.0035   0.0092  -0.0014  -0.0008  -0.0024   0.00   29.0
2046 357938.000   34.220291338  117.143975660    35.6076   1  13   0.0039    0.0035   0.0091  -0.0014  -0.0008  -0.0024   0.00   30.9
2046 357939.000   34.220291336  117.143975662    35.6056   1  13   0.0039    0.0035   0.0091  -0.0014  -0.0008  -0.0024   0.00   44.9
2046 357940.000   34.220291342  117.143975642    35.6093   1  13   0.0039    0.0035   0.0091  -0.0014  -0.0008  -0.0024   0.00   51.3
2046 357941.000   34.220291335  117.143975669    35.6069   1  13   0.0039    0.0035   0.0091  -0.0014  -0.0008  -0.0024   0.00   41.8
2046 357942.000   34.220291324  117.143975663    35.6075   1  13   0.0039    0.0035   0.0091  -0.0014  -0.0008  -0.0024   0.00   44.2
2046 357943.000   34.220291328  117.143975666    35.6063   1  13   0.0039    0.0035   0.0091  -0.0014  -0.0008  -0.0024   0.00   33.1
2046 357944.000   34.220291343  117.143975666    35.6049   1  13   0.0039    0.0035   0.0091  -0.0014  -0.0008  -0.0024   0.00   25.5
2046 357945.000   34.220291342  117.143975665    35.6050   1  13   0.0039    0.0035   0.0091  -0.0014  -0.0008  -0.0024   0.00   44.2
2046 357946.000   34.220291327  117.143975649    35.6063   1  13   0.0039    0.0035   0.0091  -0.0014  -0.0008  -0.0024   0.00   39.3
2046 357947.000   34.220291331  117.143975651    35.6019   1  13   0.0039    0.0035   0.0091  -0.0014  -0.0008  -0.0024   0.00   42.9
2046 357948.000   34.220291332  117.143975658    35.6047   1  13   0.0039    0.0035   0.0091  -0.0014  -0.0008  -0.0024   0.00   42.6
2046 357949.000   34.220291328  117.143975651    35.6030   1  13   0.0039    0.0035   0.0091  -0.0014  -0.0008  -0.0024   0.00   51.8
2046 357950.000   34.220291341  117.143975647    35.6024   1  13   0.0039    0.0035   0.0091  -0.0014  -0.0008  -0.0024   0.00   24.2
2046 357951.000   34.220291341  117.143975648    35.6064   1  13   0.0039    0.0035   0.0091  -0.0014  -0.0008  -0.0024   0.00   44.6
2046 357952.000   34.220291332  117.143975648    35.6045   1  13   0.0039    0.0035   0.0091  -0.0014  -0.0008  -0.0024   0.00   37.3
2046 357953.000   34.220291341  117.143975649    35.6036   1  13   0.0039    0.0035   0.0091  -0.0014  -0.0008  -0.0024   0.00   22.9
2046 357954.000   34.220291347  117.143975648    35.6052   1  13   0.0039    0.0035   0.0091  -0.0014  -0.0008  -0.0024   0.00   34.3
2046 357955.000   34.220291337  117.143975663    35.6035   1  13   0.0039    0.0035   0.0091  -0.0014  -0.0008  -0.0024   0.00   29.6
2046 357956.000   34.220291326  117.143975659    35.6016   1  13   0.0039    0.0035   0.0092  -0.0014  -0.0008  -0.0024   0.00   30.6
2046 357957.000   34.220291336  117.143975657    35.6070   1  13   0.0039    0.0035   0.0092  -0.0014  -0.0008  -0.0024   0.00   30.3
2046 357958.000   34.220291330  117.143975667    35.6009   1  13   0.0039    0.0035   0.0092  -0.0014  -0.0008  -0.0024   0.00   36.5
2046 357959.000   34.220291322  117.143975657    35.6082   1  13   0.0039    0.0035   0.0092  -0.0014  -0.0008  -0.0024   0.00   24.0
2046 357960.000   34.220291320  117.143975652    35.6090   1  13   0.0039    0.0035   0.0092  -0.0014  -0.0008  -0.0024   0.00   26.8
2046 357961.000   34.220291316  117.143975660    35.6074   1  13   0.0039    0.0035   0.0092  -0.0014  -0.0008  -0.0024   0.00   26.1
2046 357962.000   34.220291307  117.143975659    35.6100   1  13   0.0039    0.0035   0.0092  -0.0014  -0.0008  -0.0024   0.00   27.8
2046 357963.000   34.220291315  117.143975653    35.6097   1  13   0.0039    0.0035   0.0092  -0.0014  -0.0008  -0.0024   0.00   29.5
2046 357964.000   34.220291302  117.143975665    35.6097   1  13   0.0039    0.0035   0.0092  -0.0014  -0.0008  -0.0024   0.00   25.0
2046 357965.000   34.220291306  117.143975661    35.6088   1  13   0.0039    0.0035   0.0092  -0.0014  -0.0008  -0.0024   0.00   25.0
2046 357966.000   34.220291314  117.143975674    35.6069   1  13   0.0039    0.0035   0.0092  -0.0014  -0.0008  -0.0024   0.00   26.1
2046 357967.000   34.220291321  117.143975661    35.6099   1  13   0.0039    0.0035   0.0092  -0.0014  -0.0008  -0.0024   0.00   27.6
2046 357968.000   34.220291325  117.143975667    35.6095   1  13   0.0039    0.0035   0.0092  -0.0014  -0.0008  -0.0024   0.00   29.1
2046 357969.000   34.220291328  117.143975675    35.6093   1  13   0.0039    0.0035   0.0092  -0.0014  -0.0008  -0.0024   0.00   60.7
2046 357970.000   34.220291317  117.143975664    35.6082   1  13   0.0039    0.0035   0.0092  -0.0014  -0.0008  -0.0024   0.00   41.2
2046 357971.000   34.220291329  117.143975668    35.6109   1  13   0.0039    0.0035   0.0092  -0.0014  -0.0008  -0.0024   0.00   47.0
2046 357972.000   34.220291318  117.143975665    35.6091   1  13   0.0039    0.0035   0.0092  -0.0014  -0.0008  -0.0024   0.00   51.5
2046 357973.000   34.220291315  117.143975651    35.6067   1  13   0.0039    0.0035   0.0092  -0.0014  -0.0008  -0.0024   0.00   33.5
2046 357974.000   34.220291330  117.143975653    35.6045   1  13   0.0039    0.0035   0.0092  -0.0014  -0.0008  -0.0024   0.00   43.9
2046 357975.000   34.220291320  117.143975654    35.6057   1  13   0.0039    0.0035   0.0092  -0.0014  -0.0008  -0.0024   0.00   32.2
2046 357976.000   34.220291326  117.143975659    35.6060   1  13   0.0039    0.0035   0.0092  -0.0014  -0.0008  -0.0024   0.00   39.7
2046 357977.000   34.220291324  117.143975673    35.6076   1  13   0.0039    0.0035   0.0092  -0.0014  -0.0008  -0.0024   0.00   36.6
2046 357978.000   34.220291329  117.143975672    35.6049   1  13   0.0039    0.0035   0.0092  -0.0014  -0.0008  -0.0024   0.00   28.6
2046 357979.000   34.220291312  117.143975670    35.6060   1  13   0.0039    0.0035   0.0092  -0.0014  -0.0007  -0.0024   0.00   25.8
2046 357980.000   34.220291321  117.143975658    35.6055   1  13   0.0039    0.0035   0.0092  -0.0014  -0.0008  -0.0024   0.00   30.9
2046 357981.000   34.220291291  117.143975690    35.6112   1  13   0.0038    0.0034   0.0086  -0.0011  -0.0016  -0.0014   0.00   28.1
2046 357982.000   34.220291309  117.143975679    35.6116   1  13   0.0038    0.0034   0.0086  -0.0011  -0.0016  -0.0014   0.00   22.4
2046 357983.000   34.220291312  117.143975662    35.6107   1  13   0.0038    0.0034   0.0086  -0.0011  -0.0016  -0.0014   0.00   22.7
2046 357984.000   34.220291312  117.143975661    35.6089   1  13   0.0038    0.0034   0.0086  -0.0011  -0.0016  -0.0014   0.00   18.5
2046 357985.000   34.220291317  117.143975655    35.6085   1  13   0.0038    0.0034   0.0086  -0.0011  -0.0016  -0.0014   0.00   28.7
2046 357986.000   34.220291305  117.143975668    35.6093   1  13   0.0038    0.0034   0.0086  -0.0011  -0.0016  -0.0014   0.00   20.4
2046 357987.000   34.220291298  117.143975662    35.6111   1  13   0.0038    0.0034   0.0086  -0.0011  -0.0016  -0.0014   0.00   21.0
2046 357988.000   34.220291316  117.143975660    35.6133   1  13   0.0038    0.0034   0.0086  -0.0011  -0.0016  -0.0014   0.00   36.4
2046 357989.000   34.220291319  117.143975663    35.6046   1  12   0.0040    0.0035   0.0092  -0.0014  -0.0007  -0.0025   0.00   56.2
2046 357990.000   34.220291309  117.143975670    35.6067   1  12   0.0040    0.0035   0.0092  -0.0014  -0.0007  -0.0025   0.00   45.5
2046 357991.000   34.220291295  117.143975686    35.6136   1  13   0.0038    0.0034   0.0086  -0.0011  -0.0016  -0.0014   0.00   29.4
2046 357992.000   34.220291308  117.143975665    35.6135   1  13   0.0038    0.0034   0.0086  -0.0011  -0.0016  -0.0014   0.00   22.9
2046 357993.000   34.220291284  117.143975662    35.6161   1  13   0.0038    0.0034   0.0086  -0.0011  -0.0016  -0.0014   0.00   14.7
2046 357994.000   34.220291295  117.143975658    35.6097   1  13   0.0038    0.0034   0.0086  -0.0011  -0.0016  -0.0014   0.00   16.7
2046 357995.000   34.220291285  117.143975665    35.6094   1  13   0.0038    0.0034   0.0086  -0.0011  -0.0016  -0.0014   0.00   18.8
2046 357996.000   34.220291289  117.143975659    35.6097   1  13   0.0038    0.0034   0.0086  -0.0011  -0.0016  -0.0014   0.00   17.2
2046 357997.000   34.220291297  117.143975650    35.6042   1  13   0.0038    0.0034   0.0086  -0.0011  -0.0016  -0.0014   0.00   21.6
2046 357998.000   34.220291304  117.143975672    35.6055   1  13   0.0038    0.0034   0.0086  -0.0011  -0.0016  -0.0014   0.00   16.1
2046 357999.000   34.220291282  117.143975663    35.6075   1  13   0.0038    0.0034   0.0086  -0.0011  -0.0016  -0.0014   0.00   13.6
2046 358000.000   34.220291300  117.143975673    35.6084   1  13   0.0038    0.0034   0.0086  -0.0011  -0.0016  -0.0014   0.00   19.6
2046 358001.000   34.220291283  117.143975667    35.6093   1  13   0.0038    0.0034   0.0086  -0.0011  -0.0016  -0.0014   0.00   20.4
2046 358002.000   34.220291287  117.143975684    35.6097   1  13   0.0038    0.0034   0.0086  -0.0011  -0.0016  -0.0014   0.00   25.0
2046 358003.000   34.220291278  117.143975678    35.6108   1  13   0.0038    0.0034   0.0086  -0.0011  -0.0016  -0.0014   0.00   19.2
2046 358004.000   34.220291298  117.143975672    35.6117   1  13   0.0038    0.0034   0.0086  -0.0011  -0.0016  -0.0014   0.00   18.5
2046 358005.000   34.220291306  117.143975661    35.6120   1  13   0.0038    0.0034   0.0086  -0.0011  -0.0016  -0.0014   0.00   24.2
2046 358006.000   34.220291310  117.143975673    35.6077   1  13   0.0038    0.0034   0.0086  -0.0011  -0.0016  -0.0014   0.00   14.4
2046 358007.000   34.220291311  117.143975665    35.6126   1  13   0.0038    0.0034   0.0086  -0.0011  -0.0016  -0.0014   0.00   13.0
2046 358008.000   34.220291314  117.143975683    35.6102   1  13   0.0038    0.0034   0.0086  -0.0011  -0.0016  -0.0014   0.00   13.9
2046 358009.000   34.220291319  117.143975673    35.6111   1  13   0.0038    0.0034   0.0086  -0.0011  -0.0016  -0.0014   0.00   12.9
2046 358010.000   34.220291311  117.143975673    35.6105   1  13   0.0038    0.0034   0.0086  -0.0011  -0.0016  -0.0014   0.00   14.4
2046 358011.000   34.220291317  117.143975672    35.6121   1  13   0.0038    0.0034   0.0086  -0.0011  -0.0016  -0.0014   0.00   13.9
2046 358012.000   34.220291313  117.143975681    35.6131   1  13   0.0038    0.0034   0.0086  -0.0011  -0.0016  -0.0014   0.00   16.1
2046 358013.000   34.220291314  117.143975668    35.6128   1  13   0.0038    0.0034   0.0086  -0.0011  -0.0016  -0.0014   0.00   14.8
2046 358014.000   34.220291307  117.143975673    35.6144   1  13   0.0038    0.0034   0.0086  -0.0011  -0.0016  -0.0014   0.00   17.4
2046 358015.000   34.220291301  117.143975674    35.6137   1  13   0.0038    0.0034   0.0086  -0.0011  -0.0016  -0.0014   0.00   22.1
2046 358016.000   34.220291288  117.143975672    35.6143   1  13   0.0038    0.0034   0.0086  -0.0011  -0.0016  -0.0014   0.00   20.6
2046 358017.000   34.220291303  117.143975678    35.6082   1  13   0.0038    0.0034   0.0086  -0.0011  -0.0016  -0.0014   0.00   19.1
2046 358018.000   34.220291290  117.143975679    35.6100   1  13   0.0037    0.0034   0.0086  -0.0011  -0.0016  -0.0014   0.00   14.0
2046 358019.000   34.220291289  117.143975677    35.6086   1  13   0.0038    0.0034   0.0086  -0.0011  -0.0016  -0.0014   0.00   20.3
2046 358020.000   34.220291301  117.143975685    35.6105   1  13   0.0038    0.0034   0.0086  -0.0011  -0.0016  -0.0014   0.00   19.5
2046 358021.000   34.220291293  117.143975662    35.6126   1  13   0.0038    0.0034   0.0086  -0.0011  -0.0016  -0.0014   0.00   20.6
2046 358022.000   34.220291304  117.143975667    35.6120   1  13   0.0038    0.0034   0.0086  -0.0011  -0.0016  -0.0014   0.00   20.9
2046 358023.000   34.220291303  117.143975667    35.6108   1  13   0.0037    0.0034   0.0086  -0.0011  -0.0016  -0.0014   0.00   17.2
2046 358024.000   34.220291297  117.143975679    35.6096   1  13   0.0037    0.0034   0.0086  -0.0011  -0.0016  -0.0014   0.00   16.6
2046 358025.000   34.220291317  117.143975672    35.6135   1  13   0.0037    0.0034   0.0086  -0.0011  -0.0016  -0.0014   0.00   22.8
2046 358026.000   34.220291298  117.143975673    35.6104   1  13   0.0038    0.0034   0.0086  -0.0011  -0.0016  -0.0014   0.00   19.5
2046 358027.000   34.220291294  117.143975677    35.6103   1  13   0.0037    0.0034   0.0086  -0.0011  -0.0016  -0.0014   0.00   22.0
2046 358028.000   34.220291285  117.143975692    35.6088   1  13   0.0037    0.0034   0.0086  -0.0011  -0.0016  -0.0014   0.00   27.7
2046 358029.000   34.220291287  117.143975674    35.6087   1  13   0.0037    0.0034   0.0086  -0.0011  -0.0016  -0.0014   0.00   17.5
2046 358030.000   34.220291291  117.143975680    35.6078   1  13   0.0037    0.0034   0.0086  -0.0011  -0.0016  -0.0014   0.00   20.2
2046 358031.000   34.220291283  117.143975665    35.6080   1  13   0.0037    0.0034   0.0086  -0.0011  -0.0016  -0.0014   0.00   14.2
2046 358032.000   34.220291291  117.143975660    35.6083   1  13   0.0037    0.0034   0.0086  -0.0011  -0.0016  -0.0014   0.00   19.0
2046 358033.000   34.220291267  117.143975671    35.6099   1  13   0.0037    0.0034   0.0086  -0.0011  -0.0016  -0.0014   0.00   20.0
2046 358034.000   34.220291274  117.143975672    35.6079   1  13   0.0037    0.0034   0.0086  -0.0011  -0.0016  -0.0014   0.00   20.7
2046 358035.000   34.220291269  117.143975656    35.6109   1  13   0.0037    0.0034   0.0086  -0.0011  -0.0016  -0.0014   0.00   17.2
2046 358036.000   34.220291278  117.143975669    35.6098   1  13   0.0037    0.0034   0.0086  -0.0011  -0.0016  -0.0014   0.00   22.5
2046 358037.000   34.220291281  117.143975669    35.6093   1  13   0.0037    0.0034   0.0086  -0.0011  -0.0016  -0.0014   0.00   24.7
2046 358038.000   34.220291277  117.143975663    35.6051   1  13   0.0037    0.0034   0.0086  -0.0011  -0.0016  -0.0014   0.00   17.6
2046 358039.000   34.220291279  117.143975659    35.6067   1  13   0.0037    0.0034   0.0086  -0.0011  -0.0016  -0.0014   0.00   16.3
2046 358040.000   34.220291287  117.143975669    35.6055   1  13   0.0037    0.0034   0.0086  -0.0011  -0.0016  -0.0014   0.00   20.9
2046 358041.000   34.220291285  117.143975653    35.6049   1  13   0.0037    0.0034   0.0086  -0.0011  -0.0016  -0.0014   0.00   20.1
2046 358042.000   34.220291305  117.143975651    35.6041   1  13   0.0037    0.0034   0.0086  -0.0011  -0.0016  -0.0014   0.00   21.9
2046 358043.000   34.220291298  117.143975671    35.6010   1  13   0.0037    0.0034   0.0086  -0.0011  -0.0016  -0.0014   0.00   15.1
2046 358044.000   34.220291306  117.143975667    35.6052   1  13   0.0037    0.0034   0.0086  -0.0011  -0.0016  -0.0014   0.00   16.6
2046 358045.000   34.220291293  117.143975655    35.6083   1  13   0.0037    0.0034   0.0086  -0.0011  -0.0016  -0.0014   0.00   15.9
2046 358046.000   34.220291294  117.143975661    35.6044   1  13   0.0037    0.0034   0.0086  -0.0011  -0.0016  -0.0014   0.00   19.7
2046 358047.000   34.220291294  117.143975660    35.6035   1  13   0.0037    0.0034   0.0086  -0.0011  -0.0016  -0.0014   0.00   17.5
2046 358048.000   34.220291294  117.143975649    35.6051   1  13   0.0037    0.0034   0.0086  -0.0011  -0.0016  -0.0014   0.00   15.3
2046 358049.000   34.220291301  117.143975660    35.6065   1  13   0.0037    0.0034   0.0086  -0.0011  -0.0016  -0.0014   0.00   21.5
2046 358050.000   34.220291305  117.143975656    35.6043   1  13   0.0037    0.0034   0.0086  -0.0011  -0.0016  -0.0014   0.00   16.5
2046 358051.000   34.220291296  117.143975641    35.6061   1  13   0.0037    0.0034   0.0086  -0.0011  -0.0016  -0.0014   0.00   16.5
2046 358052.000   34.220291300  117.143975668    35.6068   1  13   0.0037    0.0034   0.0086  -0.0011  -0.0016  -0.0014   0.00   18.0
2046 358053.000   34.220291291  117.143975668    35.6061   1  13   0.0037    0.0034   0.0086  -0.0011  -0.0016  -0.0014   0.00   16.2
2046 358054.000   34.220291292  117.143975661    35.6068   1  13   0.0037    0.0034   0.0086  -0.0011  -0.0016  -0.0014   0.00   17.3
2046 358055.000   34.220291298  117.143975662    35.6061   1  13   0.0037    0.0034   0.0086  -0.0011  -0.0016  -0.0014   0.00   13.9
2046 358056.000   34.220291302  117.143975655    35.6034   1  13   0.0037    0.0034   0.0086  -0.0011  -0.0016  -0.0014   0.00   13.2
2046 358057.000   34.220291309  117.143975655    35.6056   1  13   0.0037    0.0034   0.0086  -0.0011  -0.0016  -0.0014   0.00   14.7
2046 358058.000   34.220291301  117.143975649    35.6014   1  13   0.0037    0.0034   0.0086  -0.0011  -0.0016  -0.0014   0.00   14.8
2046 358059.000   34.220291328  117.143975666    35.6048   1  13   0.0037    0.0034   0.0086  -0.0011  -0.0016  -0.0014   0.00   15.2
2046 358060.000   34.220291321  117.143975669    35.6066   1  13   0.0037    0.0034   0.0086  -0.0011  -0.0016  -0.0014   0.00   13.6
2046 358061.000   34.220291322  117.143975664    35.6057   1  13   0.0037    0.0034   0.0086  -0.0011  -0.0016  -0.0014   0.00   17.2
2046 358062.000   34.220291323  117.143975667    35.6053   1  13   0.0037    0.0034   0.0086  -0.0011  -0.0016  -0.0014   0.00   18.0
2046 358063.000   34.220291307  117.143975667    35.6055   1  13   0.0037    0.0034   0.0086  -0.0011  -0.0016  -0.0014   0.00   18.9
2046 358064.000   34.220291312  117.143975663    35.6040   1  13   0.0037    0.0034   0.0086  -0.0011  -0.0016  -0.0014   0.00   22.8
2046 358065.000   34.220291312  117.143975674    35.6053   1  13   0.0037    0.0034   0.0086  -0.0011  -0.0016  -0.0014   0.00   16.3
2046 358066.000   34.220291301  117.143975686    35.6043   1  13   0.0037    0.0034   0.0086  -0.0011  -0.0016  -0.0014   0.00   17.1
2046 358067.000   34.220291310  117.143975676    35.6052   1  13   0.0037    0.0034   0.0086  -0.0011  -0.0016  -0.0014   0.00   21.0
2046 358068.000   34.220291319  117.143975695    35.6035   1  13   0.0037    0.0034   0.0085  -0.0011  -0.0016  -0.0014   0.00   29.5
2046 358069.000   34.220291304  117.143975685    35.6039   1  13   0.0037    0.0034   0.0085  -0.0011  -0.0016  -0.0014   0.00   20.0
2046 358070.000   34.220291306  117.143975681    35.6034   1  13   0.0037    0.0034   0.0085  -0.0011  -0.0016  -0.0014   0.00   16.9
2046 358071.000   34.220291316  117.143975682    35.6086   1  13   0.0037    0.0034   0.0085  -0.0011  -0.0016  -0.0014   0.00   21.5
2046 358072.000   34.220291312  117.143975678    35.6104   1  13   0.0037    0.0034   0.0085  -0.0011  -0.0016  -0.0014   0.00   19.5
2046 358073.000   34.220291319  117.143975683    35.6107   1  13   0.0037    0.0034   0.0085  -0.0011  -0.0016  -0.0014   0.00   18.1
2046 358074.000   34.220291326  117.143975671    35.6091   1  13   0.0037    0.0034   0.0085  -0.0011  -0.0016  -0.0014   0.00   18.2
2046 358075.000   34.220291315  117.143975673    35.6067   1  13   0.0037    0.0034   0.0085  -0.0011  -0.0016  -0.0014   0.00   21.7
2046 358076.000   34.220291348  117.143975660    35.6036   1  12   0.0040    0.0035   0.0092  -0.0014  -0.0004  -0.0025   0.00   27.0
2046 358077.000   34.220291343  117.143975654    35.6052   1  12   0.0040    0.0035   0.0092  -0.0014  -0.0004  -0.0025   0.00   38.6
2046 358078.000   34.220291334  117.143975654    35.6033   1  12   0.0040    0.0035   0.0092  -0.0014  -0.0004  -0.0025   0.00   30.1
2046 358079.000   34.220291333  117.143975619    35.6007   1  12   0.0040    0.0035   0.0092  -0.0014  -0.0004  -0.0025   0.00   26.7
2046 358080.000   34.220291354  117.143975481    35.5951   1  12   0.0040    0.0035   0.0092  -0.0014  -0.0004  -0.0025   0.00   31.5
2046 358081.000   34.220291349  117.143975453    35.5979   1  13   0.0037    0.0034   0.0085  -0.0011  -0.0016  -0.0014   0.00   19.0
2046 358082.000   34.220291348  117.143975472    35.6001   1  13   0.0037    0.0034   0.0085  -0.0011  -0.0016  -0.0014   0.00   18.4
2046 358083.000   34.220291350  117.143975429    35.5960   1  12   0.0040    0.0035   0.0092  -0.0014  -0.0003  -0.0025   0.00   40.3
2046 358084.000   34.220291397  117.143975423    35.5903   1  12   0.0040    0.0035   0.0092  -0.0014  -0.0003  -0.0025   0.00   23.0
2046 358085.000   34.220291349  117.143975496    35.5974   1  12   0.0040    0.0035   0.0092  -0.0014  -0.0003  -0.0025   0.00   33.3
2046 358086.000   34.220291367  117.143975469    35.5954   1  12   0.0040    0.0035   0.0092  -0.0014  -0.0003  -0.0025   0.00   41.3
2046 358087.000   34.220291325  117.143975481    35.5989   1  13   0.0037    0.0034   0.0085  -0.0011  -0.0016  -0.0014   0.00   21.2
2046 358088.000   34.220291345  117.143975428    35.5952   1  13   0.0037    0.0034   0.0085  -0.0011  -0.0016  -0.0014   0.00   31.9
2046 358089.000   34.220291333  117.143975434    35.6018   1  13   0.0037    0.0034   0.0085  -0.0011  -0.0016  -0.0014   0.00   26.5
2046 358090.000   34.220291322  117.143975456    35.6004   1  13   0.0037    0.0034   0.0085  -0.0011  -0.0016  -0.0014   0.00   24.7
2046 358091.000   34.220291341  117.143975410    35.5971   1  13   0.0037    0.0034   0.0085  -0.0011  -0.0016  -0.0014   0.00   35.9
2046 358092.000   34.220291331  117.143975425    35.5991   1  13   0.0037    0.0034   0.0085  -0.0011  -0.0016  -0.0014   0.00   22.5
2046 358093.000   34.220291330  117.143975439    35.5971   1  13   0.0037    0.0034   0.0085  -0.0011  -0.0016  -0.0014   0.00   21.3
2046 358094.000   34.220291347  117.143975359    35.5973   1  13   0.0037    0.0034   0.0085  -0.0011  -0.0016  -0.0014   0.00   22.6
2046 358095.000   34.220292550  117.143967146    35.6189   1  13   0.0037    0.0034   0.0085  -0.0011  -0.0015  -0.0014   0.00   31.8
2046 358096.000   34.220292816  117.143951189    35.6075   1  12   0.0040    0.0035   0.0092  -0.0014  -0.0003  -0.0025   0.00   60.9
2046 358097.000   34.220290861  117.143932477    35.6314   1  12   0.0040    0.0035   0.0092  -0.0014  -0.0003  -0.0025   0.00   46.2
2046 358098.000   34.220287295  117.143911182    35.6449   1  12   0.0040    0.0035   0.0092  -0.0014  -0.0003  -0.0025   0.00   30.9
2046 358099.000   34.220282710  117.143889227    35.6564   1  12   0.0040    0.0035   0.0092  -0.0014  -0.0003  -0.0025   0.00   34.8
2046 358100.000   34.220278870  117.143865294    35.6279   1  12   0.0040    0.0035   0.0092  -0.0014  -0.0003  -0.0025   0.00   46.0
2046 358101.000   34.220274810  117.143838746    35.6643   1  12   0.0040    0.0035   0.0092  -0.0014  -0.0002  -0.0025   0.00   52.5
2046 358102.000   34.220272196  117.143811421    35.7090   1  12   0.0040    0.0035   0.0092  -0.0014  -0.0002  -0.0025   0.00   41.4
2046 358103.000   34.220271742  117.143782873    35.7529   1  12   0.0040    0.0035   0.0092  -0.0014  -0.0002  -0.0025   0.00   34.0
2046 358104.000   34.220273286  117.143752658    35.7924   1  12   0.0040    0.0035   0.0092  -0.0014  -0.0002  -0.0025   0.00   42.6
2046 358105.000   34.220276314  117.143720859    35.8369   1  13   0.0037    0.0034   0.0085  -0.0011  -0.0015  -0.0014   0.00   17.1
2046 358106.000   34.220280983  117.143687673    35.8530   1  12   0.0040    0.0035   0.0092  -0.0014  -0.0002  -0.0025   0.00   32.7
2046 358107.000   34.220286577  117.143653220    35.8940   1  12   0.0040    0.0035   0.0092  -0.0014  -0.0002  -0.0025   0.00   27.7
2046 358108.000   34.220292805  117.143618580    35.9400   1  12   0.0040    0.0035   0.0092  -0.0014  -0.0002  -0.0025   0.00   23.9
2046 358109.000   34.220298909  117.143583924    36.0007   1  12   0.0040    0.0035   0.0092  -0.0014  -0.0002  -0.0025   0.00   22.6
2046 358110.000   34.220305586  117.143549275    36.0192   1  11   0.0044    0.0037   0.0107   0.0004  -0.0026  -0.0041   0.00   18.2
2046 358111.000   34.220312254  117.143514400    36.0633   1  12   0.0040    0.0035   0.0092  -0.0014  -0.0002  -0.0025   0.00   26.9
2046 358112.000   34.220318569  117.143478799    36.1063   1  12   0.0042    0.0036   0.0092  -0.0010  -0.0007  -0.0027   0.00   19.8
2046 358113.000   34.220324780  117.143443016    36.1287   1  11   0.0048    0.0039   0.0109   0.0016  -0.0030  -0.0046   0.00   46.1
2046 358114.000   34.220330477  117.143406997    36.1818   1  10   0.0048    0.0041   0.0120   0.0014  -0.0015  -0.0048   0.00    7.7
2046 358115.000   34.220336750  117.143371500    36.2029   1   9   0.0049    0.0043   0.0139   0.0010  -0.0032  -0.0042   0.00   50.5
2046 358116.000   34.220343823  117.143335681    36.2381   1   9   0.0049    0.0043   0.0139   0.0010  -0.0032  -0.0042   0.00   26.6
2046 358117.000   34.220351131  117.143299175    36.2793   1  11   0.0079    0.0067   0.0206   0.0036  -0.0062  -0.0076   0.00   51.8
2046 358118.000   34.220358014  117.143262488    36.3242   1   9   0.0045    0.0040   0.0136  -0.0013  -0.0024  -0.0034   0.00   11.0
2046 358119.000   34.220365148  117.143226054    36.3384   1  10   0.0045    0.0039   0.0121  -0.0011  -0.0036  -0.0031   0.00   82.7
2046 358120.000   34.220372484  117.143189721    36.3901   1  10   0.0045    0.0038   0.0121  -0.0011  -0.0036  -0.0031   0.00   13.9
2046 358121.000   34.220379823  117.143153145    36.4375   1  10   0.0045    0.0038   0.0121  -0.0011  -0.0036  -0.0031   0.00   14.5
2046 358122.000   34.220387325  117.143116605    36.4802   1  10   0.0045    0.0038   0.0121  -0.0011  -0.0036  -0.0031   0.00   17.7
2046 358123.000   34.220394692  117.143079381    36.5109   1  10   0.0045    0.0039   0.0121  -0.0011  -0.0036  -0.0031   0.00   15.9
2046 358124.000   34.220401631  117.143041866    36.5397   1  10   0.0045    0.0038   0.0121  -0.0011  -0.0036  -0.0031   0.00   75.1
2046 358125.000   34.220407753  117.143004067    36.5814   1  10   0.0045    0.0038   0.0121  -0.0011  -0.0036  -0.0031   0.00   75.8
2046 358126.000   34.220413522  117.142966778    36.6103   1  10   0.0045    0.0038   0.0121  -0.0011  -0.0036  -0.0031   0.00   55.9
2046 358127.000   34.220419547  117.142930045    36.6551   1  10   0.0045    0.0038   0.0121  -0.0011  -0.0036  -0.0031   0.00   31.0
2046 358128.000   34.220426312  117.142893496    36.6850   1  10   0.0045    0.0038   0.0121  -0.0011  -0.0036  -0.0031   0.00   20.1
2046 358129.000   34.220433590  117.142856449    36.7202   1  10   0.0045    0.0038   0.0121  -0.0011  -0.0036  -0.0031   0.00   73.7
2046 358130.000   34.220440761  117.142819014    36.7588   1  10   0.0045    0.0038   0.0121  -0.0011  -0.0036  -0.0031   0.00   43.6
2046 358131.000   34.220447924  117.142781593    36.8055   1  10   0.0045    0.0038   0.0121  -0.0011  -0.0036  -0.0031   0.00   24.5
2046 358132.000   34.220455216  117.142744183    36.8451   1  10   0.0045    0.0038   0.0121  -0.0011  -0.0036  -0.0031   0.00   24.3
2046 358133.000   34.220462255  117.142706566    36.9080   1  10   0.0045    0.0038   0.0121  -0.0011  -0.0036  -0.0031   0.00    4.8
2046 358134.000   34.220469485  117.142669136    36.9262   1  10   0.0045    0.0038   0.0121  -0.0011  -0.0036  -0.0031   0.00   11.6
2046 358135.000   34.220476142  117.142631211    36.9680   1  10   0.0045    0.0038   0.0121  -0.0011  -0.0036  -0.0031   0.00    8.5
2046 358136.000   34.220482683  117.142592237    37.0136   1  10   0.0045    0.0038   0.0121  -0.0011  -0.0036  -0.0031   0.00   12.2
2046 358137.000   34.220489277  117.142552782    37.0453   1  10   0.0045    0.0038   0.0121  -0.0011  -0.0036  -0.0031   0.00   17.7
2046 358138.000   34.220495400  117.142513712    37.0752   1  10   0.0045    0.0038   0.0121  -0.0011  -0.0036  -0.0031   0.00   74.3
2046 358139.000   34.220500571  117.142475835    37.1188   1  10   0.0045    0.0038   0.0121  -0.0011  -0.0036  -0.0031   0.00   88.9
2046 358140.000   34.220504855  117.142438540    37.1563   1  10   0.0045    0.0038   0.0121  -0.0011  -0.0036  -0.0031   0.00   86.2
2046 358141.000   34.220508971  117.142401232    37.2117   1  11   0.0042    0.0038   0.0109  -0.0009  -0.0037  -0.0011   0.00   60.0
2046 358142.000   34.220514120  117.142363238    37.2620   1  11   0.0042    0.0038   0.0109  -0.0009  -0.0037  -0.0011   0.00   12.8
2046 358143.000   34.220521454  117.142325266    37.2729   1  10   0.0045    0.0038   0.0121  -0.0011  -0.0036  -0.0031   0.00   47.6
2046 358144.000   34.220530285  117.142288877    37.3029   1  10   0.0045    0.0038   0.0121  -0.0011  -0.0036  -0.0031   0.00   34.2
2046 358145.000   34.220539844  117.142251934    37.3424   1  10   0.0045    0.0038   0.0121  -0.0011  -0.0036  -0.0031   0.00   28.3
2046 358146.000   34.220549054  117.142214849    37.3803   1  10   0.0045    0.0038   0.0121  -0.0011  -0.0035  -0.0031   0.00   70.1
2046 358147.000   34.220557580  117.142177585    37.4269   1  12   0.0040    0.0035   0.0096  -0.0016  -0.0025   0.0022   0.00   26.7
2046 358148.000   34.220565557  117.142140204    37.4637   1  11   0.0042    0.0038   0.0109  -0.0009  -0.0037  -0.0011   0.00   38.5
2046 358149.000   34.220573133  117.142102926    37.5197   1  11   0.0042    0.0038   0.0109  -0.0009  -0.0037  -0.0011   0.00   19.7
2046 358150.000   34.220580452  117.142066238    37.5503   1  12   0.0040    0.0035   0.0096  -0.0016  -0.0025   0.0022   0.00   73.4
2046 358151.000   34.220587526  117.142029229    37.5985   1  12   0.0040    0.0035   0.0096  -0.0016  -0.0025   0.0022   0.00   31.2
2046 358152.000   34.220594650  117.141991235    37.6267   1  12   0.0040    0.0035   0.0096  -0.0016  -0.0025   0.0022   0.00   55.4
2046 358153.000   34.220601151  117.141953639    37.6709   1  12   0.0040    0.0035   0.0096  -0.0016  -0.0025   0.0022   0.00   10.6
2046 358154.000   34.220607722  117.141916955    37.6860   1  12   0.0040    0.0035   0.0096  -0.0016  -0.0025   0.0022   0.00   55.8
2046 358155.000   34.220614257  117.141880234    37.7126   1  12   0.0040    0.0035   0.0096  -0.0016  -0.0025   0.0022   0.00   15.7
2046 358156.000   34.220620401  117.141843253    37.7493   1  12   0.0040    0.0035   0.0096  -0.0016  -0.0025   0.0022   0.00   25.5
2046 358157.000   34.220626020  117.141805892    37.7763   1  11   0.0042    0.0038   0.0109  -0.0009  -0.0037  -0.0011   0.00   16.6
2046 358158.000   34.220631074  117.141766438    37.7821   1  12   0.0040    0.0035   0.0096  -0.0016  -0.0025   0.0022   0.00   11.1
2046 358159.000   34.220634071  117.141725077    37.7926   1  12   0.0040    0.0035   0.0096  -0.0016  -0.0025   0.0022   0.00   26.8
2046 358160.000   34.220634147  117.141680637    37.8329   1  13   0.0037    0.0034   0.0085  -0.0011  -0.0015  -0.0014   0.00   13.2
2046 358161.000   34.220628746  117.141635207    37.8710   1  12   0.0040    0.0035   0.0092  -0.0015   0.0004  -0.0026   0.00   24.9
2046 358162.000   34.220616214  117.141591168    37.9301   1  12   0.0040    0.0035   0.0092  -0.0015   0.0004  -0.0026   0.00   34.8
2046 358163.000   34.220598626  117.141549998    38.0022   1  12   0.0040    0.0035   0.0092  -0.0015   0.0004  -0.0026   0.00   25.8
2046 358164.000   34.220578351  117.141512500    38.0652   1  12   0.0040    0.0035   0.0092  -0.0015   0.0004  -0.0026   0.00   16.0
2046 358165.000   34.220555835  117.141477949    38.1247   1  13   0.0037    0.0034   0.0085  -0.0011  -0.0015  -0.0014   0.00   60.2
2046 358166.000   34.220531806  117.141445094    38.1979   1  13   0.0037    0.0034   0.0085  -0.0011  -0.0015  -0.0014   0.00   26.4
2046 358167.000   34.220506671  117.141415586    38.2570   1  13   0.0037    0.0034   0.0085  -0.0011  -0.0015  -0.0014   0.00    9.9
2046 358168.000   34.220480071  117.141388412    38.2901   1  11   0.0038    0.0043   0.0102  -0.0016   0.0035  -0.0022   0.00   25.9
2046 358169.000   34.220452852  117.141362413    38.3472   1  11   0.0038    0.0043   0.0102  -0.0016   0.0035  -0.0022   0.00   22.2
2046 358170.000   34.220425868  117.141336921    38.4143   1  11   0.0038    0.0043   0.0102  -0.0016   0.0035  -0.0022   0.00   17.3
2046 358171.000   34.220399410  117.141311245    38.4593   1  12   0.0040    0.0035   0.0092  -0.0015   0.0004  -0.0026   0.00   23.7
2046 358172.000   34.220373403  117.141283980    38.5163   1  13   0.0037    0.0034   0.0085  -0.0011  -0.0015  -0.0014   0.00   16.6
2046 358173.000   34.220346651  117.141255739    38.5718   1  13   0.0037    0.0034   0.0085  -0.0011  -0.0015  -0.0014   0.00   28.1
2046 358174.000   34.220319110  117.141227913    38.6442   1  13   0.0037    0.0034   0.0085  -0.0011  -0.0015  -0.0014   0.00   13.2
2046 358175.000   34.220290758  117.141200465    38.6966   1  12   0.0037    0.0036   0.0091  -0.0010   0.0013  -0.0013   0.00   23.7
2046 358176.000   34.220262210  117.141173043    38.7599   1  10   0.0043    0.0051   0.0131  -0.0028   0.0059  -0.0046   0.00    7.5
2046 358177.000   34.220233696  117.141145752    38.8130   1  12   0.0040    0.0035   0.0092  -0.0015   0.0005  -0.0026   0.00   20.6
2046 358178.000   34.220205222  117.141118612    38.8739   1  12   0.0040    0.0035   0.0092  -0.0015   0.0005  -0.0026   0.00   37.0
2046 358179.000   34.220175629  117.141091092    38.9409   1  12   0.0040    0.0035   0.0096  -0.0016  -0.0025   0.0021   0.00    8.5
2046 358180.000   34.220143508  117.141061601    39.0113   1  13   0.0037    0.0034   0.0085  -0.0011  -0.0015  -0.0014   0.00   18.4
2046 358181.000   34.220109979  117.141030851    39.0687   1  12   0.0040    0.0035   0.0092  -0.0015   0.0005  -0.0026   0.00   32.8
2046 358182.000   34.220073737  117.140998176    39.1664   1  11   0.0041    0.0040   0.0103  -0.0021   0.0030  -0.0035   0.00    6.0
2046 358183.000   34.220036053  117.140963961    39.2386   1  12   0.0038    0.0037   0.0091  -0.0015   0.0016  -0.0020   0.00    7.4
2046 358184.000   34.219999653  117.140930525    39.2763   1  10   0.0044    0.0041   0.0113  -0.0024   0.0024  -0.0024   0.00   21.1
2046 358185.000   34.219963485  117.140896867    39.3454   1  10   0.0044    0.0041   0.0113  -0.0024   0.0024  -0.0024   0.00   33.3
2046 358186.000   34.219928441  117.140863683    39.4494   1  11   0.0040    0.0038   0.0101  -0.0016   0.0026  -0.0027   0.00    6.5
2046 358187.000   34.219893214  117.140830381    39.4835   1  12   0.0040    0.0035   0.0092  -0.0015   0.0005  -0.0026   0.00   28.6
2046 358188.000   34.219858231  117.140798018    39.5580   1  12   0.0040    0.0035   0.0092  -0.0015   0.0005  -0.0026   0.00   34.6
2046 358189.000   34.219823569  117.140766044    39.6362   1  12   0.0040    0.0035   0.0092  -0.0015   0.0005  -0.0026   0.00   26.2
2046 358190.000   34.219789859  117.140734237    39.7091   1  12   0.0040    0.0035   0.0092  -0.0015   0.0005  -0.0026   0.00   25.6
2046 358191.000   34.219756728  117.140702077    39.7905   1  12   0.0040    0.0035   0.0092  -0.0015   0.0005  -0.0026   0.00   18.3
2046 358192.000   34.219724065  117.140669681    39.8391   1  10   0.0043    0.0051   0.0131  -0.0028   0.0059  -0.0046   0.00   22.2
2046 358193.000   34.219691149  117.140638003    39.9164   1  10   0.0043    0.0051   0.0131  -0.0028   0.0059  -0.0046   0.00    3.2
2046 358194.000   34.219658517  117.140606515    39.9711   1  10   0.0043    0.0051   0.0131  -0.0028   0.0059  -0.0046   0.00   36.3
2046 358195.000   34.219626679  117.140575188    40.0446   1  12   0.0040    0.0035   0.0092  -0.0015   0.0005  -0.0026   0.00   46.8
2046 358196.000   34.219595531  117.140543593    40.1110   1  12   0.0040    0.0035   0.0092  -0.0015   0.0005  -0.0026   0.00   51.3
2046 358197.000   34.219563924  117.140511593    40.1750   1  12   0.0040    0.0035   0.0092  -0.0015   0.0005  -0.0026   0.00   18.6
2046 358198.000   34.219531765  117.140480429    40.2642   1  12   0.0040    0.0035   0.0092  -0.0015   0.0005  -0.0026   0.00    9.0
2046 358199.000   34.219499455  117.140450025    40.3021   1  10   0.0044    0.0041   0.0113  -0.0024   0.0024  -0.0024   0.00   36.5
2046 358200.000   34.219467718  117.140420047    40.3832   1  11   0.0041    0.0040   0.0103  -0.0021   0.0030  -0.0035   0.00    7.5
2046 358201.000   34.219436148  117.140390617    40.4408   1  13   0.0037    0.0034   0.0085  -0.0011  -0.0015  -0.0015   0.00   18.3
2046 358202.000   34.219404365  117.140361004    40.5131   1  12   0.0040    0.0035   0.0092  -0.0015   0.0006  -0.0026   0.00   33.6
2046 358203.000   34.219372262  117.140330979    40.5765   1  12   0.0040    0.0035   0.0092  -0.0015   0.0006  -0.0026   0.00   75.1
2046 358204.000   34.219340172  117.140300519    40.6374   1  12   0.0040    0.0035   0.0092  -0.0015   0.0006  -0.0026   0.00   15.5
2046 358205.000   34.219307993  117.140269628    40.6950   1  12   0.0040    0.0035   0.0092  -0.0015   0.0006  -0.0026   0.00    9.4
2046 358206.000   34.219275543  117.140239061    40.7526   1  12   0.0040    0.0035   0.0092  -0.0015   0.0006  -0.0026   0.00   14.0
2046 358207.000   34.219242671  117.140209332    40.8200   1  12   0.0040    0.0035   0.0096  -0.0016  -0.0024   0.0021   0.00   34.1
2046 358208.000   34.219209122  117.140179884    40.8806   1  11   0.0042    0.0036   0.0102  -0.0018  -0.0019  -0.0004   0.00   56.1
2046 358209.000   34.219175190  117.140149977    40.9445   1  12   0.0040    0.0035   0.0096  -0.0016  -0.0024   0.0021   0.00   34.6
2046 358210.000   34.219139784  117.140118135    41.0174   1  12   0.0040    0.0035   0.0096  -0.0016  -0.0024   0.0021   0.00   21.3
2046 358211.000   34.219103851  117.140085272    41.0998   1  11   0.0042    0.0036   0.0102  -0.0018  -0.0019  -0.0005   0.00   43.7
2046 358212.000   34.219068031  117.140051835    41.1586   1  12   0.0040    0.0035   0.0092  -0.0015   0.0006  -0.0026   0.00   25.1
2046 358213.000   34.219033215  117.140018639    41.2196   1  12   0.0040    0.0035   0.0092  -0.0015   0.0006  -0.0026   0.00   25.9
2046 358214.000   34.218998990  117.139986231    41.3024   1  12   0.0040    0.0035   0.0092  -0.0015   0.0006  -0.0026   0.00    9.9
2046 358215.000   34.218966288  117.139955753    41.3599   1  12   0.0040    0.0035   0.0092  -0.0015   0.0006  -0.0026   0.00    7.4
2046 358216.000   34.218934453  117.139926360    41.4061   1  12   0.0040    0.0035   0.0092  -0.0015   0.0006  -0.0026   0.00   19.0
2046 358217.000   34.218902952  117.139897189    41.4866   1  12   0.0037    0.0036   0.0091  -0.0010   0.0013  -0.0013   0.00    9.5
2046 358218.000   34.218871737  117.139867653    41.5273   1  11   0.0038    0.0043   0.0102  -0.0016   0.0035  -0.0022   0.00   23.0
2046 358219.000   34.218840510  117.139838312    41.5862   1  12   0.0040    0.0035   0.0092  -0.0015   0.0006  -0.0026   0.00   20.1
2046 358220.000   34.218807824  117.139807742    41.6458   1  11   0.0042    0.0036   0.0102  -0.0018  -0.0018  -0.0005   0.00   49.2
2046 358221.000   34.218773450  117.139775190    41.7268   1  11   0.0042    0.0036   0.0102  -0.0018  -0.0018  -0.0006   0.00   79.5
2046 358222.000   34.218738016  117.139742483    41.8191   1  11   0.0042    0.0036   0.0102  -0.0018  -0.0018  -0.0006   0.00   10.2
2046 358223.000   34.218703140  117.139710031    41.8796   1  10   0.0044    0.0041   0.0113  -0.0024   0.0024  -0.0024   0.00   10.8
2046 358224.000   34.218669295  117.139678389    41.9450   1  11   0.0042    0.0040   0.0103  -0.0021   0.0031  -0.0035   0.00   17.5
2046 358225.000   34.218636556  117.139647216    42.0284   1  11   0.0040    0.0038   0.0101  -0.0016   0.0026  -0.0028   0.00    9.8
2046 358226.000   34.218604875  117.139616153    42.0685   1  10   0.0043    0.0051   0.0131  -0.0028   0.0059  -0.0046   0.00   20.8
2046 358227.000   34.218573409  117.139585291    42.1267   1  10   0.0043    0.0051   0.0131  -0.0028   0.0059  -0.0046   0.00   34.6
2046 358228.000   34.218541842  117.139554657    42.1887   1  10   0.0043    0.0051   0.0131  -0.0028   0.0059  -0.0046   0.00   28.7
2046 358229.000   34.218510445  117.139524261    42.2596   1  12   0.0040    0.0035   0.0092  -0.0015   0.0006  -0.0026   0.00   25.7
2046 358230.000   34.218479300  117.139494656    42.3102   1  12   0.0040    0.0035   0.0092  -0.0015   0.0006  -0.0026   0.00   41.7
2046 358231.000   34.218447846  117.139466312    42.4124   1  12   0.0040    0.0035   0.0092  -0.0015   0.0006  -0.0026   0.00   18.1
2046 358232.000   34.218416454  117.139437150    42.4646   1  11   0.0042    0.0036   0.0102  -0.0018  -0.0018  -0.0006   0.00   60.9
2046 358233.000   34.218385397  117.139406971    42.5239   1  11   0.0042    0.0036   0.0102  -0.0018  -0.0018  -0.0006   0.00  147.6
2046 358234.000   34.218354518  117.139376800    42.5801   1  11   0.0042    0.0036   0.0102  -0.0018  -0.0018  -0.0006   0.00   88.0
2046 358235.000   34.218324707  117.139348749    42.6418   1  11   0.0042    0.0036   0.0102  -0.0018  -0.0018  -0.0007   0.00  109.1
2046 358236.000   34.218295203  117.139321725    42.6933   1  11   0.0042    0.0036   0.0102  -0.0018  -0.0018  -0.0007   0.00   43.2
2046 358237.000   34.218265592  117.139294471    42.7420   1  10   0.0042    0.0039   0.0113  -0.0018   0.0019  -0.0007   0.00   98.5
2046 358238.000   34.218235131  117.139267288    42.8092   1  10   0.0042    0.0039   0.0113  -0.0018   0.0019  -0.0007   0.00   63.6
2046 358239.000   34.218204050  117.139239924    42.8759   1  11   0.0038    0.0043   0.0102  -0.0016   0.0035  -0.0022   0.00   36.9
2046 358240.000   34.218172700  117.139212190    42.9341   1  11   0.0038    0.0043   0.0102  -0.0016   0.0035  -0.0022   0.00   21.8
2046 358241.000   34.218141468  117.139184217    42.9802   1  10   0.0044    0.0041   0.0113  -0.0024   0.0025  -0.0025   0.00   35.8
2046 358242.000   34.218112742  117.139157858    43.0531   1  12   0.0040    0.0035   0.0092  -0.0015   0.0007  -0.0026   0.00    9.9
2046 358243.000   34.218086298  117.139133276    43.1004   1  13   0.0037    0.0034   0.0085  -0.0011  -0.0015  -0.0015   0.00    7.7
2046 358244.000   34.218061957  117.139110512    43.1154   1  12   0.0038    0.0037   0.0091  -0.0015   0.0016  -0.0020   0.00   18.2
2046 358245.000   34.218039554  117.139090231    43.1539   1  11   0.0041    0.0040   0.0103  -0.0021   0.0031  -0.0035   0.00    7.0
2046 358246.000   34.218019279  117.139072243    43.1771   1  11   0.0041    0.0040   0.0103  -0.0021   0.0031  -0.0035   0.00   38.0
2046 358247.000   34.217997692  117.139052887    43.2283   1  11   0.0042    0.0040   0.0103  -0.0021   0.0031  -0.0035   0.00   15.1
2046 358248.000   34.217972457  117.139029934    43.2817   1  12   0.0041    0.0035   0.0096  -0.0016  -0.0010  -0.0021   0.00   28.7
2046 358249.000   34.217946420  117.139004526    43.4039   2  11   0.0516    0.0457   0.1189  -0.0161   0.0206  -0.0112   0.00    2.3
2046 358250.000   34.217919787  117.138976702    43.3913   1  11   0.0042    0.0036   0.0102  -0.0018  -0.0018  -0.0007   0.00   27.7
2046 358251.000   34.217892802  117.138949317    43.4239   1   9   0.0044    0.0051   0.0147  -0.0029   0.0060  -0.0037   0.00   12.7
2046 358252.000   34.217865242  117.138922705    43.4741   1   9   0.0044    0.0051   0.0147  -0.0029   0.0060  -0.0037   0.00   15.5
2046 358253.000   34.217836959  117.138896225    43.5349   1   9   0.0044    0.0051   0.0147  -0.0029   0.0060  -0.0037   0.00    4.9
2046 358254.000   34.217808690  117.138869546    43.5822   1   9   0.0044    0.0051   0.0147  -0.0029   0.0060  -0.0037   0.00    8.9
2046 358255.000   34.217780124  117.138843096    43.6527   1   9   0.0044    0.0051   0.0147  -0.0029   0.0060  -0.0037   0.00   10.9
2046 358256.000   34.217749908  117.138815509    43.7115   1   9   0.0044    0.0051   0.0147  -0.0029   0.0060  -0.0037   0.00    9.2
2046 358257.000   34.217718912  117.138787195    43.7696   1   9   0.0044    0.0051   0.0147  -0.0029   0.0060  -0.0037   0.00   15.1
2046 358258.000   34.217687618  117.138758116    43.8189   1   9   0.0044    0.0051   0.0147  -0.0029   0.0060  -0.0037   0.00   12.6
2046 358259.000   34.217656348  117.138728708    43.9001   1  10   0.0043    0.0051   0.0132  -0.0029   0.0060  -0.0046   0.00    6.5
2046 358260.000   34.217625487  117.138699214    43.9455   1  10   0.0044    0.0041   0.0113  -0.0024   0.0025  -0.0025   0.00   12.9
2046 358261.000   34.217594964  117.138670220    43.9935   1  10   0.0044    0.0041   0.0113  -0.0024   0.0025  -0.0025   0.00    8.2
2046 358262.000   34.217564935  117.138640948    44.0556   1  10   0.0044    0.0051   0.0147  -0.0029   0.0060  -0.0038   0.00    5.5
2046 358263.000   34.217535270  117.138611197    44.1180   1   9   0.0044    0.0051   0.0147  -0.0029   0.0060  -0.0038   0.00    3.9
2046 358264.000   34.217505493  117.138581878    44.1867   1   9   0.0044    0.0051   0.0147  -0.0029   0.0060  -0.0038   0.00    4.0
2046 358265.000   34.217475297  117.138553384    44.2492   1   9   0.0044    0.0051   0.0147  -0.0029   0.0060  -0.0038   0.00    3.5
2046 358266.000   34.217444236  117.138524143    44.3123   1   9   0.0044    0.0051   0.0147  -0.0029   0.0060  -0.0038   0.00    3.5
2046 358267.000   34.217412938  117.138495104    44.3839   1  10   0.0044    0.0041   0.0113  -0.0024   0.0025  -0.0025   0.00    5.4
2046 358268.000   34.217383552  117.138468211    44.4129   1   9   0.0044    0.0051   0.0147  -0.0029   0.0060  -0.0038   0.00    3.1
2046 358269.000   34.217356388  117.138443972    44.4591   1   9   0.0044    0.0051   0.0147  -0.0029   0.0060  -0.0038   0.00    3.0
2046 358270.000   34.217330812  117.138421928    44.5078   1   9   0.0044    0.0051   0.0147  -0.0029   0.0060  -0.0038   0.00   17.9
2046 358271.000   34.217303307  117.138398473    44.5705   1   9   0.0044    0.0051   0.0147  -0.0029   0.0060  -0.0038   0.00   28.1
2046 358272.000   34.217275684  117.138374588    44.6310   1   9   0.0044    0.0051   0.0147  -0.0029   0.0060  -0.0038   0.00   10.5
2046 358273.000   34.217249450  117.138352740    44.6511   1   9   0.0044    0.0051   0.0147  -0.0029   0.0060  -0.0038   0.00   26.7
2046 358274.000   34.217223467  117.138330928    44.6975   1   9   0.0044    0.0051   0.0147  -0.0029   0.0060  -0.0038   0.00   38.1
2046 358275.000   34.217199720  117.138310652    44.7411   1   9   0.0044    0.0051   0.0147  -0.0029   0.0060  -0.0038   0.00   23.3
2046 358276.000   34.217176747  117.138290383    44.7877   1   9   0.0044    0.0051   0.0147  -0.0029   0.0060  -0.0038   0.00  105.3
2046 358277.000   34.217152936  117.138268952    44.8364   1  10   0.0044    0.0041   0.0113  -0.0024   0.0025  -0.0025   0.00   82.5
2046 358278.000   34.217127214  117.138244822    44.8890   1  11   0.0042    0.0036   0.0102  -0.0018  -0.0017  -0.0009   0.00   74.8
2046 358279.000   34.217100013  117.138218307    44.9239   1  11   0.0042    0.0036   0.0102  -0.0018  -0.0017  -0.0009   0.00  104.9
2046 358280.000   34.217072655  117.138189901    44.9514   1  11   0.0042    0.0036   0.0102  -0.0018  -0.0017  -0.0009   0.00   46.4
2046 358281.000   34.217045203  117.138160031    44.9881   1  11   0.0042    0.0036   0.0102  -0.0018  -0.0017  -0.0009   0.00   53.5
2046 358282.000   34.217016779  117.138130145    45.0463   1  12   0.0040    0.0035   0.0092  -0.0015   0.0008  -0.0026   0.00   31.9
2046 358283.000   34.216987377  117.138100755    45.1336   1  11   0.0042    0.0040   0.0103  -0.0022   0.0031  -0.0036   0.00   11.1
2046 358284.000   34.216956127  117.138070799    45.2385   1  10   0.0044    0.0041   0.0113  -0.0024   0.0026  -0.0026   0.00   13.6
2046 358285.000   34.216923727  117.138040187    45.3667   1  13   0.0037    0.0034   0.0085  -0.0011  -0.0014  -0.0015   0.00    5.5
2046 358286.000   34.216891333  117.138009447    45.4391   1  12   0.0038    0.0037   0.0091  -0.0015   0.0016  -0.0020   0.00    4.2
2046 358287.000   34.216858757  117.137978620    45.4688   1   9   0.0044    0.0051   0.0147  -0.0029   0.0060  -0.0038   0.00   37.3
2046 358288.000   34.216825717  117.137947297    45.5193   1   9   0.0044    0.0051   0.0147  -0.0029   0.0060  -0.0038   0.00   23.2
2046 358289.000   34.216793461  117.137916195    45.5416   1   9   0.0044    0.0051   0.0147  -0.0029   0.0060  -0.0038   0.00   44.7
2046 358290.000   34.216762205  117.137884460    45.6019   1  10   0.0043    0.0051   0.0132  -0.0029   0.0060  -0.0047   0.00    5.4
2046 358291.000   34.216731171  117.137849615    45.6538   1  11   0.0040    0.0038   0.0101  -0.0016   0.0027  -0.0028   0.00   82.5
2046 358292.000   34.216700742  117.137813815    45.7188   1  10   0.0044    0.0055   0.0134  -0.0032   0.0064  -0.0049   0.00   30.9
2046 358293.000   34.216670892  117.137777702    45.7817   1  10   0.0065    0.0086   0.0193  -0.0052   0.0097  -0.0074   0.00   92.9
2046 358294.000   34.216641843  117.137743057    45.8348   1  10   0.0043    0.0051   0.0132  -0.0029   0.0060  -0.0047   0.00   31.6
2046 358295.000   34.216612400  117.137711771    45.9024   1   9   0.0044    0.0051   0.0147  -0.0029   0.0060  -0.0038   0.00    8.2
2046 358296.000   34.216582495  117.137682748    45.9416   1   8   0.0047    0.0061   0.0154  -0.0036   0.0071  -0.0046   0.00   20.6
2046 358297.000   34.216553347  117.137655405    46.0086   1  10   0.0043    0.0051   0.0132  -0.0029   0.0060  -0.0047   0.00    9.4
2046 358298.000   34.216525389  117.137628426    46.0679   1  11   0.0042    0.0040   0.0103  -0.0022   0.0032  -0.0036   0.00   12.4
2046 358299.000   34.216495812  117.137600695    46.1526   1  12   0.0040    0.0035   0.0092  -0.0015   0.0008  -0.0026   0.00    8.6
2046 358300.000   34.216465116  117.137572203    46.2468   1  12   0.0056    0.0050   0.0130  -0.0021   0.0012  -0.0037   0.00    4.4
2046 358301.000   34.216434329  117.137542274    46.2791   1  11   0.0042    0.0040   0.0103  -0.0022   0.0032  -0.0036   0.00   18.8
2046 358302.000   34.216403839  117.137510745    46.3483   1  11   0.0042    0.0040   0.0103  -0.0022   0.0032  -0.0036   0.00   13.9
2046 358303.000   34.216375777  117.137476979    46.4194   1  11   0.0042    0.0036   0.0102  -0.0018  -0.0017  -0.0010   0.00   10.4
2046 358304.000   34.216350376  117.137440776    46.4735   1  11   0.0042    0.0040   0.0103  -0.0022   0.0032  -0.0036   0.00   33.0
2046 358305.000   34.216326854  117.137402328    46.5194   1  11   0.0042    0.0036   0.0102  -0.0018  -0.0017  -0.0010   0.00    9.3
2046 358306.000   34.216306179  117.137362182    46.5726   1  11   0.0042    0.0036   0.0102  -0.0018  -0.0017  -0.0010   0.00   16.7
2046 358307.000   34.216287221  117.137320268    46.6277   1  11   0.0042    0.0036   0.0102  -0.0018  -0.0017  -0.0010   0.00   20.4
2046 358308.000   34.216270684  117.137278649    46.6766   1  11   0.0042    0.0036   0.0101  -0.0018  -0.0017  -0.0010   0.00   16.2
2046 358309.000   34.216255940  117.137236556    46.7193   1  11   0.0042    0.0036   0.0101  -0.0018  -0.0017  -0.0010   0.00   15.3
2046 358310.000   34.216242536  117.137192976    46.7577   1  12   0.0040    0.0035   0.0092  -0.0015   0.0008  -0.0027   0.00   11.7
2046 358311.000   34.216231523  117.137150389    46.7680   1  11   0.0042    0.0036   0.0101  -0.0018  -0.0017  -0.0010   0.00   12.1
2046 358312.000   34.216222783  117.137108563    46.7803   1  11   0.0042    0.0036   0.0101  -0.0018  -0.0017  -0.0010   0.00   24.2
2046 358313.000   34.216215768  117.137065012    46.8054   1  11   0.0042    0.0036   0.0101  -0.0018  -0.0016  -0.0010   0.00   12.9
2046 358314.000   34.216209863  117.137020706    46.8254   1  11   0.0042    0.0036   0.0101  -0.0018  -0.0016  -0.0010   0.00   26.6
2046 358315.000   34.216204737  117.136975549    46.8568   1  10   0.0045    0.0038   0.0119  -0.0011  -0.0032  -0.0034   0.00   16.0
2046 358316.000   34.216200455  117.136929441    46.8512   1  10   0.0045    0.0038   0.0119  -0.0011  -0.0032  -0.0034   0.00   22.5
2046 358317.000   34.216196752  117.136883385    46.8624   1  10   0.0045    0.0038   0.0119  -0.0011  -0.0032  -0.0034   0.00   15.1
2046 358318.000   34.216192861  117.136837307    46.9000   1  10   0.0045    0.0038   0.0119  -0.0011  -0.0032  -0.0034   0.00   17.4
2046 358319.000   34.216188559  117.136790792    46.9416   1  10   0.0045    0.0038   0.0119  -0.0011  -0.0032  -0.0034   0.00   14.8
2046 358320.000   34.216183937  117.136744807    46.9666   1  11   0.0044    0.0037   0.0107  -0.0005  -0.0023  -0.0041   0.00    9.6
2046 358321.000   34.216178323  117.136698095    47.0000   1  12   0.0040    0.0035   0.0092  -0.0015   0.0009  -0.0027   0.00  192.9
2046 358322.000   34.216172399  117.136650921    47.0267   1  11   0.0044    0.0037   0.0107  -0.0005  -0.0023  -0.0041   0.00  267.1
2046 358323.000   34.216166151  117.136601354    47.0504   1  11   0.0044    0.0037   0.0107  -0.0005  -0.0023  -0.0041   0.00  180.6
2046 358324.000   34.216158280  117.136547434    47.0853   1  11   0.0044    0.0037   0.0107  -0.0005  -0.0023  -0.0041   0.00   85.6
2046 358325.000   34.216148005  117.136491533    47.1250   1  11   0.0044    0.0037   0.0107  -0.0005  -0.0023  -0.0041   0.00   88.6
2046 358326.000   34.216135278  117.136434605    47.1524   1  11   0.0044    0.0037   0.0107  -0.0005  -0.0023  -0.0041   0.00   54.2
2046 358327.000   34.216119657  117.136375469    47.1745   1  12   0.0040    0.0035   0.0092  -0.0015   0.0009  -0.0027   0.00   63.5
2046 358328.000   34.216101769  117.136314231    47.2021   1  12   0.0040    0.0035   0.0092  -0.0015   0.0009  -0.0027   0.00   37.0
2046 358329.000   34.216082484  117.136252047    47.2233   1  12   0.0040    0.0035   0.0092  -0.0015   0.0009  -0.0027   0.00   39.7
2046 358330.000   34.216061094  117.136189649    47.2191   1  12   0.0040    0.0035   0.0092  -0.0015   0.0009  -0.0027   0.00   26.3
2046 358331.000   34.216037149  117.136127554    47.2331   1  12   0.0040    0.0035   0.0092  -0.0015   0.0009  -0.0027   0.00   31.4
2046 358332.000   34.216010387  117.136066885    47.3037   1  12   0.0040    0.0035   0.0092  -0.0015   0.0009  -0.0027   0.00   35.5
2046 358333.000   34.215981246  117.136007539    47.3648   1  11   0.0042    0.0036   0.0101  -0.0018  -0.0016  -0.0011   0.00   27.7
2046 358334.000   34.215950782  117.135951464    47.4150   1  11   0.0042    0.0036   0.0101  -0.0018  -0.0016  -0.0011   0.00   74.8
2046 358335.000   34.215919987  117.135899365    47.4628   1  12   0.0040    0.0035   0.0092  -0.0015   0.0009  -0.0027   0.00    3.6
2046 358336.000   34.215888398  117.135847670    47.4661   1  11   0.0040    0.0038   0.0101  -0.0016   0.0027  -0.0028   0.00   64.0
2046 358337.000   34.215858294  117.135798308    47.5153   1  10   0.0042    0.0039   0.0113  -0.0018   0.0021  -0.0012   0.00  108.8
2046 358338.000   34.215829222  117.135752493    47.5725   1  11   0.0040    0.0038   0.0101  -0.0016   0.0027  -0.0028   0.00   89.7
2046 358339.000   34.215798231  117.135708826    47.6280   1  11   0.0038    0.0043   0.0102  -0.0015   0.0035  -0.0021   0.00   13.2
2046 358340.000   34.215763629  117.135666060    47.6499   1  10   0.0040    0.0043   0.0114  -0.0017   0.0032   0.0016   0.00   61.8
2046 358341.000   34.215726352  117.135626335    47.6627   1  11   0.0038    0.0043   0.0102  -0.0015   0.0035  -0.0021   0.00   19.4
2046 358342.000   34.215687191  117.135589995    47.6565   1   9   0.0044    0.0052   0.0148  -0.0029   0.0061  -0.0039   0.00   28.3
2046 358343.000   34.215644388  117.135555157    47.6860   1   9   0.0044    0.0052   0.0148  -0.0029   0.0061  -0.0039   0.00   51.9
2046 358344.000   34.215599241  117.135521218    47.6892   1  10   0.0043    0.0052   0.0133  -0.0029   0.0061  -0.0047   0.00   21.5
2046 358345.000   34.215553668  117.135488427    47.7336   1   9   0.0044    0.0052   0.0148  -0.0029   0.0061  -0.0039   0.00   43.9
2046 358346.000   34.215505753  117.135455685    47.7859   1   9   0.0044    0.0052   0.0148  -0.0029   0.0061  -0.0039   0.00   36.7
2046 358347.000   34.215454854  117.135424372    47.8196   1   9   0.0044    0.0052   0.0148  -0.0029   0.0061  -0.0039   0.00   32.1
2046 358348.000   34.215401773  117.135395255    47.8564   1   9   0.0044    0.0052   0.0148  -0.0029   0.0061  -0.0039   0.00   34.3
2046 358349.000   34.215347210  117.135368205    47.8909   1  10   0.0043    0.0052   0.0133  -0.0029   0.0061  -0.0047   0.00   40.0
2046 358350.000   34.215291597  117.135343399    47.9167   1  10   0.0043    0.0052   0.0133  -0.0029   0.0061  -0.0047   0.00   16.5
2046 358351.000   34.215235405  117.135321209    47.9537   1  10   0.0043    0.0052   0.0133  -0.0029   0.0061  -0.0047   0.00   33.5
2046 358352.000   34.215180071  117.135302664    47.9730   1  10   0.0043    0.0052   0.0133  -0.0029   0.0061  -0.0047   0.00   38.1
2046 358353.000   34.215123492  117.135286506    48.0066   1  10   0.0043    0.0052   0.0133  -0.0029   0.0061  -0.0047   0.00   21.8
2046 358354.000   34.215066007  117.135273155    48.0369   1  10   0.0043    0.0052   0.0133  -0.0029   0.0061  -0.0047   0.00   20.7
2046 358355.000   34.215010108  117.135263827    48.0687   1  10   0.0043    0.0052   0.0133  -0.0029   0.0061  -0.0047   0.00   21.5
2046 358356.000   34.214957001  117.135257705    48.1197   1  10   0.0043    0.0052   0.0133  -0.0029   0.0061  -0.0047   0.00   18.6
2046 358357.000   34.214906801  117.135254095    48.1867   1  11   0.0040    0.0038   0.0101  -0.0016   0.0027  -0.0028   0.00   14.8
2046 358358.000   34.214858985  117.135252210    48.2125   1  11   0.0042    0.0044   0.0114  -0.0024   0.0044  -0.0040   0.00    7.0
2046 358359.000   34.214809125  117.135251532    48.2430   1  10   0.0043    0.0052   0.0133  -0.0029   0.0061  -0.0047   0.00   18.2
2046 358360.000   34.214755969  117.135250929    48.2501   1  10   0.0049    0.0044   0.0142  -0.0024   0.0043  -0.0061   0.00    9.0
2046 358361.000   34.214699689  117.135250621    48.2993   1  10   0.0044    0.0045   0.0125  -0.0025   0.0041  -0.0031   0.00    3.9
2046 358362.000   34.214640875  117.135250265    48.2984   1   9   0.0044    0.0052   0.0148  -0.0029   0.0061  -0.0039   0.00   30.5
2046 358363.000   34.214580638  117.135249392    48.3351   1  12   0.0040    0.0035   0.0092  -0.0015   0.0010  -0.0027   0.00   14.0
2046 358364.000   34.214521217  117.135248675    48.3845   1  10   0.0044    0.0041   0.0113  -0.0024   0.0027  -0.0027   0.00   11.8
2046 358365.000   34.214464946  117.135248765    48.4011   1  12   0.0040    0.0035   0.0092  -0.0015   0.0010  -0.0027   0.00   17.4
2046 358366.000   34.214411646  117.135249154    48.4120   1  11   0.0042    0.0036   0.0101  -0.0018  -0.0015  -0.0012   0.00   94.4
2046 358367.000   34.214360830  117.135249897    48.3998   1  12   0.0040    0.0035   0.0092  -0.0015   0.0010  -0.0027   0.00   11.5
2046 358368.000   34.214312162  117.135250670    48.3619   1  11   0.0040    0.0038   0.0101  -0.0016   0.0027  -0.0029   0.00   20.1
2046 358369.000   34.214265779  117.135251567    48.3997   1  11   0.0059    0.0051   0.0143  -0.0026  -0.0022  -0.0018   0.00    5.8
2046 358370.000   34.214221864  117.135252522    48.3644   1  11   0.0056    0.0054   0.0143  -0.0023   0.0039  -0.0040   0.00   17.0
2046 358371.000   34.214180375  117.135253347    48.3869   1  10   0.0057    0.0061   0.0162  -0.0023   0.0046   0.0023   0.00   17.1
2046 358372.000   34.214141031  117.135253288    48.3774   1   9   0.0063    0.0073   0.0210  -0.0041   0.0087  -0.0055   0.00    5.0
2046 358373.000   34.214101761  117.135252864    48.3285   1  11   0.0059    0.0057   0.0147  -0.0031   0.0046  -0.0051   0.00    4.8
2046 358374.000   34.214058989  117.135251366    48.3066   1   9   0.0063    0.0073   0.0210  -0.0041   0.0087  -0.0056   0.00   12.0
2046 358375.000   34.214013200  117.135249010    48.2830   1   9   0.0063    0.0073   0.0210  -0.0041   0.0087  -0.0056   0.00   14.3
2046 358376.000   34.213966389  117.135246987    48.2546   1   9   0.0063    0.0073   0.0210  -0.0041   0.0087  -0.0056   0.00   16.4
2046 358377.000   34.213918840  117.135245855    48.2370   1   9   0.0063    0.0073   0.0210  -0.0041   0.0087  -0.0056   0.00   31.2
2046 358378.000   34.213871249  117.135245559    48.2634   1   9   0.0063    0.0073   0.0210  -0.0041   0.0087  -0.0056   0.00    3.0
2046 358379.000   34.213824804  117.135245858    48.3697   2  10   0.0798    0.1067   0.2584  -0.0488   0.1195  -0.0085   0.00    2.1
2046 358380.000   34.213777395  117.135245763    48.2584   1   8   0.0075    0.0075   0.0294  -0.0047   0.0103  -0.0107   0.00    5.7
2046 358381.000   34.213728822  117.135245175    48.2254   1  10   0.0075    0.0075   0.0294  -0.0047   0.0103  -0.0107   0.00   19.7
2046 358382.000   34.213679873  117.135245222    48.2210   1   9   0.0075    0.0075   0.0293  -0.0047   0.0103  -0.0107   0.00   21.2
2046 358383.000   34.213631933  117.135244997    48.1690   1   9   0.0075    0.0075   0.0250  -0.0048   0.0099  -0.0108   0.00    7.6
2046 358384.000   34.213585581  117.135244717    48.1531   1   9   0.0075    0.0075   0.0250  -0.0048   0.0099  -0.0108   0.00    6.2
2046 358385.000   34.213540456  117.135244642    48.6092   2   9   0.2129    0.2297   0.7481  -0.1318   0.2922  -0.2632   0.00    2.7
2046 358386.000   34.213496211  117.135243576    48.5720   2   8   0.2214    0.2395   0.7775  -0.1368   0.3032  -0.2703   0.00    1.6
2046 358387.000   34.213454028  117.135241635    48.1553   1   9   0.0063    0.0073   0.0210  -0.0041   0.0088  -0.0056   0.00   16.6
2046 358388.000   34.213410020  117.135240360    48.1372   1   9   0.0063    0.0073   0.0210  -0.0041   0.0088  -0.0056   0.00    3.4
2046 358389.000   34.213364416  117.135239826    48.1064   1   9   0.0063    0.0073   0.0210  -0.0041   0.0088  -0.0056   0.00    9.4
2046 358390.000   34.213318033  117.135240129    48.0798   1  10   0.0063    0.0073   0.0210  -0.0041   0.0088  -0.0056   0.00    8.2
2046 358391.000   34.213271838  117.135240865    48.0472   1   9   0.0063    0.0073   0.0210  -0.0041   0.0088  -0.0056   0.00    7.8
2046 358392.000   34.213227673  117.135241568    48.0358   1   9   0.0063    0.0073   0.0210  -0.0041   0.0088  -0.0056   0.00    7.9
2046 358393.000   34.213185894  117.135242126    48.4654   2   9   0.2476    0.2792   0.8333  -0.1525   0.3345  -0.2577   0.00    1.9
2046 358394.000   34.213146409  117.135242083    48.4654   2   8   0.2520    0.2823   0.8489  -0.1544   0.3376  -0.2641   0.00    0.0
2046 358395.000   34.213109115  117.135242434    48.4242   2   9   0.2546    0.2848   0.8547  -0.1552   0.3383  -0.2639   0.00    0.0
2046 358396.000   34.213073872  117.135243507    48.4123   2   9   0.2564    0.2869   0.8570  -0.1559   0.3387  -0.2615   0.00    0.0
2046 358397.000   34.213040774  117.135244024    48.2930   2   9   0.2571    0.2870   0.8520  -0.1542   0.3338  -0.2545   0.00    0.0
2046 358398.000   34.213009109  117.135245117    48.3906   2   9   0.2598    0.2902   0.8617  -0.1573   0.3391  -0.2583   0.00    0.0
2046 358399.000   34.212978939  117.135246411    48.3731   2   9   0.2615    0.2914   0.8643  -0.1580   0.3390  -0.2575   0.00    0.0
2046 358400.000   34.212949640  117.135247380    48.3667   2   9   0.2631    0.2923   0.8667  -0.1586   0.3385  -0.2570   0.00    0.0
2046 358401.000   34.212918593  117.135247008    48.3424   2   9   0.2647    0.2928   0.8689  -0.1591   0.3375  -0.2569   0.00    0.0
2046 358402.000   34.212886377  117.135246698    48.3278   2   9   0.2662    0.2930   0.8709  -0.1595   0.3361  -0.2570   0.00    0.0
2046 358403.000   34.212853741  117.135247357    48.3306   2   8   0.2696    0.2925   0.8816  -0.1596   0.3336  -0.2651   0.00    0.0
2046 358404.000   34.212822559  117.135248419    48.2415   2   8   0.2706    0.2899   0.8780  -0.1564   0.3236  -0.2629   0.00    0.0
2046 358405.000   34.212792989  117.135250511    48.2165   2   9   0.2718    0.2880   0.8756  -0.1541   0.3156  -0.2616   0.00    0.0
2046 358406.000   34.212763460  117.135253200    48.3210   2   8   0.2755    0.2894   0.8885  -0.1577   0.3195  -0.2723   0.00    0.0
2046 358407.000   34.212729203  117.135255278    48.3341   2   9   0.2770    0.2855   0.8800  -0.1550   0.3055  -0.2712   0.00    0.0
2046 358408.000   34.212692712  117.135256295    48.3387   2   9   0.2772    0.2856   0.8761  -0.1552   0.3038  -0.2676   0.00    0.0
2046 358409.000   34.212655177  117.135256629    48.4188   2  10   0.2775    0.2857   0.8749  -0.1556   0.3028  -0.2656   0.00    0.0
2046 358410.000   34.212617365  117.135256093    48.3982   2   8   0.2779    0.2867   0.8823  -0.1549   0.3042  -0.2658   0.00    0.0
2046 358411.000   34.212577575  117.135255522    48.4381   2   8   0.2771    0.2865   0.8752  -0.1550   0.3026  -0.2592   0.00    0.0
2046 358412.000   34.212536589  117.135255210    48.4578   2   9   0.2776    0.2876   0.8750  -0.1572   0.3053  -0.2582   0.00    0.0
2046 358413.000   34.212495146  117.135254515    48.4414   2   9   0.2779    0.2869   0.8727  -0.1574   0.3028  -0.2562   0.00    0.0
2046 358414.000   34.212451404  117.135254042    48.4807   2   9   0.2781    0.2842   0.8642  -0.1566   0.2943  -0.2524   0.00    0.0
2046 358415.000   34.212406539  117.135253449    48.4558   2   9   0.2787    0.2846   0.8685  -0.1577   0.2964  -0.2529   0.00    0.0
2046 358416.000   34.212361051  117.135253338    48.4657   2   9   0.2791    0.2829   0.8664  -0.1577   0.2924  -0.2517   0.00    0.0
2046 358417.000   34.212316336  117.135253482    48.4613   2   8   0.2791    0.2791   0.8596  -0.1543   0.2794  -0.2474   0.00    0.0
2046 358418.000   34.212272444  117.135253337    48.4546   2   8   0.2793    0.2774   0.8515  -0.1548   0.2743  -0.2434   0.00    0.0
2046 358419.000   34.212228659  117.135251840    47.6190   1   9   0.0063    0.0074   0.0210  -0.0041   0.0088  -0.0057   0.00    4.3
2046 358420.000   34.212185850  117.135251376    47.6106   1   8   0.0075    0.0075   0.0295  -0.0048   0.0105  -0.0109   0.00    4.1
2046 358421.000   34.212144337  117.135250115    47.6093   1   8   0.0075    0.0075   0.0295  -0.0048   0.0105  -0.0109   0.00    3.5
2046 358422.000   34.212103733  117.135249031    48.4381   2   8   0.2719    0.2568   0.7458  -0.1391   0.1867  -0.1708   0.00    0.0
2046 358423.000   34.212064429  117.135243610    47.5853   1  10   0.0061    0.0058   0.0160  -0.0034   0.0040  -0.0039   0.00    3.5
2046 358424.000   34.212026054  117.135239077    47.5664   1  10   0.0061    0.0058   0.0160  -0.0033   0.0040  -0.0039   0.00    5.7
2046 358425.000   34.211989095  117.135235715    47.5508   1  10   0.0061    0.0058   0.0160  -0.0033   0.0040  -0.0040   0.00    6.3
2046 358426.000   34.211953662  117.135234256    47.5363   1  10   0.0061    0.0058   0.0160  -0.0033   0.0040  -0.0040   0.00   11.3
2046 358427.000   34.211919768  117.135236578    47.5279   1  10   0.0061    0.0058   0.0160  -0.0033   0.0040  -0.0040   0.00    7.1
2046 358428.000   34.211888237  117.135244143    47.5337   1  10   0.0061    0.0058   0.0160  -0.0033   0.0040  -0.0040   0.00   18.7
2046 358429.000   34.211859852  117.135256845    47.5312   1  10   0.0061    0.0058   0.0160  -0.0034   0.0040  -0.0040   0.00    6.4
2046 358430.000   34.211834889  117.135274304    47.5220   1  10   0.0061    0.0058   0.0160  -0.0033   0.0040  -0.0040   0.00   10.5
2046 358431.000   34.211813294  117.135295590    47.4558   1  11   0.0042    0.0036   0.0101  -0.0018  -0.0014  -0.0014   0.00    5.1
2046 358432.000   34.211795284  117.135320599    47.3872   1  11   0.0042    0.0036   0.0101  -0.0018  -0.0014  -0.0014   0.00    5.1
2046 358433.000   34.211781712  117.135349352    47.3177   1  12   0.0039    0.0035   0.0094  -0.0015  -0.0022   0.0017   0.00    4.4
2046 358434.000   34.211773917  117.135381254    47.2469   1  12   0.0039    0.0035   0.0094  -0.0015  -0.0022   0.0017   0.00    4.3
2046 358435.000   34.211770875  117.135417422    47.1665   1  11   0.0046    0.0040   0.0104  -0.0026  -0.0036   0.0037   0.00    3.4
2046 358436.000   34.211770483  117.135459194    47.0862   1  11   0.0046    0.0040   0.0104  -0.0026  -0.0036   0.0037   0.00    3.6
2046 358437.000   34.211772725  117.135502912    47.6332   2  10   0.2760    0.2380   0.6440  -0.1379  -0.1133   0.1356   0.00    1.0
2046 358438.000   34.211774188  117.135549088    47.5000   2   9   0.2801    0.2388   0.6449  -0.1416  -0.1194   0.1458   0.00    1.0
2046 358439.000   34.211774166  117.135596642    47.3930   2  11   0.2821    0.2392   0.6459  -0.1445  -0.1205   0.1568   0.00    2.2
2046 358440.000   34.211771700  117.135644673    46.7505   1   9   0.0069    0.0060   0.0175  -0.0039  -0.0026   0.0047   0.00    8.7
2046 358441.000   34.211769672  117.135693933    46.6444   1   9   0.0069    0.0060   0.0175  -0.0039  -0.0026   0.0047   0.00   15.2
2046 358442.000   34.211769635  117.135744234    47.0811   2   9   0.2904    0.2401   0.6436  -0.1531  -0.1334   0.1714   0.00    2.0
2046 358443.000   34.211769622  117.135795786    46.4281   1   9   0.0069    0.0060   0.0175  -0.0039  -0.0025   0.0047   0.00    6.0
2046 358444.000   34.211771297  117.135848103    46.3267   1   8   0.0100    0.0080   0.0179  -0.0073  -0.0051   0.0070   0.00    5.8
2046 358445.000   34.211773808  117.135899983    46.6598   2   8   0.3008    0.2426   0.6421  -0.1636  -0.1516   0.1931   0.00    1.7
2046 358446.000   34.211773574  117.135951508    46.1466   1   8   0.0100    0.0080   0.0179  -0.0073  -0.0051   0.0070   0.00    4.9
2046 358447.000   34.211773880  117.136002513    46.0346   1   9   0.0069    0.0060   0.0175  -0.0039  -0.0025   0.0047   0.00    6.2
2046 358448.000   34.211773401  117.136053157    45.9351   1   9   0.0069    0.0060   0.0175  -0.0039  -0.0025   0.0047   0.00    3.2
2046 358449.000   34.211773557  117.136102557    46.1665   2   9   0.3052    0.2433   0.6430  -0.1685  -0.1698   0.2097   0.00    1.1
2046 358450.000   34.211773607  117.136151785    46.0733   2   9   0.3011    0.2413   0.6414  -0.1636  -0.1698   0.2097   0.00    1.0
2046 358451.000   34.211773076  117.136201842    45.9712   2   9   0.3001    0.2408   0.6406  -0.1627  -0.1724   0.2104   0.00    1.1
2046 358452.000   34.211772267  117.136252775    45.5505   1   8   0.0077    0.0077   0.0368  -0.0050  -0.0127   0.0096   0.00    5.4
2046 358453.000   34.211774406  117.136302686    45.7214   2   9   0.2988    0.2394   0.6359  -0.1618  -0.1784   0.2171   0.00    1.2
2046 358454.000   34.211775482  117.136353532    45.6162   2   9   0.2978    0.2385   0.6327  -0.1611  -0.1776   0.2151   0.00    2.0
2046 358455.000   34.211776341  117.136404322    45.4740   2   9   0.2888    0.2332   0.6254  -0.1509  -0.1727   0.2054   0.00    2.2
2046 358456.000   34.211776174  117.136456240    45.1999   1   9   0.0051    0.0043   0.0142  -0.0030  -0.0032   0.0045   0.00    5.5
2046 358457.000   34.211777394  117.136507910    45.0915   1   9   0.0051    0.0043   0.0142  -0.0030  -0.0032   0.0045   0.00    5.6
2046 358458.000   34.211778565  117.136559906    44.9972   1  11   0.0042    0.0037   0.0114  -0.0019  -0.0023   0.0011   0.00    6.2
2046 358459.000   34.211779389  117.136612059    44.9204   1  11   0.0048    0.0041   0.0121  -0.0028  -0.0044   0.0046   0.00    7.0
2046 358460.000   34.211779839  117.136664099    44.8288   1  11   0.0069    0.0057   0.0155  -0.0040  -0.0044   0.0041   0.00    5.6
2046 358461.000   34.211780061  117.136716027    44.7269   1  12   0.0043    0.0038   0.0114  -0.0022  -0.0037   0.0036   0.00    6.8
2046 358462.000   34.211780987  117.136766501    44.6944   2  12   0.2722    0.2234   0.6030  -0.1339  -0.1710   0.1894   0.00    2.8
2046 358463.000   34.211779555  117.136817884    44.5061   1  12   0.0042    0.0037   0.0098  -0.0019  -0.0028   0.0026   0.00    3.0
2046 358464.000   34.211779497  117.136867618    44.4587   2  11   0.2711    0.2227   0.6012  -0.1330  -0.1721   0.1884   0.00    1.2
2046 358465.000   34.211777879  117.136918025    44.2976   1  12   0.0069    0.0060   0.0175  -0.0039  -0.0025   0.0047   0.00    4.9
2046 358466.000   34.211778056  117.136966758    44.2255   1  12   0.0043    0.0038   0.0101  -0.0020  -0.0004  -0.0004   0.00    4.0
2046 358467.000   34.211779140  117.137014185    44.1441   1  11   0.0069    0.0060   0.0175  -0.0039  -0.0024   0.0046   0.00    8.3
2046 358468.000   34.211780516  117.137060273    44.0584   1   9   0.0069    0.0060   0.0175  -0.0039  -0.0024   0.0046   0.00    4.7
2046 358469.000   34.211781144  117.137105269    43.9679   1  11   0.0090    0.0074   0.0152  -0.0066  -0.0067   0.0073   0.00    3.5
2046 358470.000   34.211781679  117.137149720    43.8717   1  11   0.0052    0.0044   0.0105  -0.0033  -0.0040   0.0042   0.00    3.8
2046 358471.000   34.211782191  117.137193460    43.7760   1  12   0.0053    0.0044   0.0110  -0.0033  -0.0038   0.0045   0.00    4.3
2046 358472.000   34.211783104  117.137236112    43.6940   2  12   0.2658    0.2202   0.5953  -0.1268  -0.1759   0.1772   0.00    1.8
2046 358473.000   34.211782181  117.137279349    43.5836   1  11   0.0052    0.0044   0.0105  -0.0033  -0.0040   0.0042   0.00    7.9
2046 358474.000   34.211782828  117.137321236    43.5066   2  10   0.2653    0.2203   0.5953  -0.1261  -0.1773   0.1731   0.00    2.0
2046 358475.000   34.211782085  117.137364119    43.4157   1  10   0.0056    0.0045   0.0110  -0.0037  -0.0034   0.0033   0.00    4.8
2046 358476.000   34.211782126  117.137406068    43.3412   1   9   0.0070    0.0062   0.0189  -0.0035  -0.0068   0.0005   0.00    3.1
2046 358477.000   34.211782141  117.137447423    43.2886   1  11   0.0043    0.0037   0.0107  -0.0016  -0.0021  -0.0025   0.00    6.3
2046 358478.000   34.211782048  117.137488038    43.2370   1  12   0.0041    0.0036   0.0102  -0.0014  -0.0024  -0.0016   0.00    7.2
2046 358479.000   34.211782524  117.137527884    43.1613   2  12   0.2609    0.2183   0.5928  -0.1183  -0.1760   0.1576   0.00    1.3
2046 358480.000   34.211781975  117.137568484    43.1020   1  11   0.0042    0.0037   0.0101  -0.0017  -0.0015  -0.0016   0.00    3.6
2046 358481.000   34.211781971  117.137608924    43.0249   1  12   0.0040    0.0036   0.0094  -0.0013  -0.0023   0.0015   0.00    3.3
2046 358482.000   34.211781975  117.137649841    42.9455   1  12   0.0040    0.0036   0.0094  -0.0013  -0.0023   0.0015   0.00    5.7
2046 358483.000   34.211782205  117.137691411    42.8570   1  12   0.0056    0.0050   0.0133  -0.0021  -0.0031   0.0023   0.00    3.1
2046 358484.000   34.211782481  117.137733391    42.7710   1  11   0.0042    0.0037   0.0101  -0.0017  -0.0015  -0.0017   0.00    4.7
2046 358485.000   34.211782414  117.137776162    42.6686   1  10   0.0069    0.0057   0.0154  -0.0040  -0.0043   0.0040   0.00    4.1
2046 358486.000   34.211781575  117.137819520    42.5759   1  11   0.0069    0.0057   0.0154  -0.0040  -0.0043   0.0040   0.00    4.5
2046 358487.000   34.211780214  117.137863279    42.4876   1  11   0.0042    0.0037   0.0101  -0.0017  -0.0015  -0.0017   0.00    7.0
2046 358488.000   34.211778611  117.137907348    42.4078   1  11   0.0042    0.0037   0.0101  -0.0017  -0.0015  -0.0017   0.00    5.9
2046 358489.000   34.211778120  117.137951188    42.2978   2  11   0.2601    0.2186   0.5949  -0.1161  -0.1775   0.1476   0.00    1.7
2046 358490.000   34.211776675  117.137996067    42.2387   1  12   0.0059    0.0051   0.0142  -0.0026  -0.0018  -0.0022   0.00    4.4
2046 358491.000   34.211776715  117.138039879    42.1290   2  12   0.2600    0.2191   0.5967  -0.1152  -0.1796   0.1465   0.00    1.2
2046 358492.000   34.211777218  117.138084269    42.0415   2  11   0.2613    0.2209   0.6009  -0.1165  -0.1847   0.1486   0.00    1.6
2046 358493.000   34.211778156  117.138128519    41.9745   2  11   0.2613    0.2211   0.6017  -0.1160  -0.1851   0.1471   0.00    1.3
2046 358494.000   34.211777786  117.138173320    41.9155   1   9   0.0050    0.0044   0.0133  -0.0025  -0.0047  -0.0005   0.00    4.8
2046 358495.000   34.211778207  117.138216847    41.8074   2  11   0.2604    0.2207   0.6052  -0.1094  -0.1849   0.1304   0.00    2.8
2046 358496.000   34.211777104  117.138261352    41.7726   1  10   0.0047    0.0040   0.0123  -0.0017  -0.0037  -0.0029   0.00    3.6
2046 358497.000   34.211776406  117.138305118    41.7055   1   9   0.0047    0.0042   0.0142  -0.0018  -0.0024  -0.0032   0.00    4.5
2046 358498.000   34.211774437  117.138348302    41.6479   1   9   0.0047    0.0042   0.0142  -0.0018  -0.0024  -0.0032   0.00    7.5
2046 358499.000   34.211772037  117.138391264    41.5986   2   9   0.2601    0.2193   0.6024  -0.1102  -0.1766   0.1271   0.00    2.5
2046 358500.000   34.211768164  117.138436909    41.5726   1   9   0.0047    0.0042   0.0142  -0.0018  -0.0024  -0.0032   0.00    5.5
2046 358501.000   34.211766030  117.138481759    41.5215   1  12   0.0039    0.0036   0.0097  -0.0014  -0.0017   0.0018   0.00    3.7
2046 358502.000   34.211766012  117.138526177    41.4629   2  12   0.2578    0.2176   0.5918  -0.1132  -0.1730   0.1406   0.00    2.0
2046 358503.000   34.211765362  117.138573622    41.3941   1  12   0.0040    0.0036   0.0100  -0.0016  -0.0011   0.0009   0.00    7.7
2046 358504.000   34.211766468  117.138620682    41.3347   1  12   0.0056    0.0052   0.0142  -0.0018  -0.0009   0.0028   0.00    3.5
2046 358505.000   34.211768319  117.138667289    41.2926   1  12   0.0059    0.0051   0.0142  -0.0026  -0.0017  -0.0023   0.00    3.6
2046 358506.000   34.211770541  117.138714754    41.2478   1  12   0.0059    0.0051   0.0142  -0.0026  -0.0017  -0.0023   0.00    3.3
2046 358507.000   34.211772834  117.138763494    41.1983   1  12   0.0059    0.0051   0.0142  -0.0026  -0.0017  -0.0023   0.00    4.1
2046 358508.000   34.211774665  117.138812326    41.1441   1  11   0.0048    0.0041   0.0106  -0.0025  -0.0034   0.0032   0.00    5.6
2046 358509.000   34.211776611  117.138860672    41.0973   2  10   0.2620    0.2192   0.5891  -0.1246  -0.1765   0.1575   0.00    2.0
2046 358510.000   34.211777239  117.138909704    41.0406   2  12   0.2629    0.2188   0.5871  -0.1271  -0.1745   0.1605   0.00    1.7
2046 358511.000   34.211777377  117.138959716    40.9458   1  11   0.0047    0.0041   0.0106  -0.0025  -0.0034   0.0032   0.00    5.6
2046 358512.000   34.211779776  117.139009272    40.8897   1  11   0.0069    0.0057   0.0154  -0.0040  -0.0043   0.0039   0.00    5.9
2046 358513.000   34.211783915  117.139059185    40.8298   1  10   0.0069    0.0057   0.0154  -0.0040  -0.0043   0.0039   0.00    3.7
2046 358514.000   34.211789618  117.139108612    40.7625   1  10   0.0069    0.0057   0.0154  -0.0040  -0.0043   0.0039   0.00    3.4
2046 358515.000   34.211796577  117.139157121    40.7250   1  11   0.0046    0.0040   0.0103  -0.0024  -0.0036   0.0035   0.00    4.5
2046 358516.000   34.211804451  117.139204382    40.6805   1  12   0.0065    0.0056   0.0146  -0.0036  -0.0050   0.0051   0.00    3.2
2046 358517.000   34.211813551  117.139249545    40.7050   2  10   0.2735    0.2214   0.5832  -0.1422  -0.1686   0.1642   0.00    2.1
2046 358518.000   34.211821922  117.139294518    40.6595   2  11   0.2746    0.2217   0.5823  -0.1437  -0.1672   0.1635   0.00    2.3
2046 358519.000   34.211830697  117.139338811    40.6249   2   9   0.2794    0.2242   0.5831  -0.1499  -0.1686   0.1666   0.00    1.3
2046 358520.000   34.211839437  117.139383638    40.5853   2  10   0.2760    0.2220   0.5805  -0.1458  -0.1635   0.1600   0.00    2.3
2046 358521.000   34.211847038  117.139430113    40.4513   1  11   0.0042    0.0036   0.0100  -0.0018  -0.0012  -0.0017   0.00    3.7
2046 358522.000   34.211855906  117.139475801    40.3908   1  11   0.0059    0.0051   0.0142  -0.0026  -0.0016  -0.0024   0.00    3.1
2046 358523.000   34.211865793  117.139520164    40.4457   2  11   0.2734    0.2203   0.5776  -0.1433  -0.1600   0.1578   0.00    2.5
2046 358524.000   34.211875471  117.139567044    40.3969   2  12   0.2730    0.2200   0.5770  -0.1431  -0.1596   0.1583   0.00    1.5
2046 358525.000   34.211884706  117.139616281    40.1980   1  10   0.0075    0.0063   0.0219  -0.0048  -0.0077   0.0078   0.00    4.7
2046 358526.000   34.211895288  117.139664451    40.1471   1  12   0.0058    0.0052   0.0180  -0.0027  -0.0055   0.0051   0.00    6.1
2046 358527.000   34.211906352  117.139712336    40.0941   1  11   0.0042    0.0037   0.0113  -0.0019  -0.0022   0.0007   0.00    6.3
2046 358528.000   34.211917941  117.139759801    40.0513   1  11   0.0042    0.0037   0.0113  -0.0019  -0.0022   0.0007   0.00    8.4
2046 358529.000   34.211930255  117.139807039    39.9922   1  10   0.0050    0.0042   0.0125  -0.0030  -0.0039   0.0038   0.00   23.1
2046 358530.000   34.211942927  117.139853797    39.9222   1  10   0.0075    0.0063   0.0218  -0.0048  -0.0077   0.0078   0.00    5.6
2046 358531.000   34.211956368  117.139899884    39.8885   1  11   0.0050    0.0042   0.0125  -0.0030  -0.0039   0.0038   0.00   11.8
2046 358532.000   34.211970801  117.139946397    39.8282   1  10   0.0050    0.0042   0.0125  -0.0030  -0.0039   0.0038   0.00   24.4
2046 358533.000   34.211985693  117.139993397    39.7723   1  10   0.0050    0.0043   0.0131  -0.0031  -0.0033   0.0035   0.00   14.6
2046 358534.000   34.212002648  117.140038715    39.8768   2  10   0.2783    0.2219   0.5757  -0.1504  -0.1568   0.1607   0.00    2.2
2046 358535.000   34.212016345  117.140087266    39.6605   1  10   0.0049    0.0042   0.0113  -0.0029  -0.0022   0.0022   0.00    4.5
2046 358536.000   34.212032373  117.140134394    39.6065   1  10   0.0049    0.0042   0.0113  -0.0029  -0.0022   0.0022   0.00    7.9
2046 358537.000   34.212049480  117.140181067    39.5593   1  11   0.0042    0.0038   0.0105  -0.0021   0.0016  -0.0023   0.00   10.3
2046 358538.000   34.212067884  117.140227174    39.5106   1  10   0.0049    0.0042   0.0113  -0.0029  -0.0022   0.0022   0.00    7.8
2046 358539.000   34.212089271  117.140270917    39.6076   2   9   0.2816    0.2238   0.5734  -0.1549  -0.1587   0.1659   0.00    2.6
2046 358540.000   34.212110084  117.140315471    39.5619   2  10   0.2783    0.2221   0.5726  -0.1511  -0.1577   0.1649   0.00    1.1
2046 358541.000   34.212130576  117.140360624    39.3540   1  10   0.0049    0.0042   0.0113  -0.0029  -0.0022   0.0022   0.00    5.4
2046 358542.000   34.212154953  117.140402634    39.3134   1  10   0.0049    0.0042   0.0113  -0.0029  -0.0022   0.0022   0.00   12.6
2046 358543.000   34.212179638  117.140444298    39.2850   1  12   0.0068    0.0057   0.0154  -0.0039  -0.0042   0.0038   0.00    4.2
2046 358544.000   34.212203988  117.140485849    39.2654   1  12   0.0043    0.0039   0.0103  -0.0022  -0.0018   0.0017   0.00    6.3
2046 358545.000   34.212227236  117.140527817    39.2226   1  12   0.0068    0.0057   0.0153  -0.0039  -0.0042   0.0038   0.00    6.3
2046 358546.000   34.212252768  117.140566925    39.3907   2  11   0.2684    0.2173   0.5697  -0.1397  -0.1538   0.1611   0.00    1.6
2046 358547.000   34.212276902  117.140607441    39.3511   2  12   0.2676    0.2169   0.5694  -0.1386  -0.1528   0.1599   0.00    1.2
2046 358548.000   34.212300136  117.140650144    39.1335   1  10   0.0049    0.0042   0.0118  -0.0027  -0.0036   0.0020   0.00   12.0
2046 358549.000   34.212328184  117.140688027    39.3102   2  10   0.2665    0.2165   0.5692  -0.1373  -0.1511   0.1578   0.00    1.6
2046 358550.000   34.212352740  117.140728173    39.1093   1  11   0.0068    0.0057   0.0154  -0.0039  -0.0042   0.0037   0.00    4.4
2046 358551.000   34.212379645  117.140765434    39.1115   1  10   0.0049    0.0042   0.0118  -0.0027  -0.0036   0.0020   0.00    6.4
2046 358552.000   34.212407091  117.140803426    39.0967   1  10   0.0068    0.0057   0.0154  -0.0039  -0.0042   0.0037   0.00    3.5
2046 358553.000   34.212437154  117.140839178    39.3328   2  11   0.2621    0.2147   0.5679  -0.1319  -0.1442   0.1480   0.00    1.3
2046 358554.000   34.212465131  117.140876808    39.3202   2  11   0.2614    0.2144   0.5676  -0.1310  -0.1432   0.1469   0.00    1.5
2046 358555.000   34.212490722  117.140916213    39.0939   1  12   0.0040    0.0036   0.0098  -0.0012  -0.0026   0.0003   0.00    3.3
2046 358556.000   34.212518284  117.140953344    39.0601   1  10   0.0049    0.0042   0.0118  -0.0027  -0.0036   0.0020   0.00    3.3
2046 358557.000   34.212545909  117.140990229    39.0359   1  11   0.0045    0.0039   0.0111  -0.0021  -0.0027  -0.0017   0.00    3.1
2046 358558.000   34.212573898  117.141026752    39.0194   1  11   0.0044    0.0038   0.0103  -0.0022  -0.0020   0.0008   0.00    4.9
2046 358559.000   34.212602027  117.141062580    39.0037   1  11   0.0042    0.0036   0.0100  -0.0018  -0.0011  -0.0018   0.00    3.5
2046 358560.000   34.212632081  117.141095186    39.2513   2  11   0.2560    0.2130   0.5654  -0.1245  -0.1381   0.1410   0.00    1.2
2046 358561.000   34.212657655  117.141131510    38.9759   1  12   0.0039    0.0035   0.0093  -0.0014  -0.0021   0.0015   0.00    5.2
2046 358562.000   34.212686290  117.141164134    38.9643   1  11   0.0042    0.0036   0.0100  -0.0018  -0.0010  -0.0018   0.00    4.3
2046 358563.000   34.212717753  117.141193988    39.1979   2  11   0.2556    0.2135   0.5662  -0.1240  -0.1361   0.1393   0.00    2.3
2046 358564.000   34.212746420  117.141226892    38.9575   1  11   0.0042    0.0036   0.0100  -0.0018  -0.0010  -0.0018   0.00    6.3
2046 358565.000   34.212777042  117.141257831    38.9415   1  10   0.0048    0.0040   0.0108  -0.0028  -0.0029   0.0026   0.00    6.0
2046 358566.000   34.212807372  117.141289564    38.9262   1  10   0.0048    0.0040   0.0108  -0.0028  -0.0029   0.0026   0.00    8.2
2046 358567.000   34.212838557  117.141320606    38.9399   1  12   0.0042    0.0037   0.0097  -0.0019  -0.0027   0.0024   0.00    3.5
2046 358568.000   34.212870367  117.141350830    38.9224   1  11   0.0068    0.0057   0.0153  -0.0039  -0.0041   0.0037   0.00    7.2
2046 358569.000   34.212902436  117.141380845    38.9334   1  10   0.0048    0.0040   0.0108  -0.0028  -0.0029   0.0026   0.00    7.4
2046 358570.000   34.212936956  117.141408303    39.1206   2  12   0.2513    0.2147   0.5669  -0.1197  -0.1346   0.1405   0.00    1.2
2046 358571.000   34.212968709  117.141435859    39.1592   2  12   0.2509    0.2150   0.5672  -0.1191  -0.1337   0.1400   0.00    2.8
2046 358572.000   34.212997792  117.141462392    38.9400   1  12   0.0045    0.0039   0.0103  -0.0025  -0.0034   0.0035   0.00    3.7
2046 358573.000   34.213027341  117.141484977    38.9401   1  12   0.0064    0.0055   0.0145  -0.0035  -0.0048   0.0049   0.00    3.6
2046 358574.000   34.213055798  117.141505537    38.9101   1  12   0.0068    0.0057   0.0153  -0.0039  -0.0041   0.0036   0.00    5.9
2046 358575.000   34.213082999  117.141524988    38.8916   1  11   0.0048    0.0040   0.0108  -0.0028  -0.0029   0.0026   0.00    7.0
2046 358576.000   34.213111637  117.141541774    39.0901   2  10   0.2508    0.2181   0.5718  -0.1194  -0.1285   0.1367   0.00    1.8
2046 358577.000   34.213140336  117.141562897    38.9000   1  10   0.0048    0.0040   0.0108  -0.0028  -0.0029   0.0026   0.00    3.9
2046 358578.000   34.213171665  117.141582214    38.8994   1  11   0.0039    0.0038   0.0099  -0.0017   0.0009   0.0008   0.00    5.5
2046 358579.000   34.213203181  117.141601321    38.8831   1  12   0.0039    0.0035   0.0093  -0.0014  -0.0021   0.0015   0.00    3.4
2046 358580.000   34.213235628  117.141620657    38.8581   1  12   0.0039    0.0035   0.0093  -0.0014  -0.0021   0.0015   0.00    9.0
2046 358581.000   34.213267262  117.141639730    38.8588   1  12   0.0039    0.0035   0.0093  -0.0014  -0.0021   0.0015   0.00    5.5
2046 358582.000   34.213297927  117.141658456    38.8502   1  12   0.0039    0.0035   0.0093  -0.0014  -0.0021   0.0015   0.00    5.9
2046 358583.000   34.213328573  117.141676536    38.8344   1  12   0.0039    0.0035   0.0093  -0.0014  -0.0021   0.0015   0.00    8.5
2046 358584.000   34.213359635  117.141694433    38.8239   1  11   0.0042    0.0036   0.0100  -0.0018  -0.0010  -0.0018   0.00    7.0
2046 358585.000   34.213390720  117.141712575    38.8184   1  12   0.0040    0.0036   0.0096  -0.0016  -0.0017  -0.0004   0.00    8.1
2046 358586.000   34.213421242  117.141731217    38.8006   1  11   0.0042    0.0036   0.0100  -0.0018  -0.0010  -0.0018   0.00    3.2
2046 358587.000   34.213451758  117.141750118    38.8084   1  11   0.0042    0.0036   0.0100  -0.0018  -0.0010  -0.0018   0.00    6.6
2046 358588.000   34.213482122  117.141769300    38.8120   1   9   0.0044    0.0053   0.0150  -0.0029   0.0065  -0.0043   0.00    3.0
2046 358589.000   34.213513503  117.141786955    38.9199   2   9   0.2517    0.2332   0.5925  -0.1226  -0.1179   0.1356   0.00    2.6
2046 358590.000   34.213543435  117.141807830    38.8351   1   9   0.0044    0.0053   0.0150  -0.0029   0.0065  -0.0043   0.00    4.3
2046 358591.000   34.213574109  117.141827034    38.7780   1  11   0.0042    0.0036   0.0100  -0.0018  -0.0009  -0.0018   0.00    4.6
2046 358592.000   34.213605722  117.141846780    38.7800   1  12   0.0039    0.0035   0.0093  -0.0014  -0.0020   0.0014   0.00    7.7
2046 358593.000   34.213638069  117.141867537    38.7640   1  11   0.0041    0.0037   0.0104  -0.0007  -0.0032  -0.0019   0.00    4.9
2046 358594.000   34.213670168  117.141887144    38.8812   2  10   0.2564    0.2366   0.5915  -0.1284  -0.1669   0.1507   0.00    1.3
2046 358595.000   34.213700553  117.141909977    38.7163   1  10   0.0046    0.0043   0.0119  -0.0022  -0.0048   0.0029   0.00    3.7
2046 358596.000   34.213730957  117.141931197    38.6881   1  10   0.0046    0.0043   0.0119  -0.0022  -0.0048   0.0029   0.00    3.4
2046 358597.000   34.213761996  117.141951469    38.7766   2  10   0.2640    0.2449   0.6036  -0.1424  -0.1947   0.1721   0.00    1.3
2046 358598.000   34.213792883  117.141974227    38.7341   2  11   0.2646    0.2448   0.6026  -0.1429  -0.1958   0.1720   0.00    1.2
2046 358599.000   34.213822849  117.141996090    38.7328   2   9   0.2663    0.2464   0.6049  -0.1455  -0.2011   0.1751   0.00    1.7
2046 358600.000   34.213851958  117.142017092    38.7083   2   9   0.2679    0.2470   0.6061  -0.1471  -0.2036   0.1755   0.00    1.8
2046 358601.000   34.213880616  117.142038856    38.6424   1  10   0.0046    0.0043   0.0119  -0.0022  -0.0047   0.0029   0.00    6.2
2046 358602.000   34.213909078  117.142059716    38.6369   1  10   0.0046    0.0043   0.0119  -0.0022  -0.0047   0.0029   0.00    3.7
2046 358603.000   34.213937689  117.142078784    38.6564   2  10   0.2668    0.2394   0.5964  -0.1422  -0.1903   0.1669   0.00    1.3
2046 358604.000   34.213964335  117.142098653    38.6730   2  10   0.2667    0.2347   0.5877  -0.1412  -0.1788   0.1652   0.00    2.9
2046 358605.000   34.213989345  117.142118040    38.6365   2  12   0.2638    0.2314   0.5843  -0.1364  -0.1734   0.1604   0.00    1.1
2046 358606.000   34.214017034  117.142138096    38.5911   1  11   0.0059    0.0051   0.0142  -0.0026  -0.0013  -0.0027   0.00    3.6
2046 358607.000   34.214044634  117.142157523    38.5532   1  10   0.0089    0.0073   0.0150  -0.0064  -0.0065   0.0070   0.00    5.0
2046 358608.000   34.214071509  117.142175315    38.5741   2  11   0.2573    0.2248   0.5779  -0.1268  -0.1635   0.1539   0.00    2.0
2046 358609.000   34.214097731  117.142194368    38.5186   1  12   0.0040    0.0036   0.0094  -0.0011  -0.0017   0.0019   0.00    9.1
2046 358610.000   34.214125061  117.142212643    38.5371   1  12   0.0041    0.0037   0.0097  -0.0013  -0.0012   0.0012   0.00   34.8
2046 358611.000   34.214153757  117.142231825    38.5517   1  12   0.0059    0.0051   0.0142  -0.0026  -0.0012  -0.0027   0.00    7.1
2046 358612.000   34.214181451  117.142251580    38.5454   1  11   0.0043    0.0037   0.0101  -0.0016   0.0006  -0.0014   0.00   11.1
2046 358613.000   34.214207254  117.142272003    38.5377   1  11   0.0043    0.0037   0.0101  -0.0016   0.0006  -0.0014   0.00   12.7
2046 358614.000   34.214230074  117.142294015    38.5098   1  11   0.0043    0.0037   0.0101  -0.0016   0.0006  -0.0014   0.00   10.1
2046 358615.000   34.214250917  117.142317803    38.4749   1  12   0.0040    0.0036   0.0094  -0.0010  -0.0017   0.0019   0.00    6.5
2046 358616.000   34.214271375  117.142341023    38.4354   1  12   0.0039    0.0035   0.0093  -0.0014  -0.0020   0.0014   0.00   11.8
2046 358617.000   34.214291255  117.142363122    38.4022   1  12   0.0039    0.0035   0.0093  -0.0014  -0.0020   0.0014   0.00   17.1
2046 358618.000   34.214310070  117.142384464    38.3536   1  12   0.0039    0.0035   0.0093  -0.0014  -0.0020   0.0014   0.00   18.3
2046 358619.000   34.214328007  117.142404387    38.3099   1  12   0.0039    0.0035   0.0093  -0.0014  -0.0020   0.0014   0.00   30.9
2046 358620.000   34.214346770  117.142421772    38.2700   1  12   0.0039    0.0035   0.0093  -0.0014  -0.0020   0.0014   0.00   18.2
2046 358621.000   34.214367467  117.142438618    38.2175   1  12   0.0039    0.0035   0.0093  -0.0014  -0.0020   0.0014   0.00   28.4
2046 358622.000   34.214390532  117.142457132    38.1842   1  12   0.0039    0.0035   0.0093  -0.0014  -0.0020   0.0014   0.00   18.2
2046 358623.000   34.214414123  117.142477107    38.1362   1  12   0.0039    0.0035   0.0093  -0.0014  -0.0020   0.0014   0.00   16.8
2046 358624.000   34.214440306  117.142499027    38.0771   1  11   0.0042    0.0036   0.0100  -0.0018  -0.0008  -0.0019   0.00   15.1
2046 358625.000   34.214467961  117.142521430    38.0180   1  11   0.0042    0.0036   0.0100  -0.0018  -0.0008  -0.0019   0.00   13.1
2046 358626.000   34.214496024  117.142544582    37.9684   1  11   0.0042    0.0036   0.0100  -0.0018  -0.0008  -0.0019   0.00    9.2
2046 358627.000   34.214524329  117.142570263    37.9044   1  11   0.0042    0.0036   0.0100  -0.0018  -0.0008  -0.0019   0.00    3.8
2046 358628.000   34.214552148  117.142596617    37.7442   2  12   0.2491    0.2168   0.5670  -0.1172  -0.1175   0.1324   0.00    1.2
2046 358629.000   34.214580127  117.142625808    37.7704   1  12   0.0043    0.0037   0.0099  -0.0020  -0.0023   0.0018   0.00   10.1
2046 358630.000   34.214607323  117.142654871    37.6829   1  11   0.0044    0.0038   0.0103  -0.0022  -0.0018  -0.0004   0.00    7.5
2046 358631.000   34.214634201  117.142683256    37.5122   2  12   0.2515    0.2188   0.5705  -0.1206  -0.1113   0.1337   0.00    1.1
2046 358632.000   34.214661384  117.142713712    37.5166   1  11   0.0042    0.0036   0.0100  -0.0018  -0.0008  -0.0019   0.00    6.2
2046 358633.000   34.214688107  117.142743676    37.4188   1  11   0.0061    0.0059   0.0160  -0.0034   0.0045  -0.0044   0.00   11.0
2046 358634.000   34.214714443  117.142772964    37.2427   2  11   0.2577    0.2244   0.5775  -0.1301  -0.1036   0.1378   0.00    2.3
2046 358635.000   34.214739448  117.142804289    37.0731   2  11   0.2575    0.2272   0.5800  -0.1310  -0.0820   0.1292   0.00    1.4
2046 358636.000   34.214764279  117.142835550    37.0772   2   8   0.2606    0.2299   0.5864  -0.1358  -0.0756   0.1302   0.00    2.6
2046 358637.000   34.214788433  117.142867628    37.1444   1  11   0.0069    0.0063   0.0171  -0.0044   0.0025  -0.0003   0.00   12.3
2046 358638.000   34.214811968  117.142898819    37.0796   1  11   0.0069    0.0063   0.0171  -0.0044   0.0025   0.0002   0.00   13.4
2046 358639.000   34.214835733  117.142929388    36.9930   1  10   0.0069    0.0063   0.0171  -0.0044   0.0025   0.0001   0.00    9.0
2046 358640.000   34.214859111  117.142959818    36.9124   1   9   0.0049    0.0045   0.0121  -0.0031   0.0018  -0.0001   0.00    8.1
2046 358641.000   34.214881556  117.142990396    36.8585   1  11   0.0042    0.0036   0.0100  -0.0018  -0.0008  -0.0020   0.00    5.4
2046 358642.000   34.214902179  117.143020499    36.6271   2  10   0.2685    0.2309   0.5839  -0.1467  -0.1020   0.1386   0.00    2.4
2046 358643.000   34.214921670  117.143053074    36.7247   1  10   0.0048    0.0040   0.0108  -0.0027  -0.0028   0.0024   0.00   11.1
2046 358644.000   34.214940851  117.143084083    36.6642   1  10   0.0048    0.0040   0.0108  -0.0027  -0.0028   0.0024   0.00   25.2
2046 358645.000   34.214959806  117.143115416    36.5886   1  11   0.0048    0.0040   0.0108  -0.0027  -0.0028   0.0024   0.00   11.9
2046 358646.000   34.214979450  117.143147472    36.5283   1  10   0.0048    0.0040   0.0108  -0.0027  -0.0028   0.0024   0.00    3.4
2046 358647.000   34.215000946  117.143180201    36.3091   2   9   0.2727    0.2335   0.5860  -0.1530  -0.1018   0.1369   0.00    1.6
2046 358648.000   34.215023117  117.143215270    36.3672   1   9   0.0049    0.0045   0.0121  -0.0031   0.0018  -0.0004   0.00    8.3
2046 358649.000   34.215045544  117.143249174    36.2837   1  10   0.0043    0.0042   0.0113  -0.0024   0.0032  -0.0032   0.00    8.7
2046 358650.000   34.215067894  117.143283112    36.2250   1   9   0.0049    0.0045   0.0121  -0.0031   0.0018  -0.0004   0.00    7.7
2046 358651.000   34.215089968  117.143317104    36.1581   1  10   0.0049    0.0045   0.0121  -0.0031   0.0018  -0.0004   0.00    9.6
2046 358652.000   34.215111830  117.143350912    36.0868   1   9   0.0049    0.0045   0.0121  -0.0031   0.0018  -0.0004   0.00    7.8
2046 358653.000   34.215133426  117.143384526    36.0268   1   9   0.0049    0.0045   0.0121  -0.0031   0.0018  -0.0004   0.00   11.4
2046 358654.000   34.215154973  117.143418052    35.9528   1   9   0.0049    0.0045   0.0121  -0.0031   0.0018  -0.0005   0.00   10.4
2046 358655.000   34.215176409  117.143451622    35.8820   1   9   0.0049    0.0045   0.0121  -0.0031   0.0018  -0.0005   0.00   17.8
2046 358656.000   34.215197693  117.143485287    35.8043   1   9   0.0049    0.0045   0.0121  -0.0031   0.0018  -0.0005   0.00    9.3
2046 358657.000   34.215219023  117.143518774    35.7310   1  11   0.0045    0.0039   0.0102  -0.0024  -0.0033   0.0034   0.00    3.4
2046 358658.000   34.215240438  117.143552067    35.6623   1  11   0.0045    0.0039   0.0102  -0.0024  -0.0033   0.0034   0.00    7.0
2046 358659.000   34.215261375  117.143585487    35.5840   1  11   0.0045    0.0039   0.0102  -0.0024  -0.0033   0.0033   0.00   12.6
2046 358660.000   34.215281402  117.143619642    35.5168   1  11   0.0045    0.0039   0.0102  -0.0024  -0.0033   0.0033   0.00    8.7
2046 358661.000   34.215301359  117.143654004    35.4605   1  11   0.0064    0.0055   0.0144  -0.0034  -0.0047   0.0047   0.00    4.1
2046 358662.000   34.215322052  117.143688004    35.3866   1  10   0.0048    0.0040   0.0108  -0.0027  -0.0027   0.0023   0.00    7.2
2046 358663.000   34.215343193  117.143723025    35.3245   1  11   0.0042    0.0036   0.0100  -0.0018  -0.0007  -0.0020   0.00    7.4
2046 358664.000   34.215364680  117.143757687    35.0730   2  11   0.2604    0.2212   0.5658  -0.1354  -0.1093   0.1236   0.00    1.2
2046 358665.000   34.215387956  117.143792567    35.1692   1  12   0.0055    0.0050   0.0131  -0.0020  -0.0028   0.0018   0.00    3.2
2046 358666.000   34.215411970  117.143825882    35.1091   1  12   0.0055    0.0050   0.0131  -0.0020  -0.0028   0.0018   0.00    3.4
2046 358667.000   34.215436667  117.143858024    35.0410   1  12   0.0059    0.0051   0.0141  -0.0026  -0.0009  -0.0028   0.00    9.9
2046 358668.000   34.215461857  117.143889761    35.0055   1  11   0.0044    0.0038   0.0103  -0.0022  -0.0017  -0.0007   0.00    6.2
2046 358669.000   34.215487930  117.143921228    34.9724   1  10   0.0048    0.0040   0.0108  -0.0027  -0.0027   0.0023   0.00    6.6
2046 358670.000   34.215513843  117.143952425    34.6440   2  11   0.2588    0.2205   0.5594  -0.1333  -0.1000   0.1098   0.00    1.6
2046 358671.000   34.215540162  117.143984771    34.5762   2  11   0.2577    0.2203   0.5584  -0.1321  -0.0917   0.0983   0.00    1.7
2046 358672.000   34.215566818  117.144016848    34.4101   2  12   0.2563    0.2199   0.5555  -0.1305  -0.0856   0.0892   0.00    1.1
2046 358673.000   34.215596096  117.144048210    34.8303   1  11   0.0061    0.0059   0.0160  -0.0034   0.0046  -0.0045   0.00    4.1
2046 358674.000   34.215623412  117.144080450    34.7967   1  12   0.0061    0.0059   0.0160  -0.0034   0.0046  -0.0045   0.00   11.7
2046 358675.000   34.215650552  117.144112697    34.7743   1  12   0.0039    0.0036   0.0095  -0.0015  -0.0013   0.0010   0.00    5.3
2046 358676.000   34.215678030  117.144143568    34.7323   1  12   0.0061    0.0059   0.0160  -0.0034   0.0046  -0.0045   0.00   12.5
2046 358677.000   34.215704038  117.144173916    34.1417   2  11   0.2568    0.2212   0.5575  -0.1311  -0.0773   0.0859   0.00    1.2
2046 358678.000   34.215733146  117.144202701    34.1361   2  10   0.2576    0.2218   0.5594  -0.1320  -0.0778   0.0893   0.00    2.9
2046 358679.000   34.215764334  117.144230922    34.0907   2  10   0.2576    0.2221   0.5598  -0.1320  -0.0786   0.0929   0.00    1.9
2046 358680.000   34.215797172  117.144259346    34.1130   2  10   0.2584    0.2228   0.5622  -0.1329  -0.0791   0.0969   0.00    1.7
2046 358681.000   34.215831192  117.144286896    34.5845   1  10   0.0048    0.0040   0.0108  -0.0027  -0.0027   0.0023   0.00    4.7
2046 358682.000   34.215861930  117.144315561    34.5680   1  12   0.0039    0.0035   0.0093  -0.0014  -0.0019   0.0012   0.00    8.1
2046 358683.000   34.215891851  117.144344774    34.5407   1  11   0.0045    0.0039   0.0102  -0.0024  -0.0033   0.0033   0.00    4.1
2046 358684.000   34.215921565  117.144373737    34.5130   1  11   0.0045    0.0039   0.0102  -0.0024  -0.0033   0.0033   0.00   11.1
2046 358685.000   34.215951441  117.144401907    34.4892   1  10   0.0048    0.0040   0.0108  -0.0027  -0.0027   0.0023   0.00   12.3
2046 358686.000   34.215978929  117.144430980    33.8742   2  10   0.2582    0.2262   0.5671  -0.1333  -0.0353   0.0752   0.00    1.3
2046 358687.000   34.216008104  117.144459864    33.7905   2  11   0.2569    0.2271   0.5668  -0.1324   0.0327   0.0583   0.00    1.8
2046 358688.000   34.216037577  117.144488322    33.8321   2  11   0.2570    0.2279   0.5690  -0.1325   0.0441   0.0560   0.00    1.2
2046 358689.000   34.216066297  117.144515968    33.8149   2  10   0.2565    0.2292   0.5703  -0.1326   0.0628   0.0407   0.00    1.9
2046 358690.000   34.216093844  117.144542768    33.7296   2   9   0.2548    0.2331   0.5751  -0.1320   0.0968  -0.0355   0.00    1.8
2046 358691.000   34.216123230  117.144567167    34.3908   1  11   0.0059    0.0051   0.0141  -0.0026  -0.0007  -0.0029   0.00    4.3
2046 358692.000   34.216145554  117.144593256    33.6829   2  11   0.2537    0.2359   0.5773  -0.1322   0.1151  -0.0634   0.00    2.3
2046 358693.000   34.216170239  117.144616053    33.6512   2  12   0.2536    0.2365   0.5779  -0.1322   0.1178  -0.0670   0.00    2.9
2046 358694.000   34.216194228  117.144637068    33.6405   2  11   0.2537    0.2375   0.5792  -0.1327   0.1220  -0.0708   0.00    1.1
2046 358695.000   34.216217048  117.144657165    33.6590   2  10   0.2534    0.2403   0.5830  -0.1333   0.1322  -0.0735   0.00    1.0
2046 358696.000   34.216240940  117.144677958    33.6452   2  10   0.2536    0.2407   0.5833  -0.1335   0.1331  -0.0744   0.00    1.1
2046 358697.000   34.216266264  117.144700564    33.6106   2  11   0.2545    0.2410   0.5850  -0.1347   0.1351  -0.0793   0.00    1.4
2046 358698.000   34.216291737  117.144724282    33.6177   2  12   0.2545    0.2405   0.5840  -0.1342   0.1322  -0.0755   0.00    1.1
2046 358699.000   34.216318119  117.144748849    33.6032   2  13   0.2548    0.2405   0.5844  -0.1344   0.1315  -0.0739   0.00    1.2
2046 358700.000   34.216348466  117.144772284    34.1898   1  11   0.0073    0.0051   0.0142  -0.0029   0.0006  -0.0042   0.00    4.1
2046 358701.000   34.216371671  117.144798253    33.5636   2  12   0.2581    0.2422   0.5905  -0.1381   0.1339  -0.0734   0.00    1.2
2046 358702.000   34.216397543  117.144821574    33.6444   2  11   0.2602    0.2432   0.5950  -0.1402   0.1324  -0.0626   0.00    1.4
2046 358703.000   34.216423875  117.144845623    33.6450   2   9   0.2655    0.2463   0.5976  -0.1469   0.1305  -0.0517   0.00    1.1
2046 358704.000   34.216455158  117.144869839    34.0832   1   9   0.0069    0.0063   0.0171  -0.0043   0.0028  -0.0014   0.00    5.8
2046 358705.000   34.216484344  117.144895753    34.0588   1  10   0.0061    0.0059   0.0160  -0.0034   0.0047  -0.0046   0.00    7.0
2046 358706.000   34.216513189  117.144921523    34.0217   1   9   0.0062    0.0076   0.0214  -0.0042   0.0095  -0.0063   0.00    3.5
2046 358707.000   34.216539448  117.144948410    33.6930   2   8   0.2686    0.2541   0.6224  -0.1506   0.1542  -0.0225   0.00    1.0
2046 358708.000   34.216568719  117.144972701    33.9555   1   8   0.0069    0.0077   0.0238  -0.0046   0.0089  -0.0031   0.00    3.5
2046 358709.000   34.216595359  117.144998528    33.8992   1   9   0.0069    0.0063   0.0171  -0.0043   0.0029  -0.0014   0.00    3.4
2046 358710.000   34.216621694  117.145024169    33.8764   1  10   0.0041    0.0043   0.0118  -0.0018   0.0031   0.0025   0.00    3.8
2046 358711.000   34.216648226  117.145049351    33.8369   1  12   0.0069    0.0063   0.0170  -0.0043   0.0028  -0.0015   0.00    3.9
2046 358712.000   34.216674841  117.145074162    33.7827   1  11   0.0069    0.0063   0.0171  -0.0043   0.0028  -0.0014   0.00    4.4
2046 358713.000   34.216701447  117.145098878    33.7294   1  10   0.0069    0.0063   0.0171  -0.0043   0.0029  -0.0015   0.00    5.3
2046 358714.000   34.216727877  117.145123565    33.6980   1   9   0.0069    0.0063   0.0171  -0.0043   0.0029  -0.0015   0.00    4.3
2046 358715.000   34.216754244  117.145148125    33.6648   1   9   0.0049    0.0045   0.0121  -0.0031   0.0020  -0.0011   0.00    5.4
2046 358716.000   34.216780505  117.145172654    33.6325   1   9   0.0049    0.0045   0.0121  -0.0031   0.0020  -0.0011   0.00    3.7
2046 358717.000   34.216806702  117.145197310    33.5995   1  10   0.0048    0.0042   0.0113  -0.0028  -0.0016   0.0016   0.00    3.6
2046 358718.000   34.216833091  117.145222117    33.5753   1  10   0.0071    0.0067   0.0163  -0.0048   0.0056  -0.0057   0.00    3.0
2046 358719.000   34.216859673  117.145247035    33.5289   1   9   0.0071    0.0067   0.0163  -0.0048   0.0056  -0.0057   0.00    4.3
2046 358720.000   34.216885350  117.145273423    33.4609   2  10   0.2669    0.2479   0.6386  -0.1456   0.1437  -0.0506   0.00    1.2
2046 358721.000   34.216913519  117.145297216    33.4134   1  11   0.0042    0.0036   0.0100  -0.0018  -0.0003  -0.0021   0.00   11.9
2046 358722.000   34.216941158  117.145321922    33.3955   1  11   0.0042    0.0036   0.0100  -0.0018  -0.0003  -0.0021   0.00    4.0
2046 358723.000   34.216968938  117.145346412    33.3570   1  11   0.0042    0.0036   0.0100  -0.0018  -0.0002  -0.0021   0.00    8.0
2046 358724.000   34.216996404  117.145371473    33.3149   1  11   0.0042    0.0036   0.0100  -0.0018  -0.0003  -0.0021   0.00   10.7
2046 358725.000   34.217022318  117.145398597    33.2427   2  11   0.2664    0.2486   0.6502  -0.1437   0.1477  -0.0637   0.00    2.6
2046 358726.000   34.217050761  117.145423689    33.2427   1  11   0.0061    0.0059   0.0160  -0.0034   0.0047  -0.0046   0.00    5.3
2046 358727.000   34.217077705  117.145449930    33.2077   1  10   0.0043    0.0042   0.0113  -0.0024   0.0033  -0.0033   0.00    7.0
2046 358728.000   34.217104357  117.145476146    33.1602   1   8   0.0049    0.0054   0.0168  -0.0032   0.0064  -0.0023   0.00    3.7
2046 358729.000   34.217130968  117.145502009    33.1324   1   8   0.0069    0.0077   0.0238  -0.0045   0.0090  -0.0032   0.00    3.6
2046 358730.000   34.217158521  117.145526793    33.0958   1  11   0.0069    0.0077   0.0238  -0.0045   0.0090  -0.0032   0.00    3.8
2046 358731.000   34.217187005  117.145551529    33.0508   2  10   0.2684    0.2594   0.6949  -0.1461   0.1857  -0.0782   0.00    2.6
2046 358732.000   34.217217617  117.145572931    33.0367   2   9   0.2682    0.2605   0.7013  -0.1457   0.1895  -0.0810   0.00    2.3
2046 358733.000   34.217248636  117.145594177    33.0243   2   9   0.2680    0.2650   0.7167  -0.1471   0.2060  -0.0936   0.00    2.4
2046 358734.000   34.217280651  117.145616215    32.9785   2   9   0.2674    0.2658   0.7216  -0.1466   0.2090  -0.0997   0.00    1.9
2046 358735.000   34.217313496  117.145637349    32.8847   1   9   0.0062    0.0076   0.0215  -0.0042   0.0096  -0.0064   0.00    4.3
2046 358736.000   34.217343285  117.145662013    32.9643   2   9   0.2660    0.2723   0.7505  -0.1462   0.2353  -0.1157   0.00    2.7
2046 358737.000   34.217374641  117.145684237    32.9477   2   9   0.2658    0.2738   0.7605  -0.1460   0.2419  -0.1213   0.00    1.5
2046 358738.000   34.217406184  117.145704904    32.9265   2   9   0.2656    0.2733   0.7654  -0.1453   0.2425  -0.1251   0.00    2.9
2046 358739.000   34.217439089  117.145722529    32.7103   1   9   0.0062    0.0076   0.0215  -0.0042   0.0096  -0.0064   0.00    3.8
2046 358740.000   34.217469110  117.145744831    32.8133   2   9   0.2648    0.2729   0.7820  -0.1425   0.2480  -0.1270   0.00    1.7
2046 358741.000   34.217501721  117.145762384    32.7037   1  10   0.0059    0.0056   0.0157  -0.0026   0.0039  -0.0032   0.00    3.2
2046 358742.000   34.217531968  117.145784088    32.9583   2   7   0.2674    0.2696   0.8457  -0.1420   0.2486  -0.1565   0.00    0.0
2046 358743.000   34.217563547  117.145803062    32.8642   2   7   0.2677    0.2691   0.8772  -0.1415   0.2555  -0.1798   0.00    0.0
2046 358744.000   34.217595066  117.145821544    32.9338   2   7   0.2675    0.2650   0.8731  -0.1384   0.2431  -0.1839   0.00    0.0
2046 358745.000   34.217626383  117.145839725    32.9505   2   7   0.2669    0.2618   0.8522  -0.1355   0.2304  -0.1838   0.00    0.0
2046 358746.000   34.217658212  117.145857481    33.0437   2   7   0.2663    0.2577   0.8059  -0.1329   0.2102  -0.1798   0.00    0.0
2046 358747.000   34.217692701  117.145871392    32.4717   1  11   0.0063    0.0055   0.0143  -0.0033  -0.0045   0.0045   0.00    4.3
2046 358748.000   34.217724174  117.145890851    32.8572   2   9   0.2615    0.2505   0.7033  -0.1243   0.1707  -0.1594   0.00    0.0
2046 358749.000   34.217759970  117.145903398    32.3822   1  11   0.0055    0.0052   0.0140  -0.0017   0.0011   0.0023   0.00    5.4
2046 358750.000   34.217793583  117.145917841    32.3729   1  10   0.0059    0.0056   0.0157  -0.0026   0.0039  -0.0032   0.00    7.5
2046 358751.000   34.217824309  117.145934410    32.7400   2  10   0.2592    0.2488   0.6792  -0.1237   0.1730  -0.1818   0.00    0.0
2046 358752.000   34.217858792  117.145943501    32.3363   1  10   0.0059    0.0056   0.0157  -0.0026   0.0039  -0.0032   0.00    8.0
2046 358753.000   34.217890418  117.145958956    32.7208   2  10   0.2580    0.2477   0.6614  -0.1236   0.1679  -0.1905   0.00    1.8
2046 358754.000   34.217927023  117.145967656    32.3168   1  11   0.0042    0.0036   0.0100  -0.0018   0.0004  -0.0022   0.00   11.3
2046 358755.000   34.217960842  117.145978698    32.2995   1  11   0.0042    0.0036   0.0100  -0.0018   0.0004  -0.0022   0.00    5.9
2046 358756.000   34.217993837  117.145988443    32.2876   1  10   0.0043    0.0040   0.0120  -0.0017   0.0024  -0.0032   0.00    7.5
2046 358757.000   34.218023404  117.146001303    32.6225   2  11   0.2556    0.2472   0.6395  -0.1215   0.1712  -0.2087   0.00    1.8
2046 358758.000   34.218056853  117.146007208    32.2942   1  11   0.0043    0.0038   0.0111  -0.0017   0.0010  -0.0030   0.00    8.4
2046 358759.000   34.218088976  117.146016978    32.3021   1  12   0.0043    0.0037   0.0106  -0.0016  -0.0014  -0.0030   0.00    8.3
2046 358760.000   34.218120048  117.146026376    32.3073   1  12   0.0044    0.0039   0.0113  -0.0019   0.0017  -0.0035   0.00    7.2
2046 358761.000   34.218150976  117.146035030    32.3118   1  13   0.0059    0.0051   0.0141  -0.0026   0.0006  -0.0031   0.00    5.1
2046 358762.000   34.218182324  117.146042996    32.3121   1  11   0.0047    0.0039   0.0124  -0.0017  -0.0007  -0.0045   0.00    3.2
2046 358763.000   34.218213832  117.146050653    32.3133   1  12   0.0064    0.0053   0.0164  -0.0018  -0.0033  -0.0056   0.00    3.8
2046 358764.000   34.218245382  117.146057947    32.3059   1  10   0.0049    0.0042   0.0139  -0.0022   0.0030  -0.0054   0.00    5.4
2046 358765.000   34.218274111  117.146068082    32.5392   2  12   0.2608    0.2559   0.6315  -0.1261   0.1959  -0.2508   0.00    2.6
2046 358766.000   34.218309012  117.146070251    32.3275   1  11   0.0077    0.0080   0.0308  -0.0054   0.0121  -0.0119   0.00    3.2
2046 358767.000   34.218337990  117.146078432    32.5117   2  12   0.2628    0.2630   0.6379  -0.1327   0.2116  -0.2592   0.00    1.0
2046 358768.000   34.218369894  117.146082987    32.5036   2  11   0.2639    0.2675   0.6434  -0.1365   0.2224  -0.2648   0.00    2.2
2046 358769.000   34.218401821  117.146087074    32.5418   2   9   0.2671    0.2705   0.6513  -0.1400   0.2297  -0.2729   0.00    2.9
2046 358770.000   34.218433845  117.146090612    32.5358   2   9   0.2700    0.2730   0.6582  -0.1426   0.2361  -0.2811   0.00    2.4
2046 358771.000   34.218469200  117.146090287    32.3490   1   9   0.0078    0.0080   0.0308  -0.0054   0.0121  -0.0120   0.00    3.4
2046 358772.000   34.218501878  117.146092856    32.3520   1  10   0.0063    0.0077   0.0215  -0.0042   0.0096  -0.0065   0.00    3.2
2046 358773.000   34.218531390  117.146098569    32.5260   2  11   0.2706    0.2783   0.6588  -0.1466   0.2501  -0.2880   0.00    2.6
2046 358774.000   34.218566512  117.146097787    32.3766   1  10   0.0078    0.0080   0.0308  -0.0054   0.0121  -0.0120   0.00    3.4
2046 358775.000   34.218596132  117.146102970    32.5318   2  10   0.2718    0.2804   0.6616  -0.1471   0.2546  -0.2921   0.00    2.8
2046 358776.000   34.218630161  117.146104147    32.5226   2  10   0.2714    0.2810   0.6611  -0.1465   0.2556  -0.2919   0.00    2.7
2046 358777.000   34.218664512  117.146104780    32.5351   2  11   0.2701    0.2813   0.6582  -0.1454   0.2561  -0.2902   0.00    1.1
2046 358778.000   34.218698868  117.146105159    32.5521   2  10   0.2693    0.2814   0.6565  -0.1436   0.2554  -0.2888   0.00    1.3
2046 358779.000   34.218734284  117.146106498    32.5539   2  10   0.2674    0.2811   0.6527  -0.1413   0.2537  -0.2853   0.00    3.0
2046 358780.000   34.218771971  117.146110423    32.5423   2  10   0.2638    0.2800   0.6419  -0.1365   0.2482  -0.2760   0.00    2.4
2046 358781.000   34.218811529  117.146115432    32.4954   2  11   0.2625    0.2785   0.6361  -0.1331   0.2434  -0.2727   0.00    1.1
2046 358782.000   34.218854848  117.146117526    32.3992   1  11   0.0044    0.0054   0.0152  -0.0030   0.0068  -0.0046   0.00    3.9
2046 358783.000   34.218895491  117.146121845    32.3991   1  10   0.0044    0.0054   0.0152  -0.0030   0.0068  -0.0046   0.00    3.7
2046 358784.000   34.218936397  117.146124883    32.4002   1  10   0.0044    0.0054   0.0152  -0.0030   0.0068  -0.0046   0.00    3.7
2046 358785.000   34.218977287  117.146126649    32.4101   1  11   0.0044    0.0054   0.0152  -0.0030   0.0068  -0.0046   0.00    3.8
2046 358786.000   34.219017708  117.146127905    32.4268   1  10   0.0078    0.0081   0.0309  -0.0054   0.0121  -0.0120   0.00    3.4
2046 358787.000   34.219054576  117.146131331    32.5407   2   9   0.2550    0.2658   0.6077  -0.0978   0.2042  -0.2514   0.00    1.2
2046 358788.000   34.219095386  117.146132756    32.4604   2  12   0.2483    0.2626   0.5925  -0.0858   0.1924  -0.2353   0.00    1.1
2046 358789.000   34.219135476  117.146134546    32.4651   2  10   0.2453    0.2616   0.5869  -0.0791   0.1865  -0.2278   0.00    1.2
2046 358790.000   34.219178119  117.146134528    32.4673   1   9   0.0073    0.0064   0.0218  -0.0040  -0.0021  -0.0062   0.00    5.1
2046 358791.000   34.219215009  117.146138137    32.5573   2   9   0.2322    0.2559   0.5673  -0.0397   0.1676  -0.1984   0.00    1.1
2046 358792.000   34.219251742  117.146137951    31.8674   1   9   0.0064    0.0064   0.0213  -0.0028  -0.0025   0.0043   0.00    3.0
2046 358793.000   34.219288823  117.146132150    32.5732   2  11   0.2196    0.2482   0.5455   0.0551   0.1477  -0.1690   0.00    1.4
2046 358794.000   34.219326599  117.146122399    32.4983   1  10   0.0058    0.0061   0.0179  -0.0015   0.0040  -0.0037   0.00    4.4
2046 358795.000   34.219358340  117.146113171    32.6252   2  10   0.2164    0.2453   0.5393   0.0680   0.1457  -0.1591   0.00    1.1
2046 358796.000   34.219392360  117.146100092    32.6061   2  11   0.2140    0.2435   0.5330   0.0726   0.1473  -0.1530   0.00    1.1
2046 358797.000   34.219428865  117.146083248    32.5616   1  12   0.0055    0.0060   0.0158  -0.0020   0.0049   0.0012   0.00    9.9
2046 358798.000   34.219458480  117.146068927    32.6487   2  12   0.2107    0.2403   0.5259   0.0813   0.1456  -0.1419   0.00    1.2
2046 358799.000   34.219492504  117.146051835    32.6040   1  11   0.0055    0.0060   0.0158  -0.0020   0.0049   0.0012   0.00    9.7
2046 358800.000   34.219523930  117.146035678    32.6275   1  11   0.0055    0.0060   0.0158  -0.0020   0.0049   0.0012   0.00    5.6
2046 358801.000   34.219554612  117.146018390    32.6268   1  11   0.0055    0.0060   0.0158  -0.0020   0.0049   0.0013   0.00    3.0
2046 358802.000   34.219584901  117.145999846    32.6378   1   7   0.0101    0.0113   0.0183   0.0087   0.0032  -0.0044   0.00    3.5
2046 358803.000   34.219613618  117.145979005    32.6818   2   9   0.1932    0.2169   0.5095   0.0764   0.1487  -0.1154   0.00    1.3
2046 358804.000   34.219646221  117.145953096    32.6533   1   9   0.0064    0.0070   0.0182   0.0028   0.0052  -0.0021   0.00    6.2
2046 358805.000   34.219674775  117.145927054    32.6825   1   8   0.0064    0.0070   0.0182   0.0028   0.0052  -0.0021   0.00    6.2
2046 358806.000   34.219701256  117.145899517    32.7033   1   9   0.0064    0.0070   0.0182   0.0027   0.0052  -0.0021   0.00    4.4
2046 358807.000   34.219726487  117.145871636    32.7274   1  10   0.0058    0.0061   0.0180  -0.0015   0.0040  -0.0037   0.00    6.8
2046 358808.000   34.219749890  117.145845530    32.7639   1   9   0.0078    0.0081   0.0309  -0.0054   0.0122  -0.0120   0.00    3.2
2046 358809.000   34.219773045  117.145817174    32.9929   2  10   0.1365    0.1493   0.4367  -0.0468   0.1460  -0.1388   0.00    1.3
2046 358810.000   34.219796579  117.145785742    32.8374   1   9   0.0078    0.0081   0.0309  -0.0054   0.0122  -0.0120   0.00   10.3
2046 358811.000   34.219814896  117.145755080    33.1598   2  10   0.1056    0.1139   0.3905  -0.0665   0.1570  -0.1529   0.00    1.1
2046 358812.000   34.219833756  117.145722035    32.9326   1   8   0.0078    0.0081   0.0311  -0.0055   0.0123  -0.0121   0.00    8.9
2046 358813.000   34.219850899  117.145687498    33.0642   1  10   0.0055    0.0060   0.0158  -0.0020   0.0050   0.0012   0.00    3.9
2046 358814.000   34.219867434  117.145651274    33.0922   1   9   0.0058    0.0061   0.0179  -0.0015   0.0041  -0.0037   0.00    3.6
2046 358815.000   34.219882595  117.145613855    33.1028   1   8   0.0078    0.0081   0.0311  -0.0055   0.0123  -0.0121   0.00    8.5
2046 358816.000   34.219895850  117.145575965    33.1986   1   9   0.0078    0.0081   0.0311  -0.0055   0.0123  -0.0121   0.00   40.3
2046 358817.000   34.219907840  117.145537737    33.2653   1   8   0.0078    0.0081   0.0311  -0.0055   0.0123  -0.0121   0.00    4.1
2046 358818.000   34.219918698  117.145499021    33.3338   1   9   0.0058    0.0061   0.0179  -0.0015   0.0041  -0.0037   0.00   83.7
2046 358819.000   34.219928444  117.145459729    33.3557   1   9   0.0058    0.0061   0.0179  -0.0015   0.0041  -0.0037   0.00    7.8
2046 358820.000   34.219936637  117.145420594    33.4216   1   8   0.0078    0.0081   0.0311  -0.0055   0.0123  -0.0121   0.00    3.8
2046 358821.000   34.219944407  117.145381072    33.4587   1   7   0.0078    0.0081   0.0407  -0.0055   0.0130  -0.0118   0.00    6.1
2046 358822.000   34.219952269  117.145340658    33.5269   1   7   0.0078    0.0081   0.0407  -0.0055   0.0130  -0.0118   0.00   11.3
2046 358823.000   34.219959942  117.145300158    33.5851   1   8   0.0068    0.0078   0.0240  -0.0045   0.0093  -0.0038   0.00    6.9
2046 358824.000   34.219967551  117.145259736    33.6523   1   7   0.0078    0.0082   0.0407  -0.0055   0.0130  -0.0118   0.00    9.5
2046 358825.000   34.219975068  117.145219722    33.7073   1   9   0.0069    0.0060   0.0197  -0.0032   0.0044  -0.0078   0.00   13.4
2046 358826.000   34.219982132  117.145179859    33.7917   1   9   0.0063    0.0062   0.0175  -0.0030  -0.0052   0.0026   0.00   13.0
2046 358827.000   34.219989088  117.145140370    33.7936   1   8   0.0073    0.0064   0.0218  -0.0039  -0.0016  -0.0063   0.00    8.9
2046 358828.000   34.219995642  117.145102906    33.8949   1   8   0.0073    0.0064   0.0218  -0.0039  -0.0016  -0.0063   0.00   12.1
2046 358829.000   34.220001809  117.145066444    33.9801   1   8   0.0073    0.0064   0.0218  -0.0039  -0.0016  -0.0063   0.00    9.0
2046 358830.000   34.220008328  117.145028837    34.0243   1   9   0.0068    0.0063   0.0171  -0.0043   0.0034  -0.0024   0.00   17.2
2046 358831.000   34.220014962  117.144990574    34.0704   1   9   0.0069    0.0060   0.0197  -0.0032   0.0045  -0.0078   0.00    7.0
2046 358832.000   34.220022131  117.144952065    34.1132   1   9   0.0063    0.0077   0.0216  -0.0043   0.0098  -0.0066   0.00   10.7
2046 358833.000   34.220029181  117.144913196    34.2096   1   8   0.0068    0.0078   0.0240  -0.0045   0.0093  -0.0038   0.00   17.3
2046 358834.000   34.220035968  117.144874255    34.2435   1   7   0.0078    0.0082   0.0408  -0.0055   0.0131  -0.0118   0.00   11.0
2046 358835.000   34.220042614  117.144835260    34.3058   1   7   0.0078    0.0082   0.0408  -0.0055   0.0131  -0.0118   0.00    4.7
2046 358836.000   34.220049591  117.144795715    34.3685   1   7   0.0078    0.0082   0.0408  -0.0055   0.0131  -0.0119   0.00    5.6
2046 358837.000   34.220056996  117.144756199    34.4015   1   8   0.0073    0.0064   0.0218  -0.0039  -0.0014  -0.0063   0.00    7.5
2046 358838.000   34.220064017  117.144717377    34.5031   1   8   0.0073    0.0064   0.0218  -0.0039  -0.0014  -0.0063   0.00    5.5
2046 358839.000   34.220070703  117.144679182    34.5407   1   7   0.0078    0.0082   0.0408  -0.0055   0.0132  -0.0119   0.00    6.0
2046 358840.000   34.220077792  117.144640532    34.6242   1   9   0.0073    0.0064   0.0218  -0.0039  -0.0013  -0.0063   0.00   11.6
2046 358841.000   34.220085204  117.144601864    34.6898   1   8   0.0078    0.0082   0.0408  -0.0055   0.0132  -0.0119   0.00   76.1
2046 358842.000   34.220093261  117.144562533    34.7042   1   8   0.0078    0.0081   0.0401  -0.0054   0.0128  -0.0117   0.00    9.1
2046 358843.000   34.220101502  117.144522533    34.7344   1  10   0.0069    0.0061   0.0215  -0.0032  -0.0040  -0.0037   0.00    6.9
2046 358844.000   34.220109007  117.144484097    34.7799   1   9   0.0065    0.0057   0.0187  -0.0022   0.0028  -0.0063   0.00    6.4
2046 358845.000   34.220116637  117.144447142    34.8420   1   9   0.0065    0.0057   0.0187  -0.0022   0.0028  -0.0063   0.00   11.3
2046 358846.000   34.220124989  117.144410133    34.9191   1   9   0.0065    0.0057   0.0187  -0.0022   0.0028  -0.0063   0.00   26.5
2046 358847.000   34.220134333  117.144373013    34.9637   1   9   0.0065    0.0057   0.0187  -0.0022   0.0028  -0.0063   0.00   12.9
2046 358848.000   34.220144692  117.144335728    35.0366   1  11   0.0063    0.0059   0.0162  -0.0028  -0.0061   0.0031   0.00   12.5
2046 358849.000   34.220155933  117.144299198    35.0656   1  11   0.0063    0.0059   0.0162  -0.0028  -0.0061   0.0032   0.00   31.0
2046 358850.000   34.220167429  117.144263803    35.1104   1  11   0.0057    0.0052   0.0144  -0.0008  -0.0041  -0.0031   0.00   42.2
2046 358851.000   34.220178754  117.144228402    35.1565   1  11   0.0040    0.0037   0.0102  -0.0006  -0.0029  -0.0022   0.00    6.3
2046 358852.000   34.220190537  117.144194543    35.1857   1  11   0.0040    0.0037   0.0102  -0.0006  -0.0029  -0.0022   0.00    7.6
2046 358853.000   34.220205346  117.144166226    35.2329   1  11   0.0040    0.0037   0.0102  -0.0006  -0.0029  -0.0022   0.00    9.0
2046 358854.000   34.220224920  117.144143291    35.2760   1  11   0.0040    0.0037   0.0102  -0.0006  -0.0029  -0.0022   0.00    3.9
2046 358855.000   34.220247623  117.144126153    35.3739   1  11   0.0040    0.0037   0.0102  -0.0006  -0.0029  -0.0022   0.00    8.5
2046 358856.000   34.220274159  117.144113583    35.4469   1  11   0.0040    0.0037   0.0102  -0.0006  -0.0029  -0.0022   0.00   11.4
2046 358857.000   34.220300747  117.144106381    35.4958   1  12   0.0040    0.0037   0.0102  -0.0006  -0.0029  -0.0022   0.00    7.9
2046 358858.000   34.220327908  117.144105684    35.5280   1  11   0.0040    0.0037   0.0102  -0.0006  -0.0029  -0.0022   0.00    8.5
2046 358859.000   34.220357467  117.144110187    35.5458   1  11   0.0040    0.0037   0.0102  -0.0006  -0.0029  -0.0022   0.00   12.2
2046 358860.000   34.220388755  117.144117233    35.5638   1  11   0.0040    0.0037   0.0102  -0.0006  -0.0029  -0.0022   0.00   11.6
2046 358861.000   34.220421590  117.144124370    35.5968   1  13   0.0038    0.0035   0.0091  -0.0013  -0.0018   0.0006   0.00    6.8
2046 358862.000   34.220455435  117.144132497    35.5938   1  13   0.0038    0.0035   0.0091  -0.0013  -0.0018   0.0006   0.00   15.7
2046 358863.000   34.220488120  117.144141691    35.5831   1  13   0.0054    0.0050   0.0129  -0.0019  -0.0025   0.0008   0.00    4.2
2046 358864.000   34.220520207  117.144151137    35.5721   1  12   0.0044    0.0038   0.0100  -0.0022  -0.0030   0.0029   0.00   12.0
2046 358865.000   34.220551609  117.144160097    35.6070   1  12   0.0044    0.0038   0.0100  -0.0022  -0.0030   0.0029   0.00    9.2
2046 358866.000   34.220583102  117.144168335    35.6196   1  12   0.0044    0.0038   0.0100  -0.0022  -0.0030   0.0029   0.00    8.9
2046 358867.000   34.220615356  117.144176654    35.6157   1  13   0.0038    0.0035   0.0091  -0.0013  -0.0017   0.0006   0.00    9.5
2046 358868.000   34.220646656  117.144185608    35.6049   1  13   0.0038    0.0035   0.0091  -0.0013  -0.0017   0.0006   0.00    8.3
2046 358869.000   34.220677259  117.144195046    35.5886   1  13   0.0038    0.0035   0.0091  -0.0013  -0.0017   0.0006   0.00    7.7
2046 358870.000   34.220707599  117.144203474    35.5421   1  13   0.0038    0.0035   0.0091  -0.0013  -0.0017   0.0006   0.00    7.8
2046 358871.000   34.220737102  117.144209980    35.5264   1  13   0.0038    0.0035   0.0091  -0.0013  -0.0017   0.0006   0.00   10.1
2046 358872.000   34.220766031  117.144213596    35.5134   1  13   0.0038    0.0035   0.0091  -0.0013  -0.0017   0.0006   0.00    9.7
2046 358873.000   34.220794297  117.144209235    35.4861   1  13   0.0038    0.0035   0.0091  -0.0013  -0.0017   0.0005   0.00   10.0
2046 358874.000   34.220817353  117.144191742    35.4659   1  13   0.0038    0.0035   0.0091  -0.0013  -0.0017   0.0005   0.00    9.9
2046 358875.000   34.220828381  117.144164129    35.4605   1  13   0.0038    0.0035   0.0091  -0.0013  -0.0017   0.0006   0.00    7.6
2046 358876.000   34.220827921  117.144132369    35.4763   1  13   0.0038    0.0035   0.0091  -0.0013  -0.0017   0.0005   0.00    5.5
2046 358877.000   34.220818885  117.144104336    35.4849   1  13   0.0038    0.0035   0.0091  -0.0013  -0.0017   0.0005   0.00    8.8
2046 358878.000   34.220805127  117.144078443    35.4877   1  13   0.0038    0.0035   0.0091  -0.0013  -0.0017   0.0005   0.00   13.7
2046 358879.000   34.220786754  117.144056167    35.5041   1  13   0.0038    0.0035   0.0091  -0.0013  -0.0017   0.0005   0.00    9.7
2046 358880.000   34.220764902  117.144037454    35.5332   1  13   0.0038    0.0035   0.0091  -0.0013  -0.0017   0.0005   0.00   12.9
2046 358881.000   34.220739726  117.144021585    35.5247   1  12   0.0042    0.0037   0.0099  -0.0018   0.0010  -0.0024   0.00   10.9
2046 358882.000   34.220711528  117.144007302    35.5149   1  11   0.0042    0.0037   0.0099  -0.0018   0.0010  -0.0024   0.00    8.7
2046 358883.000   34.220682550  117.143995199    35.5225   1  11   0.0042    0.0037   0.0099  -0.0018   0.0010  -0.0024   0.00    8.9
2046 358884.000   34.220652840  117.143986027    35.5324   1  11   0.0042    0.0037   0.0099  -0.0018   0.0010  -0.0024   0.00   54.9
2046 358885.000   34.220622664  117.143979184    35.5404   1  13   0.0038    0.0035   0.0091  -0.0013  -0.0017   0.0005   0.00   41.4
2046 358886.000   34.220592403  117.143973904    35.5542   1  12   0.0038    0.0037   0.0098  -0.0011   0.0011   0.0013   0.00   32.1
2046 358887.000   34.220562708  117.143969591    35.5772   1  12   0.0038    0.0037   0.0098  -0.0011   0.0011   0.0013   0.00   11.9
2046 358888.000   34.220533542  117.143965374    35.5700   1  11   0.0039    0.0043   0.0111  -0.0014   0.0035   0.0005   0.00   22.3
2046 358889.000   34.220504182  117.143961764    35.5945   1  12   0.0038    0.0037   0.0098  -0.0011   0.0011   0.0013   0.00   10.8
2046 358890.000   34.220475126  117.143958543    35.5905   1  10   0.0044    0.0055   0.0153  -0.0031   0.0070  -0.0048   0.00   35.5
2046 358891.000   34.220446521  117.143955046    35.6481   1  13   0.0038    0.0035   0.0091  -0.0013  -0.0017   0.0004   0.00    4.1
2046 358892.000   34.220418200  117.143950712    35.6464   1  11   0.0043    0.0042   0.0113  -0.0024   0.0036  -0.0035   0.00   10.8
2046 358893.000   34.220390088  117.143946253    35.6524   1  11   0.0043    0.0042   0.0113  -0.0024   0.0036  -0.0035   0.00   16.1
2046 358894.000   34.220363261  117.143942094    35.6509   1  11   0.0043    0.0042   0.0113  -0.0024   0.0036  -0.0035   0.00   32.8
2046 358895.000   34.220335826  117.143938453    35.6312   1  11   0.0043    0.0042   0.0113  -0.0024   0.0036  -0.0035   0.00   32.2
2046 358896.000   34.220308582  117.143937005    35.6297   1  11   0.0043    0.0042   0.0113  -0.0024   0.0036  -0.0035   0.00   21.4
2046 358897.000   34.220281994  117.143939800    35.6211   1  13   0.0038    0.0035   0.0091  -0.0013  -0.0017   0.0004   0.00   20.4
2046 358898.000   34.220256600  117.143947969    35.5706   1  13   0.0038    0.0035   0.0091  -0.0013  -0.0017   0.0004   0.00   13.6
2046 358899.000   34.220232891  117.143959682    35.5572   1  13   0.0038    0.0035   0.0091  -0.0013  -0.0017   0.0004   0.00   22.0
2046 358900.000   34.220209101  117.143973300    35.5166   1  13   0.0038    0.0035   0.0091  -0.0013  -0.0017   0.0004   0.00   31.5
2046 358901.000   34.220184426  117.143987436    35.4785   1  12   0.0038    0.0035   0.0091  -0.0013  -0.0017   0.0005   0.00   24.6
2046 358902.000   34.220159322  117.144000925    35.4377   1  12   0.0038    0.0035   0.0091  -0.0013  -0.0017   0.0005   0.00   25.2
2046 358903.000   34.220134344  117.144013087    35.4043   1  12   0.0038    0.0035   0.0091  -0.0013  -0.0017   0.0004   0.00   30.8
2046 358904.000   34.220110052  117.144023876    35.3983   1  12   0.0038    0.0035   0.0091  -0.0013  -0.0017   0.0004   0.00   38.0
2046 358905.000   34.220084458  117.144036598    35.3983   1  12   0.0038    0.0035   0.0091  -0.0013  -0.0017   0.0004   0.00   27.2
2046 358906.000   34.220059037  117.144050210    35.4225   1  12   0.0038    0.0035   0.0091  -0.0013  -0.0017   0.0004   0.00   19.8
2046 358907.000   34.220032695  117.144061761    35.4345   1  12   0.0038    0.0035   0.0091  -0.0013  -0.0017   0.0004   0.00   19.4
2046 358908.000   34.220005616  117.144070608    35.4568   1  12   0.0038    0.0035   0.0091  -0.0013  -0.0017   0.0004   0.00   31.4
2046 358909.000   34.219978289  117.144075622    35.5210   1  11   0.0038    0.0037   0.0098  -0.0011   0.0011   0.0013   0.00   25.9
2046 358910.000   34.219950774  117.144076400    35.5655   1  10   0.0044    0.0039   0.0109  -0.0020  -0.0023   0.0035   0.00   77.1
2046 358911.000   34.219922419  117.144073747    35.6231   1  11   0.0044    0.0038   0.0100  -0.0022  -0.0030   0.0029   0.00   66.4
2046 358912.000   34.219894496  117.144068747    35.6946   1  10   0.0044    0.0039   0.0109  -0.0020  -0.0023   0.0035   0.00   49.9
2046 358913.000   34.219867108  117.144062303    35.7913   1  10   0.0044    0.0039   0.0109  -0.0020  -0.0023   0.0035   0.00   43.6
2046 358914.000   34.219839291  117.144054233    35.8918   1  11   0.0049    0.0042   0.0101  -0.0030  -0.0034   0.0034   0.00   29.8
2046 358915.000   34.219810744  117.144045030    35.9893   1  10   0.0050    0.0043   0.0111  -0.0029  -0.0029   0.0041   0.00   34.1
2046 358916.000   34.219782216  117.144034665    36.0599   1  10   0.0050    0.0044   0.0118  -0.0028  -0.0021   0.0043   0.00   34.7
2046 358917.000   34.219754370  117.144022473    36.1112   1  10   0.0088    0.0074   0.0186  -0.0057  -0.0031   0.0078   0.00    5.9
2046 358918.000   34.219727259  117.144008358    36.1498   1   9   0.0050    0.0047   0.0127  -0.0028   0.0018   0.0043   0.00   12.3
2046 358919.000   34.219700782  117.143991246    36.1976   1   9   0.0050    0.0047   0.0127  -0.0028   0.0018   0.0043   0.00    5.3
2046 358920.000   34.219676170  117.143971299    36.2380   1   9   0.0088    0.0074   0.0186  -0.0057  -0.0031   0.0078   0.00   10.5
2046 358921.000   34.219653906  117.143948431    36.2467   1   9   0.0088    0.0074   0.0187  -0.0057  -0.0032   0.0078   0.00    5.9
2046 358922.000   34.219633438  117.143923466    36.2591   1   8   0.0062    0.0053   0.0132  -0.0041  -0.0022   0.0055   0.00    5.5
2046 358923.000   34.219616957  117.143895668    36.2723   1   8   0.0062    0.0053   0.0132  -0.0041  -0.0022   0.0055   0.00   11.1
2046 358924.000   34.219606666  117.143865649    36.2574   2   8   0.1938    0.1582   0.4353  -0.0911   0.0534   0.1892   0.00    3.0
2046 358925.000   34.219603876  117.143835294    36.2550   2   8   0.1919    0.1615   0.4437  -0.0913   0.0729   0.1814   0.00    1.3
2046 358926.000   34.219607080  117.143804993    36.2603   2   8   0.1843    0.1628   0.4475  -0.0882   0.0922   0.1661   0.00    2.2
2046 358927.000   34.219616374  117.143774281    36.2674   2   9   0.1701    0.1621   0.4467  -0.0809   0.1116   0.1407   0.00    2.4
2046 358928.000   34.219631202  117.143747380    36.2803   1   9   0.0044    0.0044   0.0125  -0.0020   0.0026   0.0036   0.00   12.1
2046 358929.000   34.219650616  117.143725180    36.2478   2   8   0.1411    0.1592   0.3767  -0.0726   0.1496   0.1226   0.00    2.2
2046 358930.000   34.219675229  117.143708157    36.2466   1   8   0.0079    0.0084   0.0415  -0.0057   0.0139  -0.0125   0.00    3.2
2046 358931.000   34.219699845  117.143698679    36.3594   1   9   0.0093    0.0187   0.0775  -0.0107   0.0359  -0.0219   0.00    3.5
2046 358932.000   34.219728780  117.143694490    36.2797   1   9   0.0046    0.0053   0.0162  -0.0022   0.0052   0.0017   0.00    3.9
2046 358933.000   34.219758570  117.143697291    36.2413   1  10   0.0043    0.0052   0.0151  -0.0020   0.0056  -0.0025   0.00   21.1
2046 358934.000   34.219787543  117.143705254    36.2307   1  10   0.0043    0.0052   0.0151  -0.0020   0.0056  -0.0025   0.00   66.7
2046 358935.000   34.219815579  117.143716828    36.2115   1  10   0.0041    0.0043   0.0124  -0.0015   0.0029   0.0015   0.00   27.3
2046 358936.000   34.219842359  117.143732008    36.1815   1  10   0.0041    0.0043   0.0124  -0.0015   0.0029   0.0015   0.00    5.2
2046 358937.000   34.219867829  117.143749821    36.1436   1  10   0.0038    0.0043   0.0111  -0.0013   0.0036   0.0004   0.00    5.7
2046 358938.000   34.219891736  117.143770240    36.1119   1  10   0.0038    0.0043   0.0111  -0.0013   0.0036   0.0004   0.00    5.9
2046 358939.000   34.219914707  117.143793067    36.0368   1  10   0.0039    0.0043   0.0111  -0.0013   0.0036   0.0004   0.00    9.2
2046 358940.000   34.219937549  117.143816683    35.9700   1  11   0.0038    0.0037   0.0098  -0.0011   0.0011   0.0012   0.00    9.9
2046 358941.000   34.219959969  117.143840323    35.9167   1  11   0.0038    0.0037   0.0098  -0.0011   0.0011   0.0012   0.00    6.7
2046 358942.000   34.219981827  117.143863975    35.8613   1  11   0.0038    0.0037   0.0098  -0.0011   0.0011   0.0012   0.00    8.1
2046 358943.000   34.220003093  117.143887481    35.8116   1  11   0.0038    0.0037   0.0098  -0.0011   0.0011   0.0012   0.00   12.6
2046 358944.000   34.220024419  117.143910716    35.7361   1  11   0.0038    0.0037   0.0098  -0.0011   0.0011   0.0012   0.00   16.9
2046 358945.000   34.220046744  117.143932399    35.6671   1  11   0.0038    0.0037   0.0098  -0.0011   0.0012   0.0012   0.00    9.4
2046 358946.000   34.220069984  117.143952440    35.5814   1  11   0.0038    0.0037   0.0098  -0.0011   0.0011   0.0012   0.00    7.9
2046 358947.000   34.220094319  117.143970438    35.5132   1  11   0.0038    0.0037   0.0098  -0.0011   0.0011   0.0012   0.00    6.6
2046 358948.000   34.220119914  117.143984244    35.4482   1  11   0.0038    0.0037   0.0098  -0.0011   0.0012   0.0012   0.00    7.6
2046 358949.000   34.220144857  117.143992755    35.4292   1  12   0.0038    0.0035   0.0091  -0.0013  -0.0017  -0.0003   0.00   17.0
2046 358950.000   34.220168165  117.143996562    35.4489   1  12   0.0038    0.0035   0.0091  -0.0013  -0.0017  -0.0003   0.00   31.0
2046 358951.000   34.220189578  117.143993439    35.4741   1  12   0.0038    0.0035   0.0091  -0.0013  -0.0017  -0.0003   0.00   32.6
2046 358952.000   34.220207152  117.143984336    35.4978   1  12   0.0038    0.0035   0.0091  -0.0013  -0.0017  -0.0003   0.00   16.6
2046 358953.000   34.220224435  117.143970716    35.5304   1  12   0.0038    0.0035   0.0091  -0.0013  -0.0017  -0.0003   0.00   20.4
2046 358954.000   34.220240445  117.143953349    35.5646   1  12   0.0038    0.0035   0.0091  -0.0013  -0.0017  -0.0003   0.00   22.2
2046 358955.000   34.220254337  117.143933549    35.5924   1  12   0.0038    0.0035   0.0091  -0.0013  -0.0016  -0.0003   0.00   30.9
2046 358956.000   34.220264678  117.143910633    35.6146   1  12   0.0038    0.0035   0.0091  -0.0013  -0.0016  -0.0004   0.00   22.3
2046 358957.000   34.220271574  117.143887289    35.6396   1  13   0.0038    0.0035   0.0091  -0.0013  -0.0016  -0.0004   0.00    5.5
2046 358958.000   34.220276333  117.143864014    35.6372   1  13   0.0038    0.0035   0.0091  -0.0013  -0.0016  -0.0005   0.00   23.8
2046 358959.000   34.220279507  117.143840537    35.6542   1  13   0.0038    0.0035   0.0091  -0.0013  -0.0016  -0.0005   0.00   17.4
2046 358960.000   34.220281615  117.143813685    35.6946   1  13   0.0038    0.0035   0.0091  -0.0013  -0.0016  -0.0005   0.00   18.9
2046 358961.000   34.220282445  117.143785476    35.7370   1  13   0.0038    0.0035   0.0091  -0.0013  -0.0016  -0.0005   0.00   22.3
2046 358962.000   34.220282224  117.143756337    35.8026   1  12   0.0040    0.0037   0.0101  -0.0005  -0.0028  -0.0024   0.00    5.9
2046 358963.000   34.220282091  117.143725612    35.8093   1  13   0.0038    0.0035   0.0091  -0.0013  -0.0016  -0.0005   0.00   15.0
2046 358964.000   34.220283086  117.143694641    35.8585   1  13   0.0038    0.0035   0.0091  -0.0013  -0.0016  -0.0005   0.00    7.4
2046 358965.000   34.220285570  117.143663621    35.8917   1  12   0.0042    0.0037   0.0099  -0.0018   0.0012  -0.0026   0.00   13.2
2046 358966.000   34.220289179  117.143632719    35.9175   1  10   0.0040    0.0038   0.0109   0.0001  -0.0019  -0.0021   0.00    9.9
2046 358967.000   34.220294001  117.143599506    35.9698   1  11   0.0038    0.0037   0.0098  -0.0011   0.0012   0.0011   0.00   13.7
2046 358968.000   34.220299927  117.143564450    36.0142   1   9   0.0046    0.0040   0.0132  -0.0016   0.0023  -0.0046   0.00    5.1
2046 358969.000   34.220306410  117.143528488    36.0505   1  11   0.0041    0.0038   0.0109  -0.0013   0.0016  -0.0023   0.00   11.1
2046 358970.000   34.220313233  117.143492293    36.0878   1  11   0.0065    0.0057   0.0187  -0.0023   0.0033  -0.0065   0.00    7.2
2046 358971.000   34.220320186  117.143456006    36.1199   1   9   0.0046    0.0040   0.0132  -0.0016   0.0023  -0.0046   0.00    7.3
2046 358972.000   34.220326970  117.143419696    36.1713   1  10   0.0042    0.0040   0.0111  -0.0019   0.0030  -0.0027   0.00    7.0
2046 358973.000   34.220334152  117.143382522    36.2179   1   9   0.0046    0.0040   0.0132  -0.0016   0.0023  -0.0046   0.00    4.5
2046 358974.000   34.220342045  117.143344296    36.2736   1   9   0.0065    0.0057   0.0187  -0.0023   0.0033  -0.0065   0.00    5.4
2046 358975.000   34.220350333  117.143305851    36.2918   1  11   0.0041    0.0038   0.0109  -0.0013   0.0016  -0.0024   0.00    6.0
2046 358976.000   34.220358675  117.143266832    36.3397   1  10   0.0081    0.0065   0.0204   0.0032  -0.0040  -0.0091   0.00    3.5
2046 358977.000   34.220365944  117.143227841    36.3420   1   9   0.0065    0.0057   0.0187  -0.0023   0.0033  -0.0065   0.00    4.8
2046 358978.000   34.220371018  117.143190731    36.3993   1   9   0.0065    0.0057   0.0187  -0.0023   0.0033  -0.0065   0.00    5.7
2046 358979.000   34.220375014  117.143156272    36.4386   1   9   0.0065    0.0057   0.0187  -0.0023   0.0033  -0.0065   0.00    6.9
2046 358980.000   34.220379428  117.143122570    36.4732   1   9   0.0046    0.0040   0.0132  -0.0016   0.0023  -0.0046   0.00    3.2
2046 358981.000   34.220384661  117.143088129    36.5470   1   9   0.0065    0.0057   0.0187  -0.0023   0.0033  -0.0065   0.00    5.7
2046 358982.000   34.220390055  117.143055139    36.5528   1   9   0.0065    0.0057   0.0187  -0.0023   0.0033  -0.0065   0.00    5.0
2046 358983.000   34.220395765  117.143022223    36.5842   1   9   0.0065    0.0057   0.0187  -0.0023   0.0033  -0.0065   0.00    5.5
2046 358984.000   34.220401537  117.142990066    36.6134   1   9   0.0065    0.0057   0.0187  -0.0023   0.0033  -0.0065   0.00    6.4
2046 358985.000   34.220407131  117.142958726    36.6581   1   9   0.0065    0.0057   0.0187  -0.0023   0.0033  -0.0065   0.00    3.4
2046 358986.000   34.220412302  117.142927304    36.6821   1   9   0.0065    0.0057   0.0187  -0.0023   0.0033  -0.0065   0.00    6.3
2046 358987.000   34.220417526  117.142895650    36.7215   1  11   0.0054    0.0052   0.0138  -0.0015   0.0017   0.0015   0.00    7.9
2046 358988.000   34.220423347  117.142863460    36.7682   1  10   0.0040    0.0038   0.0109   0.0002  -0.0018  -0.0021   0.00    3.0
2046 358989.000   34.220429981  117.142829949    36.7715   1   9   0.0069    0.0060   0.0212  -0.0031  -0.0031  -0.0045   0.00    5.3
2046 358990.000   34.220436600  117.142797426    36.8130   1  10   0.0066    0.0059   0.0171  -0.0035   0.0025   0.0023   0.00    5.6
2046 358991.000   34.220443426  117.142764008    36.8447   1   9   0.0066    0.0059   0.0171  -0.0035   0.0025   0.0023   0.00    4.9
2046 358992.000   34.220450834  117.142729424    36.8769   1   8   0.0069    0.0060   0.0213  -0.0032  -0.0031  -0.0045   0.00    4.4
2046 358993.000   34.220458552  117.142694489    36.9271   1   9   0.0047    0.0042   0.0121  -0.0025   0.0018   0.0016   0.00    3.5
2046 358994.000   34.220466596  117.142659473    36.9440   1   8   0.0069    0.0060   0.0213  -0.0032  -0.0031  -0.0045   0.00    5.8
2046 358995.000   34.220473678  117.142624056    36.9878   1   8   0.0069    0.0060   0.0213  -0.0032  -0.0031  -0.0045   0.00    6.5
2046 358996.000   34.220480741  117.142588770    37.0211   1   9   0.0063    0.0059   0.0176  -0.0024  -0.0051   0.0037   0.00   12.3
2046 358997.000   34.220487938  117.142553582    37.0685   1  10   0.0062    0.0055   0.0153  -0.0028  -0.0030   0.0047   0.00    6.1
2046 358998.000   34.220495150  117.142518686    37.0766   1  10   0.0062    0.0058   0.0159  -0.0026  -0.0057   0.0025   0.00   12.6
2046 358999.000   34.220501965  117.142482826    37.1333   1  10   0.0062    0.0058   0.0159  -0.0026  -0.0057   0.0025   0.00    5.8
2046 359000.000   34.220508997  117.142445896    37.1627   1  11   0.0043    0.0038   0.0099  -0.0021  -0.0029   0.0027   0.00    7.9
2046 359001.000   34.220516285  117.142411249    37.1896   1  10   0.0044    0.0041   0.0112  -0.0018  -0.0041   0.0018   0.00    3.5
2046 359002.000   34.220523673  117.142377025    37.2188   1  11   0.0043    0.0038   0.0099  -0.0021  -0.0029   0.0027   0.00    4.1
2046 359003.000   34.220531189  117.142342050    37.2666   1  10   0.0062    0.0058   0.0159  -0.0026  -0.0057   0.0025   0.00    3.8
2046 359004.000   34.220538536  117.142308107    37.2798   1  10   0.0046    0.0040   0.0106  -0.0026  -0.0020   0.0008   0.00    5.0
2046 359005.000   34.220545653  117.142274934    37.3172   1  11   0.0043    0.0038   0.0099  -0.0021  -0.0029   0.0027   0.00    3.2
2046 359006.000   34.220553042  117.142241719    37.3573   1  10   0.0062    0.0058   0.0159  -0.0026  -0.0057   0.0025   0.00    7.2
2046 359007.000   34.220561386  117.142206028    37.3844   1  10   0.0044    0.0041   0.0112  -0.0018  -0.0040   0.0017   0.00    3.8
2046 359008.000   34.220569960  117.142169161    37.4263   1  10   0.0044    0.0041   0.0112  -0.0018  -0.0040   0.0017   0.00    4.1
2046 359009.000   34.220577731  117.142132075    37.4713   1  11   0.0043    0.0038   0.0099  -0.0021  -0.0029   0.0027   0.00    6.1
2046 359010.000   34.220584018  117.142096563    37.5148   1  11   0.0043    0.0038   0.0099  -0.0021  -0.0029   0.0027   0.00    4.4
2046 359011.000   34.220589416  117.142060536    37.5470   1  11   0.0043    0.0038   0.0099  -0.0021  -0.0029   0.0027   0.00    6.1
2046 359012.000   34.220594261  117.142022841    37.5922   1  12   0.0043    0.0038   0.0099  -0.0021  -0.0029   0.0027   0.00    4.8
2046 359013.000   34.220598995  117.141984656    37.6255   1  12   0.0043    0.0038   0.0099  -0.0021  -0.0029   0.0027   0.00    6.2
2046 359014.000   34.220604203  117.141947673    37.6633   1  12   0.0043    0.0038   0.0099  -0.0021  -0.0029   0.0027   0.00    5.9
2046 359015.000   34.220609307  117.141911490    37.6830   1  12   0.0043    0.0038   0.0099  -0.0021  -0.0029   0.0027   0.00    5.1
2046 359016.000   34.220614579  117.141873902    37.7215   1  11   0.0043    0.0038   0.0099  -0.0021  -0.0029   0.0027   0.00    4.6
2046 359017.000   34.220620750  117.141835641    37.7429   1  11   0.0040    0.0037   0.0101  -0.0005  -0.0027  -0.0024   0.00    6.1
2046 359018.000   34.220626723  117.141797562    37.7606   1  11   0.0040    0.0037   0.0101  -0.0005  -0.0027  -0.0024   0.00    4.7
2046 359019.000   34.220631544  117.141759306    37.7778   1  12   0.0038    0.0035   0.0091  -0.0013  -0.0016  -0.0007   0.00    6.2
2046 359020.000   34.220634749  117.141720597    37.7831   1  11   0.0040    0.0037   0.0101  -0.0005  -0.0027  -0.0024   0.00    6.0
2046 359021.000   34.220635164  117.141681755    37.8170   1  12   0.0038    0.0035   0.0091  -0.0013  -0.0016  -0.0007   0.00    5.1
2046 359022.000   34.220632942  117.141643128    37.8524   1  12   0.0038    0.0035   0.0091  -0.0013  -0.0016  -0.0007   0.00    9.3
2046 359023.000   34.220626757  117.141605131    37.9188   1  12   0.0038    0.0035   0.0091  -0.0013  -0.0016  -0.0007   0.00    3.5
2046 359024.000   34.220616506  117.141568735    37.9643   1  12   0.0038    0.0035   0.0091  -0.0013  -0.0016  -0.0007   0.00   15.3
2046 359025.000   34.220602549  117.141534877    38.0161   1  13   0.0038    0.0035   0.0091  -0.0013  -0.0016  -0.0008   0.00   14.5
2046 359026.000   34.220584475  117.141504106    38.0680   1  13   0.0038    0.0035   0.0091  -0.0013  -0.0016  -0.0008   0.00   13.3
2046 359027.000   34.220564301  117.141477325    38.1048   1  13   0.0038    0.0035   0.0091  -0.0013  -0.0016  -0.0008   0.00   37.1
2046 359028.000   34.220543066  117.141452073    38.1665   1  12   0.0038    0.0035   0.0091  -0.0013  -0.0016  -0.0007   0.00   13.1
2046 359029.000   34.220519562  117.141426898    38.2244   1  13   0.0038    0.0037   0.0094  -0.0014  -0.0005  -0.0010   0.00    5.2
2046 359030.000   34.220494575  117.141402420    38.2583   1  11   0.0054    0.0060   0.0157  -0.0018   0.0051  -0.0008   0.00   25.9
2046 359031.000   34.220468864  117.141378956    38.2915   1  10   0.0038    0.0043   0.0111  -0.0013   0.0036  -0.0005   0.00   12.9
2046 359032.000   34.220443146  117.141356667    38.3713   1   9   0.0045    0.0056   0.0155  -0.0031   0.0072  -0.0050   0.00   10.5
2046 359033.000   34.220417455  117.141334413    38.4198   1   9   0.0045    0.0056   0.0155  -0.0031   0.0072  -0.0050   0.00   18.6
2046 359034.000   34.220391297  117.141311703    38.4789   1   9   0.0045    0.0056   0.0155  -0.0031   0.0072  -0.0050   0.00   18.5
2046 359035.000   34.220365211  117.141288884    38.5251   1  13   0.0038    0.0035   0.0091  -0.0013  -0.0016  -0.0008   0.00   14.7
2046 359036.000   34.220339448  117.141266152    38.5748   1  12   0.0038    0.0035   0.0091  -0.0013  -0.0016  -0.0008   0.00   13.7
2046 359037.000   34.220313554  117.141243187    38.6389   1  12   0.0038    0.0035   0.0091  -0.0013  -0.0016  -0.0008   0.00    4.8
2046 359038.000   34.220287640  117.141220088    38.6759   1  11   0.0038    0.0038   0.0097  -0.0015   0.0017  -0.0013   0.00   25.6
2046 359039.000   34.220262464  117.141196574    38.7342   1  11   0.0038    0.0038   0.0097  -0.0015   0.0017  -0.0013   0.00   15.5
2046 359040.000   34.220237760  117.141173345    38.7850   1  10   0.0043    0.0043   0.0114  -0.0025   0.0038  -0.0037   0.00   15.0
2046 359041.000   34.220212398  117.141148834    38.8366   1  11   0.0042    0.0037   0.0099  -0.0019   0.0014  -0.0027   0.00   16.7
2046 359042.000   34.220187144  117.141124486    38.9034   1  11   0.0042    0.0037   0.0099  -0.0019   0.0014  -0.0027   0.00   12.1
2046 359043.000   34.220161939  117.141100360    38.9535   1  11   0.0042    0.0037   0.0099  -0.0019   0.0014  -0.0027   0.00   10.2
2046 359044.000   34.220137264  117.141076755    39.0114   1  11   0.0042    0.0037   0.0099  -0.0019   0.0014  -0.0027   0.00   12.9
2046 359045.000   34.220113361  117.141053846    39.0597   1  11   0.0042    0.0037   0.0099  -0.0019   0.0014  -0.0027   0.00    8.3
2046 359046.000   34.220089118  117.141029901    39.1137   1  11   0.0042    0.0037   0.0099  -0.0019   0.0014  -0.0027   0.00    5.5
2046 359047.000   34.220065184  117.141005335    39.1645   1  12   0.0040    0.0040   0.0104  -0.0019   0.0027  -0.0025   0.00    3.5
2046 359048.000   34.220042189  117.140981213    39.2140   1  11   0.0040    0.0040   0.0104  -0.0019   0.0027  -0.0025   0.00    6.6
2046 359049.000   34.220018571  117.140955331    39.2532   1  10   0.0043    0.0043   0.0114  -0.0025   0.0038  -0.0038   0.00    5.5
2046 359050.000   34.219995784  117.140930354    39.2882   1  11   0.0042    0.0037   0.0099  -0.0019   0.0014  -0.0027   0.00    9.3
2046 359051.000   34.219973417  117.140908333    39.3492   1  11   0.0042    0.0037   0.0099  -0.0019   0.0014  -0.0027   0.00   26.7
2046 359052.000   34.219951335  117.140887881    39.3685   1  10   0.0042    0.0040   0.0111  -0.0019   0.0031  -0.0028   0.00   11.8
2046 359053.000   34.219929476  117.140867879    39.4283   1  11   0.0043    0.0043   0.0114  -0.0025   0.0038  -0.0038   0.00   12.4
2046 359054.000   34.219907193  117.140848698    39.4687   1  11   0.0043    0.0043   0.0114  -0.0025   0.0038  -0.0038   0.00   17.9
2046 359055.000   34.219884650  117.140830395    39.5121   1  12   0.0042    0.0037   0.0099  -0.0019   0.0014  -0.0027   0.00   21.2
2046 359056.000   34.219861271  117.140811022    39.5518   1  12   0.0042    0.0037   0.0099  -0.0019   0.0014  -0.0027   0.00   23.2
2046 359057.000   34.219837268  117.140790248    39.5993   1  12   0.0042    0.0037   0.0099  -0.0019   0.0014  -0.0027   0.00   43.2
2046 359058.000   34.219812574  117.140768255    39.6556   1  12   0.0038    0.0035   0.0091  -0.0013  -0.0015  -0.0009   0.00   26.7
2046 359059.000   34.219786872  117.140745403    39.7112   1  13   0.0040    0.0036   0.0094  -0.0015  -0.0008  -0.0019   0.00   34.7
2046 359060.000   34.219760438  117.140722213    39.7786   1  12   0.0040    0.0038   0.0103  -0.0015   0.0022  -0.0017   0.00    4.7
2046 359061.000   34.219734513  117.140698079    39.8267   1  11   0.0042    0.0040   0.0111  -0.0019   0.0031  -0.0029   0.00   10.1
2046 359062.000   34.219709368  117.140672666    39.8649   1  10   0.0043    0.0043   0.0114  -0.0025   0.0038  -0.0038   0.00   22.7
2046 359063.000   34.219684469  117.140646849    39.9146   1  10   0.0043    0.0043   0.0114  -0.0025   0.0038  -0.0038   0.00   24.2
2046 359064.000   34.219659518  117.140620973    39.9726   1  10   0.0043    0.0043   0.0114  -0.0025   0.0038  -0.0038   0.00   26.8
2046 359065.000   34.219634057  117.140595340    40.0232   1  12   0.0042    0.0037   0.0099  -0.0019   0.0014  -0.0027   0.00   25.9
2046 359066.000   34.219608126  117.140569469    40.0841   1  11   0.0042    0.0037   0.0099  -0.0019   0.0014  -0.0027   0.00   38.4
2046 359067.000   34.219582658  117.140544076    40.1357   1  11   0.0042    0.0037   0.0099  -0.0019   0.0014  -0.0027   0.00   27.1
2046 359068.000   34.219557179  117.140519053    40.1785   1  11   0.0042    0.0037   0.0099  -0.0019   0.0014  -0.0027   0.00   34.7
2046 359069.000   34.219530710  117.140494439    40.2364   1  11   0.0042    0.0037   0.0099  -0.0019   0.0014  -0.0027   0.00   43.1
2046 359070.000   34.219504046  117.140469905    40.2962   1  10   0.0043    0.0043   0.0114  -0.0025   0.0038  -0.0038   0.00   31.0
2046 359071.000   34.219477114  117.140445745    40.3620   1  11   0.0042    0.0037   0.0099  -0.0019   0.0014  -0.0028   0.00   30.1
2046 359072.000   34.219450161  117.140421606    40.4162   1  12   0.0042    0.0037   0.0099  -0.0019   0.0014  -0.0028   0.00   20.6
2046 359073.000   34.219423217  117.140397261    40.4735   1  11   0.0042    0.0037   0.0099  -0.0019   0.0014  -0.0028   0.00   49.4
2046 359074.000   34.219395919  117.140373213    40.5432   1  11   0.0042    0.0037   0.0099  -0.0019   0.0014  -0.0028   0.00   27.2
2046 359075.000   34.219368599  117.140349236    40.5905   1  11   0.0042    0.0037   0.0099  -0.0019   0.0014  -0.0028   0.00   41.0
2046 359076.000   34.219341422  117.140324973    40.6294   1  11   0.0042    0.0037   0.0099  -0.0019   0.0014  -0.0028   0.00   30.2
2046 359077.000   34.219314185  117.140300468    40.6840   1  11   0.0042    0.0037   0.0099  -0.0019   0.0015  -0.0028   0.00   36.7
2046 359078.000   34.219286933  117.140275984    40.7279   1  11   0.0042    0.0037   0.0099  -0.0019   0.0015  -0.0028   0.00   30.2
2046 359079.000   34.219259778  117.140251604    40.7853   1  12   0.0040    0.0036   0.0094  -0.0015  -0.0007  -0.0019   0.00   32.8
2046 359080.000   34.219232655  117.140227361    40.8569   1  12   0.0041    0.0037   0.0097  -0.0018  -0.0016  -0.0009   0.00    9.9
2046 359081.000   34.219205600  117.140202958    40.9062   1  11   0.0044    0.0038   0.0101  -0.0022   0.0001  -0.0022   0.00    3.1
2046 359082.000   34.219178193  117.140178495    40.9386   1  10   0.0046    0.0040   0.0105  -0.0025  -0.0018  -0.0006   0.00   26.8
2046 359083.000   34.219150363  117.140154052    40.9985   1  11   0.0043    0.0038   0.0098  -0.0021  -0.0028   0.0025   0.00   37.4
2046 359084.000   34.219122834  117.140129245    41.0701   1  12   0.0038    0.0035   0.0091  -0.0013  -0.0015  -0.0009   0.00    8.3
2046 359085.000   34.219095347  117.140104251    41.1295   1  12   0.0038    0.0035   0.0091  -0.0013  -0.0015  -0.0010   0.00   17.1
2046 359086.000   34.219068006  117.140078772    41.1699   1  12   0.0038    0.0035   0.0091  -0.0013  -0.0015  -0.0010   0.00   16.4
2046 359087.000   34.219040729  117.140052979    41.2056   1  12   0.0038    0.0035   0.0091  -0.0012  -0.0015  -0.0010   0.00   57.4
2046 359088.000   34.219013538  117.140026849    41.2607   1  13   0.0037    0.0035   0.0086  -0.0012  -0.0013  -0.0019   0.00   25.1
2046 359089.000   34.218986212  117.140001020    41.3065   1  13   0.0037    0.0035   0.0086  -0.0012  -0.0013  -0.0019   0.00   40.7
2046 359090.000   34.218959067  117.139975048    41.3428   1  11   0.0042    0.0037   0.0099  -0.0019   0.0015  -0.0028   0.00   37.2
2046 359091.000   34.218931851  117.139949196    41.4173   1  12   0.0038    0.0035   0.0091  -0.0013  -0.0015  -0.0010   0.00   12.8
2046 359092.000   34.218904761  117.139923245    41.4425   1  11   0.0042    0.0037   0.0099  -0.0019   0.0015  -0.0028   0.00   22.9
2046 359093.000   34.218877454  117.139897622    41.4919   1  11   0.0038    0.0038   0.0097  -0.0014   0.0018  -0.0015   0.00   14.4
2046 359094.000   34.218849972  117.139872286    41.5473   1  10   0.0043    0.0043   0.0114  -0.0025   0.0039  -0.0038   0.00   20.8
2046 359095.000   34.218822622  117.139847179    41.5976   1  11   0.0042    0.0037   0.0099  -0.0019   0.0015  -0.0028   0.00   28.5
2046 359096.000   34.218796071  117.139821916    41.6574   1  11   0.0042    0.0037   0.0099  -0.0019   0.0015  -0.0028   0.00   33.7
2046 359097.000   34.218770643  117.139796977    41.7296   1  12   0.0038    0.0035   0.0091  -0.0012  -0.0015  -0.0010   0.00    6.4
2046 359098.000   34.218745519  117.139772029    41.7940   1  11   0.0059    0.0052   0.0140  -0.0026   0.0021  -0.0040   0.00    4.2
2046 359099.000   34.218719613  117.139746625    41.8566   1  10   0.0061    0.0055   0.0152  -0.0027  -0.0028   0.0044   0.00    6.1
2046 359100.000   34.218693761  117.139720735    41.8862   1  10   0.0046    0.0040   0.0105  -0.0025  -0.0018  -0.0008   0.00   14.0
2046 359101.000   34.218667875  117.139694831    41.9637   1  12   0.0042    0.0039   0.0099  -0.0021   0.0026  -0.0036   0.00   10.6
2046 359102.000   34.218641761  117.139668903    41.9966   1  10   0.0059    0.0057   0.0157  -0.0027   0.0045  -0.0041   0.00    8.5
2046 359103.000   34.218615579  117.139643487    42.0325   1   9   0.0045    0.0056   0.0156  -0.0032   0.0073  -0.0051   0.00   14.8
2046 359104.000   34.218590278  117.139619586    42.0966   1   9   0.0045    0.0056   0.0156  -0.0032   0.0073  -0.0051   0.00   10.6
2046 359105.000   34.218564048  117.139595375    42.1556   1   9   0.0045    0.0056   0.0156  -0.0032   0.0073  -0.0051   0.00    9.4
2046 359106.000   34.218536850  117.139570623    42.1967   1   9   0.0045    0.0056   0.0156  -0.0032   0.0073  -0.0051   0.00   17.9
2046 359107.000   34.218509182  117.139545370    42.2511   1  11   0.0042    0.0037   0.0099  -0.0019   0.0015  -0.0028   0.00   27.6
2046 359108.000   34.218481814  117.139520146    42.2985   1  11   0.0042    0.0037   0.0099  -0.0019   0.0015  -0.0028   0.00   29.0
2046 359109.000   34.218454748  117.139495494    42.3510   1  11   0.0042    0.0037   0.0099  -0.0019   0.0015  -0.0028   0.00   44.4
2046 359110.000   34.218427844  117.139470974    42.4080   1  11   0.0044    0.0038   0.0101  -0.0022   0.0005  -0.0023   0.00   29.4
2046 359111.000   34.218401089  117.139446823    42.4701   1  11   0.0044    0.0038   0.0101  -0.0022   0.0005  -0.0023   0.00    8.5
2046 359112.000   34.218374029  117.139422752    42.5165   1  10   0.0046    0.0040   0.0105  -0.0025  -0.0017  -0.0009   0.00   22.1
2046 359113.000   34.218348375  117.139399026    42.5614   1  12   0.0038    0.0035   0.0091  -0.0012  -0.0015  -0.0010   0.00   15.7
2046 359114.000   34.218323141  117.139375638    42.6054   1  12   0.0038    0.0035   0.0091  -0.0012  -0.0015  -0.0010   0.00   20.4
2046 359115.000   34.218297215  117.139351649    42.6711   1  11   0.0044    0.0039   0.0101  -0.0023  -0.0024   0.0018   0.00   14.3
2046 359116.000   34.218271403  117.139327729    42.7128   1  11   0.0060    0.0054   0.0139  -0.0029  -0.0039   0.0035   0.00    8.3
2046 359117.000   34.218245575  117.139303581    42.7725   1  11   0.0060    0.0054   0.0139  -0.0029  -0.0039   0.0035   0.00   16.6
2046 359118.000   34.218220219  117.139279984    42.8391   1  11   0.0040    0.0042   0.0111  -0.0017   0.0035  -0.0022   0.00    4.0
2046 359119.000   34.218194262  117.139255734    42.8736   1  10   0.0043    0.0043   0.0114  -0.0025   0.0039  -0.0039   0.00   13.8
2046 359120.000   34.218168204  117.139230826    42.9319   1  11   0.0043    0.0043   0.0114  -0.0025   0.0039  -0.0039   0.00   20.8
2046 359121.000   34.218142204  117.139205961    42.9921   1  11   0.0042    0.0037   0.0099  -0.0019   0.0015  -0.0028   0.00   25.4
2046 359122.000   34.218115677  117.139180712    43.0338   1  11   0.0042    0.0039   0.0105  -0.0021   0.0027  -0.0033   0.00   18.8
2046 359123.000   34.218087839  117.139154815    43.0796   1  12   0.0038    0.0037   0.0093  -0.0013   0.0004  -0.0013   0.00    3.7
2046 359124.000   34.218060669  117.139128674    43.1085   1  11   0.0038    0.0038   0.0097  -0.0014   0.0018  -0.0015   0.00   28.9
2046 359125.000   34.218033576  117.139102467    43.1606   1  12   0.0041    0.0037   0.0094  -0.0018   0.0016  -0.0033   0.00   13.1
2046 359126.000   34.218006126  117.139076117    43.2046   1  12   0.0041    0.0037   0.0094  -0.0018   0.0016  -0.0033   0.00   42.2
2046 359127.000   34.217978327  117.139049467    43.2705   1  11   0.0042    0.0037   0.0099  -0.0019   0.0016  -0.0028   0.00   30.9
2046 359128.000   34.217950774  117.139022168    43.3440   1  11   0.0059    0.0052   0.0140  -0.0026   0.0022  -0.0040   0.00   10.8
2046 359129.000   34.217922863  117.138994999    43.4015   1  10   0.0061    0.0061   0.0162  -0.0035   0.0055  -0.0055   0.00    8.8
2046 359130.000   34.217894371  117.138968505    43.4256   1   9   0.0063    0.0080   0.0221  -0.0045   0.0104  -0.0073   0.00    8.4
2046 359131.000   34.217865585  117.138942574    43.5030   1   9   0.0063    0.0080   0.0221  -0.0045   0.0104  -0.0073   0.00    6.3
2046 359132.000   34.217836995  117.138916957    43.6967   2   9   0.0723    0.1128   0.2424  -0.0467   0.1279  -0.0395   0.00    1.2
2046 359133.000   34.217808745  117.138890355    43.5950   1   8   0.0067    0.0080   0.0247  -0.0046   0.0103  -0.0053   0.00    6.2
2046 359134.000   34.217781417  117.138864546    43.6485   1   8   0.0067    0.0080   0.0247  -0.0046   0.0103  -0.0053   0.00    7.8
2046 359135.000   34.217754718  117.138838722    43.7112   1   8   0.0067    0.0080   0.0247  -0.0046   0.0103  -0.0053   0.00    4.1
2046 359136.000   34.217728175  117.138813490    43.7565   1   8   0.0067    0.0080   0.0247  -0.0046   0.0103  -0.0053   0.00    5.1
2046 359137.000   34.217701658  117.138789057    43.8181   1  10   0.0061    0.0061   0.0162  -0.0035   0.0056  -0.0055   0.00    7.9
2046 359138.000   34.217675145  117.138765027    43.8468   1  10   0.0061    0.0061   0.0162  -0.0035   0.0056  -0.0055   0.00   11.6
2046 359139.000   34.217649910  117.138742259    43.8902   1  10   0.0061    0.0061   0.0162  -0.0035   0.0056  -0.0055   0.00    6.5
2046 359140.000   34.217624467  117.138719548    43.9640   1  10   0.0061    0.0061   0.0162  -0.0035   0.0056  -0.0055   0.00    3.2
2046 359141.000   34.217598799  117.138696232    43.9936   1   9   0.0063    0.0080   0.0221  -0.0045   0.0104  -0.0073   0.00    5.0
2046 359142.000   34.217574305  117.138673343    44.0436   1   9   0.0063    0.0080   0.0221  -0.0045   0.0104  -0.0073   0.00    3.3
2046 359143.000   34.217549612  117.138649588    44.0766   1  10   0.0061    0.0061   0.0162  -0.0035   0.0056  -0.0055   0.00    3.9
2046 359144.000   34.217524251  117.138625240    44.1321   1  11   0.0042    0.0037   0.0099  -0.0019   0.0016  -0.0029   0.00   12.8
2046 359145.000   34.217499406  117.138601621    44.1781   1  11   0.0042    0.0037   0.0099  -0.0019   0.0016  -0.0029   0.00   10.3
2046 359146.000   34.217475942  117.138579355    44.2419   1  11   0.0042    0.0037   0.0099  -0.0019   0.0016  -0.0029   0.00    7.6
2046 359147.000   34.217452766  117.138560606    45.1042   2  11   0.2120    0.2321   0.5376  -0.1217   0.2024  -0.0268   0.00    1.4
2046 359148.000   34.217429537  117.138536598    44.3568   1  11   0.0042    0.0038   0.0104  -0.0019   0.0024  -0.0029   0.00   10.5
2046 359149.000   34.217405250  117.138514799    44.3827   1  11   0.0063    0.0080   0.0221  -0.0045   0.0104  -0.0073   0.00    3.2
2046 359150.000   34.217380341  117.138495102    45.2928   2  11   0.2187    0.2365   0.5501  -0.1253   0.2027  -0.0375   0.00    1.5
2046 359151.000   34.217355282  117.138469388    44.4838   1   9   0.0045    0.0057   0.0157  -0.0032   0.0074  -0.0052   0.00    3.8
2046 359152.000   34.217330536  117.138448798    45.3977   2   9   0.2227    0.2470   0.5696  -0.1297   0.2205  -0.0470   0.00    2.3
2046 359153.000   34.217305998  117.138425094    45.4733   2  10   0.2244    0.2492   0.5743  -0.1310   0.2231  -0.0454   0.00    1.7
2046 359154.000   34.217282138  117.138401987    45.5100   2   8   0.2273    0.2526   0.5814  -0.1339   0.2270  -0.0367   0.00    2.4
2046 359155.000   34.217257310  117.138376160    44.6546   1   9   0.0066    0.0077   0.0200  -0.0048   0.0087  -0.0067   0.00    3.9
2046 359156.000   34.217232141  117.138355183    45.6376   2   8   0.2307    0.2511   0.5769  -0.1365   0.2173   0.0041   0.00    1.9
2046 359157.000   34.217206410  117.138328373    44.7316   1   9   0.0066    0.0077   0.0200  -0.0048   0.0087  -0.0067   0.00    3.1
2046 359158.000   34.217180737  117.138306968    45.7200   2   8   0.2322    0.2460   0.5661  -0.1372   0.2013   0.0358   0.00    2.2
2046 359159.000   34.217154541  117.138282977    45.7610   2  10   0.2321    0.2405   0.5543  -0.1366   0.1860   0.0429   0.00    2.6
2046 359160.000   34.217128051  117.138259158    45.7940   2   9   0.2321    0.2390   0.5528  -0.1361   0.1826   0.0527   0.00    1.6
2046 359161.000   34.217100969  117.138234788    45.8178   2  11   0.2312    0.2370   0.5495  -0.1350   0.1792   0.0564   0.00    2.1
2046 359162.000   34.217073224  117.138206673    44.9520   1  11   0.0064    0.0061   0.0139  -0.0027   0.0016  -0.0034   0.00    5.1
2046 359163.000   34.217044930  117.138182244    45.8807   2  11   0.2291    0.2351   0.5439  -0.1339   0.1771   0.0591   0.00    1.7
2046 359164.000   34.217016347  117.138155101    45.8999   2  10   0.2281    0.2340   0.5430  -0.1329   0.1770   0.0662   0.00    2.2
2046 359165.000   34.216988026  117.138128697    45.9509   2  10   0.2260    0.2324   0.5396  -0.1309   0.1760   0.0717   0.00    2.1
2046 359166.000   34.216959261  117.138099317    45.1858   1  10   0.0067    0.0062   0.0149  -0.0029  -0.0009  -0.0006   0.00    3.8
2046 359167.000   34.216930385  117.138071321    45.2913   1  12   0.0056    0.0055   0.0130   0.0011   0.0014   0.0012   0.00    5.1
2046 359168.000   34.216901336  117.138042486    45.3730   1  12   0.0054    0.0054   0.0137  -0.0020   0.0026  -0.0022   0.00    3.3
2046 359169.000   34.216871907  117.138015784    46.1885   2   8   0.2176    0.2293   0.5301  -0.1271   0.1856   0.0750   0.00    1.0
2046 359170.000   34.216840993  117.137984272    45.4957   1   8   0.0067    0.0080   0.0248  -0.0046   0.0104  -0.0055   0.00    3.3
2046 359171.000   34.216809491  117.137956118    46.1990   2   8   0.2095    0.2225   0.5123  -0.1235   0.1830   0.0618   0.00    1.1
2046 359172.000   34.216777460  117.137924152    45.5854   1   8   0.0067    0.0080   0.0248  -0.0046   0.0104  -0.0055   0.00    4.5
2046 359173.000   34.216745860  117.137894084    45.6340   1   8   0.0067    0.0080   0.0248  -0.0046   0.0104  -0.0055   0.00    4.6
2046 359174.000   34.216713999  117.137863664    45.7105   1  10   0.0061    0.0061   0.0162  -0.0035   0.0056  -0.0056   0.00    6.0
2046 359175.000   34.216681582  117.137832490    45.7662   1  10   0.0061    0.0061   0.0162  -0.0035   0.0056  -0.0056   0.00    9.3
2046 359176.000   34.216649411  117.137801017    45.8371   1  10   0.0061    0.0062   0.0162  -0.0035   0.0056  -0.0056   0.00    4.9
2046 359177.000   34.216617390  117.137769364    45.8918   1  10   0.0059    0.0057   0.0157  -0.0028   0.0046  -0.0043   0.00    5.3
2046 359178.000   34.216585575  117.137738132    45.9379   1  10   0.0061    0.0062   0.0162  -0.0035   0.0056  -0.0056   0.00    5.8
2046 359179.000   34.216553977  117.137706769    46.0098   1  11   0.0062    0.0056   0.0138  -0.0033  -0.0009  -0.0038   0.00   16.4
2046 359180.000   34.216522165  117.137674632    46.0661   1  10   0.0065    0.0056   0.0149  -0.0035  -0.0022  -0.0018   0.00   15.3
2046 359181.000   34.216490237  117.137642111    46.1402   1  12   0.0058    0.0053   0.0133  -0.0026   0.0024  -0.0047   0.00   31.2
2046 359182.000   34.216458509  117.137608378    46.2296   1  12   0.0058    0.0053   0.0133  -0.0026   0.0024  -0.0047   0.00   16.7
2046 359183.000   34.216429597  117.137573524    46.3680   2  11   0.0710    0.0584   0.1576  -0.0320  -0.0324   0.0158   0.00    2.2
2046 359184.000   34.216402845  117.137533980    46.3463   1  11   0.0059    0.0053   0.0140  -0.0027   0.0023  -0.0041   0.00   43.4
2046 359185.000   34.216378353  117.137492725    46.4165   1  11   0.0059    0.0053   0.0140  -0.0027   0.0023  -0.0041   0.00   10.1
2046 359186.000   34.216355723  117.137452890    46.4544   1  11   0.0059    0.0053   0.0140  -0.0027   0.0023  -0.0042   0.00   34.6
2046 359187.000   34.216333838  117.137414267    46.5102   1  11   0.0059    0.0053   0.0140  -0.0027   0.0024  -0.0042   0.00   27.9
2046 359188.000   34.216313711  117.137375266    46.5344   1  11   0.0059    0.0053   0.0140  -0.0027   0.0024  -0.0042   0.00   16.4
2046 359189.000   34.216295521  117.137337324    46.6074   1  11   0.0059    0.0053   0.0140  -0.0027   0.0024  -0.0042   0.00   15.3
2046 359190.000   34.216278912  117.137299294    46.6553   1  11   0.0059    0.0053   0.0140  -0.0027   0.0024  -0.0042   0.00   22.4
2046 359191.000   34.216263763  117.137259897    46.7000   1  11   0.0059    0.0053   0.0140  -0.0027   0.0024  -0.0042   0.00   25.6
2046 359192.000   34.216250519  117.137219085    46.7440   1  11   0.0059    0.0053   0.0140  -0.0027   0.0024  -0.0042   0.00    9.3
2046 359193.000   34.216239022  117.137177002    46.7557   1  10   0.0065    0.0056   0.0148  -0.0035  -0.0021  -0.0019   0.00   19.8
2046 359194.000   34.216229184  117.137133163    46.7661   1  10   0.0065    0.0056   0.0148  -0.0035  -0.0021  -0.0019   0.00   17.8
2046 359195.000   34.216220592  117.137088498    46.8007   1  10   0.0065    0.0056   0.0148  -0.0035  -0.0021  -0.0019   0.00    9.6
2046 359196.000   34.216213516  117.137044889    46.8105   1   9   0.0069    0.0058   0.0177  -0.0031  -0.0043  -0.0050   0.00    9.3
2046 359197.000   34.216207836  117.136999440    46.8524   1  10   0.0065    0.0053   0.0162  -0.0021  -0.0016  -0.0063   0.00    3.5
2046 359198.000   34.216203402  117.136954153    46.8663   1  10   0.0065    0.0053   0.0162  -0.0021  -0.0016  -0.0063   0.00    3.1
2046 359199.000   34.216199721  117.136909613    46.8767   1  11   0.0059    0.0053   0.0140  -0.0027   0.0024  -0.0042   0.00    3.5
2046 359200.000   34.216196015  117.136864599    46.8731   1  10   0.0065    0.0053   0.0162  -0.0021  -0.0016  -0.0063   0.00   11.9
2046 359201.000   34.216191848  117.136821108    46.9172   1  10   0.0065    0.0053   0.0162  -0.0021  -0.0016  -0.0063   0.00    9.1
2046 359202.000   34.216187333  117.136778916    46.9515   1  10   0.0065    0.0053   0.0162  -0.0021  -0.0016  -0.0063   0.00   13.9
2046 359203.000   34.216182360  117.136735977    46.9749   1  12   0.0039    0.0037   0.0095   0.0002  -0.0023  -0.0031   0.00    3.3
2046 359204.000   34.216176856  117.136691599    47.0155   1  12   0.0055    0.0052   0.0134   0.0002  -0.0033  -0.0044   0.00    8.4
2046 359205.000   34.216171023  117.136646300    47.0299   1  11   0.0065    0.0053   0.0154  -0.0021  -0.0011  -0.0067   0.00   17.2
2046 359206.000   34.216164654  117.136601083    47.0506   1  11   0.0065    0.0053   0.0154  -0.0021  -0.0011  -0.0067   0.00   19.6
2046 359207.000   34.216157531  117.136555088    47.0810   1  11   0.0065    0.0053   0.0154  -0.0021  -0.0011  -0.0067   0.00   16.6
2046 359208.000   34.216149329  117.136508081    47.1156   1  11   0.0065    0.0053   0.0154  -0.0021  -0.0011  -0.0067   0.00   20.0
2046 359209.000   34.216139279  117.136460938    47.1537   1  12   0.0058    0.0053   0.0133  -0.0026   0.0025  -0.0048   0.00   20.3
2046 359210.000   34.216127842  117.136413794    47.1789   1  12   0.0058    0.0053   0.0133  -0.0026   0.0025  -0.0048   0.00   14.2
2046 359211.000   34.216115454  117.136368206    47.1883   1  12   0.0041    0.0037   0.0094  -0.0019   0.0018  -0.0034   0.00    4.2
2046 359212.000   34.216102523  117.136323828    47.2068   1  12   0.0041    0.0037   0.0094  -0.0019   0.0018  -0.0034   0.00    3.4
2046 359213.000   34.216089545  117.136279759    47.2266   1  12   0.0041    0.0037   0.0094  -0.0019   0.0018  -0.0034   0.00    3.4
2046 359214.000   34.216075729  117.136235551    47.2264   1  12   0.0041    0.0037   0.0094  -0.0019   0.0018  -0.0034   0.00    4.5
2046 359215.000   34.216060400  117.136191689    47.2388   1  12   0.0041    0.0037   0.0094  -0.0019   0.0018  -0.0034   0.00    3.2
2046 359216.000   34.216043281  117.136147525    47.2320   1  12   0.0039    0.0037   0.0095   0.0001  -0.0023  -0.0031   0.00    5.5
2046 359217.000   34.216024597  117.136103610    47.2717   1  12   0.0039    0.0037   0.0095   0.0002  -0.0023  -0.0031   0.00    3.7
2046 359218.000   34.216004953  117.136060619    47.3114   1  10   0.0046    0.0038   0.0115  -0.0015  -0.0010  -0.0045   0.00    5.2
2046 359219.000   34.215984653  117.136018727    47.3651   1  10   0.0059    0.0057   0.0157  -0.0028   0.0046  -0.0044   0.00    9.4
2046 359220.000   34.215963230  117.135977831    47.4034   1  10   0.0044    0.0040   0.0119  -0.0019   0.0031  -0.0039   0.00    3.6
2046 359221.000   34.215940735  117.135937566    47.4277   1  11   0.0041    0.0040   0.0103  -0.0020   0.0031  -0.0036   0.00    5.9
2046 359222.000   34.215917164  117.135897778    47.4432   1  12   0.0037    0.0037   0.0091  -0.0010   0.0014  -0.0019   0.00    5.5
2046 359223.000   34.215893309  117.135858870    47.4532   1  10   0.0042    0.0040   0.0111  -0.0020   0.0033  -0.0031   0.00    3.7
2046 359224.000   34.215870261  117.135820426    47.5118   1  10   0.0042    0.0040   0.0111  -0.0020   0.0033  -0.0031   0.00    4.9
2046 359225.000   34.215847492  117.135783561    47.5400   1   9   0.0064    0.0081   0.0223  -0.0046   0.0106  -0.0075   0.00   21.4
2046 359226.000   34.215824437  117.135748894    47.5859   1   9   0.0045    0.0057   0.0158  -0.0032   0.0075  -0.0053   0.00    3.3
2046 359227.000   34.215799738  117.135716570    47.6022   1  10   0.0038    0.0043   0.0110  -0.0012   0.0037  -0.0012   0.00    4.9
2046 359228.000   34.215772439  117.135686012    47.6367   1  10   0.0038    0.0043   0.0110  -0.0012   0.0037  -0.0012   0.00    5.8
2046 359229.000   34.215743765  117.135656874    47.6490   1   9   0.0043    0.0043   0.0123  -0.0017   0.0030   0.0031   0.00    4.6
2046 359230.000   34.215714195  117.135627936    47.6578   1  11   0.0039    0.0043   0.0109  -0.0015   0.0032  -0.0008   0.00    3.7
2046 359231.000   34.215683792  117.135599789    47.6914   1   9   0.0064    0.0081   0.0223  -0.0046   0.0106  -0.0075   0.00    8.3
2046 359232.000   34.215652763  117.135572829    47.6854   1  10   0.0046    0.0055   0.0139  -0.0033   0.0064  -0.0052   0.00    4.3
2046 359233.000   34.215620921  117.135546743    47.7098   1  10   0.0046    0.0055   0.0139  -0.0033   0.0064  -0.0052   0.00    3.8
2046 359234.000   34.215587770  117.135521638    47.7256   1  10   0.0045    0.0054   0.0136  -0.0033   0.0065  -0.0054   0.00    4.9
2046 359235.000   34.215554778  117.135499075    47.7439   1   9   0.0064    0.0081   0.0223  -0.0046   0.0106  -0.0076   0.00    9.1
2046 359236.000   34.215521305  117.135477609    47.7925   1   9   0.0064    0.0081   0.0223  -0.0046   0.0106  -0.0076   0.00    9.3
2046 359237.000   34.215487725  117.135456739    47.8289   1   9   0.0045    0.0057   0.0158  -0.0033   0.0075  -0.0053   0.00    3.1
2046 359238.000   34.215453526  117.135436315    47.8608   1  10   0.0064    0.0077   0.0193  -0.0046   0.0092  -0.0077   0.00    4.7
2046 359239.000   34.215419461  117.135418189    47.8676   1  10   0.0045    0.0055   0.0136  -0.0033   0.0065  -0.0054   0.00    6.8
2046 359240.000   34.215385680  117.135401876    47.8855   1  10   0.0045    0.0055   0.0136  -0.0033   0.0065  -0.0054   0.00    8.6
2046 359241.000   34.215350909  117.135385753    47.9078   1  10   0.0045    0.0055   0.0136  -0.0033   0.0065  -0.0054   0.00    7.9
2046 359242.000   34.215316726  117.135369631    47.9386   1  10   0.0045    0.0055   0.0137  -0.0033   0.0065  -0.0054   0.00    9.2
2046 359243.000   34.215283487  117.135354511    47.9619   1  10   0.0045    0.0055   0.0137  -0.0033   0.0065  -0.0054   0.00   11.3
2046 359244.000   34.215251523  117.135340832    47.9791   1  10   0.0045    0.0055   0.0137  -0.0033   0.0065  -0.0054   0.00    4.8
2046 359245.000   34.215221543  117.135328282    47.9979   1  10   0.0045    0.0055   0.0137  -0.0033   0.0065  -0.0054   0.00    4.8
2046 359246.000   34.215193348  117.135316834    48.0064   1  10   0.0045    0.0055   0.0137  -0.0033   0.0065  -0.0054   0.00    8.6
2046 359247.000   34.215165242  117.135306626    48.0161   1  10   0.0045    0.0055   0.0137  -0.0033   0.0065  -0.0054   0.00    5.4
2046 359248.000   34.215135043  117.135296740    48.0306   1  10   0.0045    0.0055   0.0137  -0.0033   0.0065  -0.0054   0.00   12.1
2046 359249.000   34.215103274  117.135288099    48.0502   1  10   0.0045    0.0055   0.0137  -0.0033   0.0065  -0.0054   0.00   15.3
2046 359250.000   34.215069963  117.135281443    48.0697   1  10   0.0045    0.0055   0.0137  -0.0033   0.0065  -0.0054   0.00   11.7
2046 359251.000   34.215035280  117.135276541    48.1009   1  10   0.0045    0.0055   0.0137  -0.0033   0.0065  -0.0054   0.00    4.9
2046 359252.000   34.214999568  117.135272408    48.1021   1   9   0.0057    0.0057   0.0183  -0.0040   0.0079  -0.0085   0.00    6.0
2046 359253.000   34.214963487  117.135268826    48.1422   1   9   0.0057    0.0057   0.0183  -0.0040   0.0079  -0.0085   0.00    7.3
2046 359254.000   34.214927041  117.135265545    48.1886   1   9   0.0057    0.0057   0.0183  -0.0040   0.0079  -0.0085   0.00    5.8
2046 359255.000   34.214890210  117.135262268    48.2105   1   9   0.0057    0.0057   0.0183  -0.0041   0.0079  -0.0085   0.00    6.2
2046 359256.000   34.214852620  117.135259658    48.2323   1   9   0.0057    0.0057   0.0183  -0.0041   0.0079  -0.0085   0.00    7.1
2046 359257.000   34.214814577  117.135258004    48.2523   1  11   0.0043    0.0044   0.0108  -0.0026   0.0039  -0.0043   0.00   12.1
2046 359258.000   34.214776367  117.135256875    48.2740   1  11   0.0046    0.0038   0.0109  -0.0015  -0.0004  -0.0048   0.00   11.8
2046 359259.000   34.214738084  117.135256164    48.2954   1  12   0.0041    0.0037   0.0094  -0.0019   0.0018  -0.0034   0.00   19.3
2046 359260.000   34.214699757  117.135256309    48.3044   1  11   0.0041    0.0040   0.0104  -0.0020   0.0032  -0.0037   0.00   17.8
2046 359261.000   34.214661835  117.135256683    48.3109   1  11   0.0041    0.0040   0.0104  -0.0020   0.0032  -0.0037   0.00   19.9
2046 359262.000   34.214624384  117.135257201    48.3259   1  11   0.0041    0.0040   0.0104  -0.0020   0.0032  -0.0037   0.00   20.4
2046 359263.000   34.214587846  117.135257615    48.3476   1  12   0.0037    0.0037   0.0091  -0.0010   0.0014  -0.0020   0.00   30.3
2046 359264.000   34.214551721  117.135257992    48.3714   1  13   0.0037    0.0035   0.0086  -0.0011  -0.0011  -0.0021   0.00   13.1
2046 359265.000   34.214515533  117.135258176    48.4035   1  13   0.0037    0.0035   0.0086  -0.0011  -0.0011  -0.0021   0.00   27.8
2046 359266.000   34.214479351  117.135257963    48.4027   1  12   0.0039    0.0037   0.0094   0.0002  -0.0023  -0.0031   0.00   23.0
2046 359267.000   34.214442963  117.135257547    48.4188   1  13   0.0037    0.0035   0.0086  -0.0011  -0.0011  -0.0021   0.00   24.3
2046 359268.000   34.214406309  117.135256870    48.4245   1  12   0.0039    0.0037   0.0094   0.0002  -0.0023  -0.0031   0.00    6.9
2046 359269.000   34.214369512  117.135255576    48.3962   1  11   0.0039    0.0038   0.0100   0.0004  -0.0013  -0.0031   0.00   41.0
2046 359270.000   34.214332622  117.135254520    48.3802   1  10   0.0046    0.0041   0.0122  -0.0018   0.0028  -0.0052   0.00   40.9
2046 359271.000   34.214295870  117.135254100    48.4116   1  11   0.0042    0.0039   0.0108  -0.0010   0.0013  -0.0040   0.00    4.6
2046 359272.000   34.214259657  117.135254506    48.3900   1  12   0.0038    0.0038   0.0096  -0.0015   0.0022  -0.0028   0.00   31.1
2046 359273.000   34.214223994  117.135255540    48.3933   1  12   0.0037    0.0037   0.0091  -0.0010   0.0014  -0.0020   0.00   20.4
2046 359274.000   34.214189822  117.135256319    48.3844   1  11   0.0037    0.0042   0.0101  -0.0014   0.0033  -0.0024   0.00   16.6
2046 359275.000   34.214157377  117.135256496    48.3698   1  12   0.0037    0.0039   0.0091  -0.0014   0.0019  -0.0025   0.00   14.6
2046 359276.000   34.214126288  117.135256546    48.3796   1  10   0.0039    0.0043   0.0112  -0.0010   0.0029  -0.0036   0.00   15.0
2046 359277.000   34.214096275  117.135256914    48.3278   1   9   0.0057    0.0057   0.0184  -0.0041   0.0079  -0.0085   0.00   15.4
2046 359278.000   34.214064007  117.135257708    48.3115   1   9   0.0057    0.0057   0.0184  -0.0041   0.0080  -0.0085   0.00   23.9
2046 359279.000   34.214029109  117.135258533    48.3157   1  10   0.0045    0.0055   0.0137  -0.0033   0.0066  -0.0055   0.00   37.6
2046 359280.000   34.213992084  117.135258585    48.3023   1  10   0.0045    0.0055   0.0137  -0.0033   0.0066  -0.0055   0.00   15.8
2046 359281.000   34.213953684  117.135257722    48.2710   1   9   0.0057    0.0057   0.0184  -0.0041   0.0080  -0.0085   0.00   20.7
2046 359282.000   34.213914206  117.135256151    48.2420   1   9   0.0057    0.0057   0.0184  -0.0041   0.0080  -0.0085   0.00   29.6
2046 359283.000   34.213874813  117.135254463    48.2433   1   9   0.0057    0.0057   0.0184  -0.0041   0.0080  -0.0085   0.00   20.5
2046 359284.000   34.213835306  117.135252716    48.2434   1   9   0.0057    0.0057   0.0184  -0.0041   0.0080  -0.0085   0.00   52.9
2046 359285.000   34.213795332  117.135251092    48.2561   1   9   0.0057    0.0057   0.0184  -0.0041   0.0080  -0.0085   0.00   16.5
2046 359286.000   34.213755172  117.135250008    48.2560   1   9   0.0057    0.0057   0.0184  -0.0041   0.0080  -0.0085   0.00   15.5
2046 359287.000   34.213714868  117.135249000    48.2436   1  10   0.0045    0.0055   0.0137  -0.0033   0.0066  -0.0055   0.00   15.5
2046 359288.000   34.213674420  117.135248893    48.2284   1   9   0.0057    0.0057   0.0184  -0.0041   0.0080  -0.0086   0.00   24.1
2046 359289.000   34.213634763  117.135249465    48.2200   1   9   0.0057    0.0057   0.0184  -0.0041   0.0080  -0.0086   0.00   25.6
2046 359290.000   34.213595487  117.135251209    48.2112   1   9   0.0057    0.0057   0.0184  -0.0041   0.0080  -0.0086   0.00   22.9
2046 359291.000   34.213556480  117.135253651    48.2024   1   9   0.0057    0.0057   0.0184  -0.0041   0.0080  -0.0086   0.00   20.4
2046 359292.000   34.213517505  117.135255358    48.1758   1   9   0.0057    0.0057   0.0184  -0.0041   0.0080  -0.0086   0.00   19.1
2046 359293.000   34.213478441  117.135256203    48.1681   1  10   0.0045    0.0055   0.0137  -0.0033   0.0066  -0.0055   0.00   14.6
2046 359294.000   34.213439795  117.135256441    48.1383   1   9   0.0057    0.0057   0.0184  -0.0041   0.0080  -0.0086   0.00   27.5
2046 359295.000   34.213401765  117.135256949    48.1527   1  10   0.0045    0.0055   0.0137  -0.0033   0.0066  -0.0055   0.00   10.8
2046 359296.000   34.213364604  117.135257763    48.1142   1   9   0.0057    0.0057   0.0184  -0.0041   0.0080  -0.0086   0.00   26.1
2046 359297.000   34.213327529  117.135258684    48.1014   1  10   0.0045    0.0055   0.0137  -0.0033   0.0066  -0.0055   0.00    9.5
2046 359298.000   34.213290586  117.135259251    48.0597   1  10   0.0045    0.0055   0.0137  -0.0033   0.0066  -0.0055   0.00   27.8
2046 359299.000   34.213253625  117.135258147    48.0488   1  10   0.0045    0.0055   0.0137  -0.0033   0.0066  -0.0055   0.00   13.0
2046 359300.000   34.213216723  117.135256877    48.0726   1  10   0.0045    0.0055   0.0137  -0.0033   0.0066  -0.0055   0.00    5.9
2046 359301.000   34.213180327  117.135255825    48.0329   1   9   0.0057    0.0057   0.0184  -0.0041   0.0080  -0.0086   0.00   28.0
2046 359302.000   34.213142772  117.135255283    48.0274   1   9   0.0057    0.0057   0.0184  -0.0041   0.0080  -0.0086   0.00   29.4
2046 359303.000   34.213103749  117.135255303    48.0264   1  10   0.0045    0.0055   0.0137  -0.0033   0.0066  -0.0055   0.00   12.1
2046 359304.000   34.213064307  117.135254972    47.9977   1   9   0.0057    0.0057   0.0184  -0.0041   0.0080  -0.0086   0.00   15.5
2046 359305.000   34.213025505  117.135254828    47.9996   1  10   0.0045    0.0055   0.0137  -0.0033   0.0066  -0.0055   0.00   27.3
2046 359306.000   34.212987564  117.135255130    47.9884   1  10   0.0045    0.0055   0.0137  -0.0033   0.0066  -0.0055   0.00   29.8
2046 359307.000   34.212949934  117.135255470    47.9701   1  10   0.0045    0.0055   0.0137  -0.0033   0.0066  -0.0055   0.00    7.2
2046 359308.000   34.212912644  117.135255248    47.9083   1   9   0.0057    0.0057   0.0184  -0.0041   0.0080  -0.0086   0.00   19.0
2046 359309.000   34.212875290  117.135254615    47.8838   1   9   0.0057    0.0057   0.0184  -0.0041   0.0080  -0.0086   0.00   18.1
2046 359310.000   34.212838405  117.135254161    47.8750   1   9   0.0057    0.0057   0.0184  -0.0041   0.0080  -0.0086   0.00   16.4
2046 359311.000   34.212802793  117.135253507    47.8620   1   9   0.0057    0.0057   0.0184  -0.0041   0.0080  -0.0086   0.00   38.6
2046 359312.000   34.212768352  117.135252827    47.8501   1  10   0.0050    0.0044   0.0131  -0.0026   0.0040  -0.0062   0.00   32.1
2046 359313.000   34.212734888  117.135252305    47.8278   1  10   0.0050    0.0044   0.0131  -0.0026   0.0040  -0.0062   0.00   55.0
2046 359314.000   34.212701832  117.135252027    47.8169   1  10   0.0050    0.0044   0.0131  -0.0026   0.0040  -0.0062   0.00   85.1
2046 359315.000   34.212666973  117.135252061    47.8588   1  10   0.0050    0.0044   0.0131  -0.0026   0.0040  -0.0062   0.00    6.2
2046 359316.000   34.212630954  117.135252578    47.8062   1   9   0.0057    0.0057   0.0185  -0.0041   0.0080  -0.0086   0.00   46.6
2046 359317.000   34.212594417  117.135253554    47.7959   1  10   0.0039    0.0043   0.0112  -0.0010   0.0029  -0.0036   0.00   55.9
2046 359318.000   34.212556816  117.135254405    47.7888   1   9   0.0057    0.0057   0.0185  -0.0041   0.0080  -0.0086   0.00   70.9
2046 359319.000   34.212519527  117.135255123    47.7937   1  10   0.0045    0.0055   0.0137  -0.0033   0.0066  -0.0056   0.00   11.9
2046 359320.000   34.212483141  117.135254941    47.8001   1  10   0.0045    0.0055   0.0137  -0.0033   0.0066  -0.0056   0.00   11.1
2046 359321.000   34.212447159  117.135253862    47.7550   1   9   0.0057    0.0058   0.0185  -0.0041   0.0080  -0.0086   0.00   48.8
2046 359322.000   34.212410925  117.135252880    47.7366   1   9   0.0057    0.0058   0.0185  -0.0041   0.0081  -0.0086   0.00   54.1
2046 359323.000   34.212374251  117.135252275    47.7266   1  10   0.0039    0.0043   0.0112  -0.0010   0.0029  -0.0036   0.00   17.7
2046 359324.000   34.212337498  117.135252523    47.7060   1  10   0.0039    0.0043   0.0112  -0.0010   0.0029  -0.0036   0.00   35.2
2046 359325.000   34.212301205  117.135252687    47.6781   1   9   0.0057    0.0058   0.0185  -0.0041   0.0081  -0.0086   0.00   25.5
2046 359326.000   34.212265682  117.135252629    47.6610   1   9   0.0057    0.0058   0.0185  -0.0041   0.0081  -0.0086   0.00   23.8
2046 359327.000   34.212230343  117.135252531    47.6553   1   9   0.0057    0.0058   0.0185  -0.0041   0.0081  -0.0086   0.00   27.0
2046 359328.000   34.212195177  117.135252392    47.6315   1  10   0.0039    0.0043   0.0112  -0.0010   0.0029  -0.0036   0.00   23.4
2046 359329.000   34.212160633  117.135252734    47.6441   1  11   0.0037    0.0042   0.0101  -0.0014   0.0033  -0.0025   0.00   20.3
2046 359330.000   34.212127095  117.135253638    47.6264   1  11   0.0037    0.0042   0.0101  -0.0014   0.0033  -0.0025   0.00   37.1
2046 359331.000   34.212094117  117.135255076    47.6157   1  10   0.0045    0.0055   0.0137  -0.0033   0.0066  -0.0056   0.00   14.6
2046 359332.000   34.212059940  117.135256129    47.6010   1  10   0.0045    0.0055   0.0137  -0.0033   0.0066  -0.0056   0.00   14.6
2046 359333.000   34.212025733  117.135256033    47.5734   1  12   0.0037    0.0039   0.0091  -0.0014   0.0019  -0.0025   0.00   45.3
2046 359334.000   34.211992444  117.135255346    47.5500   1  10   0.0050    0.0044   0.0131  -0.0026   0.0041  -0.0062   0.00   51.8
2046 359335.000   34.211959959  117.135255378    47.5544   1  12   0.0039    0.0037   0.0094   0.0002  -0.0022  -0.0032   0.00   14.2
2046 359336.000   34.211928916  117.135259009    47.5404   1  12   0.0039    0.0037   0.0094   0.0002  -0.0022  -0.0032   0.00   23.3
2046 359337.000   34.211900044  117.135268593    47.5174   1  12   0.0039    0.0037   0.0094   0.0002  -0.0022  -0.0032   0.00   19.1
2046 359338.000   34.211873839  117.135282329    47.4892   1  12   0.0039    0.0037   0.0094   0.0002  -0.0022  -0.0032   0.00   22.5
2046 359339.000   34.211849649  117.135298772    47.4483   1  12   0.0039    0.0037   0.0094   0.0002  -0.0022  -0.0032   0.00   28.0
2046 359340.000   34.211827801  117.135319205    47.3952   1  12   0.0039    0.0037   0.0094   0.0002  -0.0022  -0.0032   0.00   62.7
2046 359341.000   34.211808221  117.135345253    47.3310   1  13   0.0036    0.0035   0.0086  -0.0011  -0.0010  -0.0023   0.00   31.0
2046 359342.000   34.211791825  117.135376459    47.2710   1  12   0.0038    0.0035   0.0090  -0.0012  -0.0012  -0.0016   0.00   11.2
2046 359343.000   34.211780519  117.135411723    47.1854   1  11   0.0042    0.0038   0.0097  -0.0019  -0.0025   0.0019   0.00   19.2
2046 359344.000   34.211775274  117.135449438    47.1110   1  11   0.0042    0.0038   0.0097  -0.0019  -0.0025   0.0019   0.00   15.3
2046 359345.000   34.211775099  117.135487981    47.0228   1   9   0.0043    0.0040   0.0120  -0.0014  -0.0030   0.0015   0.00   19.1
2046 359346.000   34.211777542  117.135527936    47.0013   2   7   0.1621    0.1067   0.2557  -0.0957  -0.1329   0.1462   0.00    2.2
2046 359347.000   34.211781334  117.135569274    46.9808   2  10   0.1982    0.1341   0.3204  -0.1122  -0.1595   0.1700   0.00    2.9
2046 359348.000   34.211785345  117.135611509    46.9489   2  10   0.2033    0.1443   0.3503  -0.1072  -0.1618   0.1624   0.00    1.7
2046 359349.000   34.211789070  117.135654835    46.7421   1   9   0.0066    0.0058   0.0187  -0.0026   0.0044  -0.0072   0.00    4.8
2046 359350.000   34.211791652  117.135698570    46.6615   1   8   0.0069    0.0060   0.0209  -0.0031   0.0021  -0.0059   0.00    3.8
2046 359351.000   34.211792528  117.135743663    46.5651   1   8   0.0069    0.0060   0.0209  -0.0031   0.0021  -0.0059   0.00    5.0
2046 359352.000   34.211792485  117.135789851    46.4563   1   8   0.0069    0.0060   0.0209  -0.0031   0.0021  -0.0059   0.00    6.3
2046 359353.000   34.211792666  117.135835828    46.5056   2  10   0.2318    0.1823   0.4978  -0.1016  -0.1676   0.0815   0.00    1.1
2046 359354.000   34.211792117  117.135882568    46.2674   1   9   0.0069    0.0060   0.0208  -0.0031   0.0020  -0.0059   0.00    4.5
2046 359355.000   34.211792272  117.135928831    46.1913   1   9   0.0046    0.0042   0.0120  -0.0024   0.0026  -0.0018   0.00    6.0
2046 359356.000   34.211793074  117.135974806    46.0928   1   8   0.0069    0.0060   0.0209  -0.0031   0.0021  -0.0059   0.00    3.2
2046 359357.000   34.211793187  117.136020304    46.2272   2   8   0.2426    0.1983   0.5408  -0.1023  -0.1637   0.0306   0.00    1.6
2046 359358.000   34.211792483  117.136066385    46.1236   2   9   0.2435    0.2004   0.5440  -0.1024  -0.1596   0.0273   0.00    1.1
2046 359359.000   34.211792127  117.136112141    46.0908   2   9   0.2441    0.2026   0.5467  -0.1027  -0.1560   0.0314   0.00    2.4
2046 359360.000   34.211791192  117.136157531    46.0076   2   9   0.2446    0.2045   0.5496  -0.1028  -0.1525   0.0355   0.00    1.5
2046 359361.000   34.211788729  117.136202818    45.9030   2  10   0.2440    0.2060   0.5498  -0.1016  -0.1507   0.0395   0.00    2.3
2046 359362.000   34.211785614  117.136248328    45.5982   1   9   0.0061    0.0057   0.0169  -0.0020  -0.0042   0.0020   0.00    3.2
2046 359363.000   34.211783821  117.136292777    45.7843   2   8   0.2446    0.2090   0.5526  -0.1008  -0.1487   0.0391   0.00    1.1
2046 359364.000   34.211782891  117.136337943    45.7006   2   8   0.2448    0.2100   0.5519  -0.1014  -0.1465   0.0494   0.00    1.1
2046 359365.000   34.211782677  117.136382615    45.6160   2  12   0.2427    0.2099   0.5452  -0.1001  -0.1414   0.0500   0.00    1.2
2046 359366.000   34.211782704  117.136426850    45.5113   2  12   0.2419    0.2100   0.5431  -0.0993  -0.1392   0.0478   0.00    2.2
2046 359367.000   34.211780847  117.136471274    45.1936   1  12   0.0052    0.0053   0.0128  -0.0014   0.0021  -0.0031   0.00    3.0
2046 359368.000   34.211779373  117.136514955    45.0995   1  12   0.0038    0.0038   0.0096  -0.0015   0.0023  -0.0029   0.00   12.7
2046 359369.000   34.211777863  117.136558267    45.0156   1  13   0.0039    0.0036   0.0091  -0.0015   0.0009  -0.0027   0.00    8.7
2046 359370.000   34.211776471  117.136601190    44.9502   1  12   0.0059    0.0053   0.0137  -0.0027  -0.0034   0.0026   0.00    3.4
2046 359371.000   34.211774619  117.136643982    44.8441   1  11   0.0043    0.0039   0.0100  -0.0021  -0.0020   0.0007   0.00    9.8
2046 359372.000   34.211773232  117.136686359    44.7765   1  11   0.0043    0.0039   0.0104  -0.0021  -0.0014   0.0012   0.00   13.7
2046 359373.000   34.211771281  117.136728599    44.6943   1  11   0.0060    0.0055   0.0149  -0.0024  -0.0021   0.0036   0.00    8.2
2046 359374.000   34.211769234  117.136770803    44.6098   1  10   0.0043    0.0040   0.0111  -0.0020   0.0011   0.0017   0.00    4.5
2046 359375.000   34.211767285  117.136812995    44.4994   1  10   0.0050    0.0043   0.0112  -0.0028  -0.0011   0.0026   0.00    7.3
2046 359376.000   34.211766228  117.136854333    44.7315   2  10   0.2478    0.2141   0.5440  -0.1025  -0.1358   0.0912   0.00    1.2
2046 359377.000   34.211764002  117.136897282    44.3354   1  11   0.0050    0.0046   0.0096  -0.0033  -0.0012  -0.0017   0.00    7.6
2046 359378.000   34.211765312  117.136938928    44.2614   1  11   0.0090    0.0072   0.0149  -0.0064  -0.0034   0.0023   0.00    9.6
2046 359379.000   34.211768324  117.136979372    44.4771   2  12   0.2509    0.2154   0.5455  -0.1040  -0.1379   0.0989   0.00    1.9
2046 359380.000   34.211770303  117.137020059    44.1214   1   9   0.0082    0.0066   0.0158  -0.0052  -0.0048   0.0065   0.00    3.5
2046 359381.000   34.211775232  117.137058457    44.3666   2   9   0.2494    0.2152   0.5482  -0.0987  -0.1364   0.1007   0.00    1.2
2046 359382.000   34.211778137  117.137098005    43.9749   1  11   0.0041    0.0038   0.0096  -0.0019  -0.0024   0.0018   0.00    5.8
2046 359383.000   34.211782874  117.137136040    44.1933   2  13   0.2443    0.2152   0.5458  -0.0926  -0.1360   0.0823   0.00    2.4
2046 359384.000   34.211785300  117.137175484    44.0763   2  11   0.2431    0.2155   0.5463  -0.0907  -0.1352   0.0787   0.00    1.6
2046 359385.000   34.211786617  117.137216976    44.0097   2  11   0.2417    0.2155   0.5463  -0.0887  -0.1352   0.0737   0.00    2.6
2046 359386.000   34.211786504  117.137260364    43.6448   1  11   0.0042    0.0039   0.0102  -0.0018  -0.0029   0.0012   0.00    7.3
2046 359387.000   34.211787002  117.137303947    43.5428   1  10   0.0042    0.0040   0.0108  -0.0015  -0.0035  -0.0011   0.00    5.5
2046 359388.000   34.211787198  117.137347757    43.4432   1  11   0.0042    0.0040   0.0108  -0.0015  -0.0035  -0.0011   0.00   15.7
2046 359389.000   34.211787179  117.137391550    43.3618   1  11   0.0042    0.0040   0.0108  -0.0015  -0.0035  -0.0012   0.00    6.4
2046 359390.000   34.211787048  117.137434649    43.3170   1  12   0.0039    0.0036   0.0093  -0.0015  -0.0017  -0.0006   0.00    4.7
2046 359391.000   34.211787786  117.137475976    43.6102   2  11   0.2370    0.2160   0.5479  -0.0780  -0.1387   0.0387   0.00    2.8
2046 359392.000   34.211786982  117.137517375    43.5867   2  11   0.2365    0.2160   0.5474  -0.0771  -0.1382   0.0310   0.00    1.2
2046 359393.000   34.211784730  117.137559239    43.1174   1  11   0.0061    0.0057   0.0169  -0.0020  -0.0041   0.0018   0.00    3.8
2046 359394.000   34.211783777  117.137600032    43.0291   1  10   0.0042    0.0039   0.0111  -0.0016  -0.0021   0.0021   0.00    6.9
2046 359395.000   34.211783022  117.137640841    42.9406   1  12   0.0042    0.0039   0.0106  -0.0017  -0.0026   0.0016   0.00    5.9
2046 359396.000   34.211783723  117.137681624    42.8670   1  11   0.0040    0.0037   0.0102  -0.0002  -0.0019  -0.0028   0.00    3.4
2046 359397.000   34.211787216  117.137721260    43.1930   2  11   0.2364    0.2171   0.5524  -0.0729  -0.1445  -0.0262   0.00    1.0
2046 359398.000   34.211789365  117.137762155    43.1199   2  10   0.2366    0.2174   0.5538  -0.0723  -0.1455  -0.0308   0.00    1.3
2046 359399.000   34.211790561  117.137804257    43.0484   2   9   0.2374    0.2181   0.5563  -0.0736  -0.1486  -0.0246   0.00    2.7
2046 359400.000   34.211791046  117.137848071    42.9970   2  10   0.2369    0.2177   0.5552  -0.0724  -0.1473  -0.0374   0.00    1.1
2046 359401.000   34.211789292  117.137894092    42.4487   1  12   0.0053    0.0050   0.0127  -0.0016  -0.0016  -0.0024   0.00    3.6
2046 359402.000   34.211790429  117.137938187    42.8464   2  11   0.2363    0.2176   0.5539  -0.0716  -0.1473  -0.0527   0.00    1.1
2046 359403.000   34.211788816  117.137985583    42.2636   1  10   0.0056    0.0054   0.0150   0.0005  -0.0016  -0.0038   0.00    3.9
2046 359404.000   34.211791085  117.138030254    42.7350   2  10   0.2372    0.2180   0.5564  -0.0713  -0.1509  -0.0618   0.00    1.1
2046 359405.000   34.211791418  117.138076638    42.6624   2   9   0.2378    0.2186   0.5581  -0.0717  -0.1540  -0.0678   0.00    2.1
2046 359406.000   34.211791726  117.138123192    42.5926   2   9   0.2382    0.2187   0.5574  -0.0742  -0.1549  -0.0674   0.00    3.0
2046 359407.000   34.211791807  117.138170099    42.5422   2  11   0.2377    0.2181   0.5542  -0.0740  -0.1532  -0.0766   0.00    2.7
2046 359408.000   34.211792143  117.138217143    42.4690   2  10   0.2381    0.2178   0.5533  -0.0739  -0.1521  -0.0852   0.00    2.9
2046 359409.000   34.211790832  117.138265813    41.7603   1  11   0.0060    0.0053   0.0140  -0.0027   0.0029  -0.0046   0.00    6.4
2046 359410.000   34.211791140  117.138312426    41.6993   1  12   0.0053    0.0050   0.0127  -0.0016  -0.0015  -0.0024   0.00    4.0
2046 359411.000   34.211791045  117.138358496    41.6367   1  11   0.0069    0.0058   0.0175  -0.0030  -0.0035  -0.0056   0.00    3.3
2046 359412.000   34.211791029  117.138403617    41.6106   1  10   0.0046    0.0040   0.0105  -0.0025  -0.0005  -0.0022   0.00    4.1
2046 359413.000   34.211790753  117.138447489    41.5563   1  12   0.0039    0.0036   0.0093  -0.0015   0.0009  -0.0024   0.00    8.5
2046 359414.000   34.211790784  117.138490507    41.5112   1  12   0.0039    0.0036   0.0093  -0.0015   0.0009  -0.0024   0.00    4.9
2046 359415.000   34.211790843  117.138533914    41.4535   1  13   0.0040    0.0037   0.0094  -0.0013  -0.0005  -0.0034   0.00   11.5
2046 359416.000   34.211791032  117.138579037    41.4096   1  12   0.0041    0.0037   0.0099  -0.0013  -0.0008  -0.0030   0.00    3.9
2046 359417.000   34.211791416  117.138626067    41.3498   1  11   0.0042    0.0037   0.0105  -0.0010  -0.0017  -0.0036   0.00    7.1
2046 359418.000   34.211791437  117.138673526    41.2914   1  12   0.0039    0.0036   0.0093  -0.0015   0.0010  -0.0024   0.00    7.3
2046 359419.000   34.211791043  117.138721132    41.2485   1  12   0.0039    0.0036   0.0093  -0.0015   0.0010  -0.0025   0.00    5.0
2046 359420.000   34.211792379  117.138767470    41.9047   2  12   0.2399    0.2187   0.5477  -0.0830  -0.1565  -0.1026   0.00    1.2
2046 359421.000   34.211790070  117.138817681    41.1431   1  12   0.0038    0.0036   0.0100  -0.0012  -0.0016  -0.0008   0.00    3.8
2046 359422.000   34.211788612  117.138865190    41.0764   1  10   0.0043    0.0040   0.0122  -0.0017  -0.0039   0.0015   0.00    5.0
2046 359423.000   34.211786371  117.138911867    41.0144   1  11   0.0062    0.0058   0.0205  -0.0027  -0.0067   0.0044   0.00    4.5
2046 359424.000   34.211784683  117.138958659    40.9528   1  10   0.0062    0.0058   0.0205  -0.0027  -0.0067   0.0044   0.00    3.3
2046 359425.000   34.211786085  117.139006220    40.9146   1  13   0.0052    0.0051   0.0153  -0.0017  -0.0028  -0.0015   0.00    3.7
2046 359426.000   34.211792497  117.139051848    41.6450   2  11   0.2477    0.2251   0.5557  -0.0952  -0.1723  -0.1081   0.00    1.2
2046 359427.000   34.211799283  117.139099442    41.5801   2   9   0.2518    0.2273   0.5613  -0.0989  -0.1779  -0.1115   0.00    1.1
2046 359428.000   34.211807054  117.139147156    41.5492   2   9   0.2534    0.2278   0.5597  -0.1012  -0.1768  -0.1160   0.00    1.4
2046 359429.000   34.211812775  117.139196595    40.6909   1  10   0.0060    0.0056   0.0153  -0.0021  -0.0048  -0.0019   0.00    4.5
2046 359430.000   34.211821933  117.139240360    41.4599   2   9   0.2594    0.2304   0.5632  -0.1084  -0.1797  -0.1213   0.00    2.5
2046 359431.000   34.211829119  117.139286381    41.4189   2  11   0.2603    0.2307   0.5597  -0.1117  -0.1791  -0.1161   0.00    1.6
2046 359432.000   34.211836592  117.139334595    41.3676   2   9   0.2654    0.2342   0.5600  -0.1208  -0.1827  -0.1104   0.00    1.6
2046 359433.000   34.211845273  117.139383315    41.3352   2   8   0.2680    0.2353   0.5574  -0.1251  -0.1800  -0.1157   0.00    1.6
2046 359434.000   34.211854505  117.139431008    41.2969   2   8   0.2684    0.2355   0.5544  -0.1269  -0.1801  -0.1117   0.00    1.5
2046 359435.000   34.211864358  117.139478457    41.2438   2   8   0.2685    0.2351   0.5515  -0.1279  -0.1788  -0.1096   0.00    2.2
2046 359436.000   34.211875122  117.139526062    41.1808   2   8   0.2679    0.2340   0.5486  -0.1277  -0.1773  -0.1059   0.00    1.9
2046 359437.000   34.211884343  117.139576239    40.2996   1  11   0.0040    0.0037   0.0099  -0.0004  -0.0022  -0.0029   0.00    3.8
2046 359438.000   34.211895719  117.139623405    40.2413   1  10   0.0042    0.0040   0.0108  -0.0015  -0.0034  -0.0014   0.00    3.8
2046 359439.000   34.211905231  117.139670795    40.1752   1  11   0.0041    0.0038   0.0103  -0.0010  -0.0028  -0.0024   0.00    3.4
2046 359440.000   34.211913505  117.139718667    40.1097   1  10   0.0066    0.0054   0.0163  -0.0023   0.0014  -0.0067   0.00    4.0
2046 359441.000   34.211924465  117.139763795    40.8800   2  11   0.2620    0.2268   0.5255  -0.1268  -0.1615  -0.0927   0.00    1.7
2046 359442.000   34.211934612  117.139811711    40.8098   2  10   0.2624    0.2266   0.5225  -0.1282  -0.1637  -0.0861   0.00    1.4
2046 359443.000   34.211945469  117.139861820    39.9529   1  11   0.0046    0.0039   0.0095  -0.0024  -0.0020  -0.0021   0.00    4.4
2046 359444.000   34.211963189  117.139905851    40.6838   2  11   0.2580    0.2229   0.5164  -0.1242  -0.1583  -0.0821   0.00    2.1
2046 359445.000   34.211980814  117.139951748    40.6244   2  12   0.2561    0.2214   0.5113  -0.1250  -0.1539  -0.0725   0.00    1.2
2046 359446.000   34.211997110  117.139999732    39.7817   1  13   0.0089    0.0070   0.0137  -0.0062  -0.0043   0.0026   0.00    3.4
2046 359447.000   34.212015105  117.140045084    39.7326   1  12   0.0089    0.0070   0.0137  -0.0062  -0.0043   0.0026   0.00    4.0
2046 359448.000   34.212032260  117.140091029    39.6784   1  12   0.0089    0.0070   0.0137  -0.0062  -0.0043   0.0026   0.00    3.8
2046 359449.000   34.212050067  117.140136725    39.6298   1  14   0.0069    0.0057   0.0128  -0.0039   0.0013  -0.0046   0.00    5.2
2046 359450.000   34.212068098  117.140181543    39.5841   1  12   0.0047    0.0039   0.0093  -0.0026  -0.0012  -0.0027   0.00    4.9
2046 359451.000   34.212087119  117.140224987    39.5302   1  12   0.0052    0.0043   0.0096  -0.0032  -0.0024  -0.0014   0.00    6.0
2046 359452.000   34.212107546  117.140267105    39.4765   1  11   0.0063    0.0050   0.0097  -0.0044  -0.0031   0.0018   0.00    3.7
2046 359453.000   34.212131127  117.140305959    40.1893   2  12   0.2532    0.2180   0.5008  -0.1273  -0.1450  -0.0462   0.00    2.6
2046 359454.000   34.212151670  117.140349542    39.3963   1  11   0.0064    0.0055   0.0135  -0.0034  -0.0028  -0.0030   0.00    3.9
2046 359455.000   34.212174265  117.140390556    39.3554   1  11   0.0046    0.0039   0.0099  -0.0024  -0.0015  -0.0022   0.00    5.0
2046 359456.000   34.212197828  117.140430166    40.0763   2  12   0.2529    0.2176   0.4990  -0.1287  -0.1426  -0.0331   0.00    1.8
2046 359457.000   34.212218302  117.140474909    39.2914   1  11   0.0043    0.0039   0.0100  -0.0021  -0.0018  -0.0007   0.00    3.8
2046 359458.000   34.212241315  117.140517400    39.2445   1  11   0.0052    0.0044   0.0105  -0.0032  -0.0012  -0.0018   0.00    5.9
2046 359459.000   34.212266051  117.140557398    39.9528   2  12   0.2542    0.2183   0.4989  -0.1317  -0.1415   0.0170   0.00    1.7
2046 359460.000   34.212286692  117.140602402    39.1732   1  11   0.0063    0.0050   0.0097  -0.0044  -0.0030   0.0018   0.00    3.4
2046 359461.000   34.212310034  117.140644112    39.1501   1  11   0.0055    0.0046   0.0093  -0.0036  -0.0038   0.0034   0.00    4.1
2046 359462.000   34.212333698  117.140683404    39.1241   1  11   0.0046    0.0039   0.0095  -0.0024  -0.0019  -0.0021   0.00    5.1
2046 359463.000   34.212356738  117.140720266    39.1177   1  11   0.0046    0.0039   0.0099  -0.0024  -0.0014  -0.0022   0.00    6.0
2046 359464.000   34.212380730  117.140752590    39.8842   2  11   0.2471    0.2152   0.4956  -0.1247  -0.1295  -0.0430   0.00    1.1
2046 359465.000   34.212399667  117.140787901    39.1014   1  10   0.0046    0.0040   0.0105  -0.0024   0.0004  -0.0023   0.00    7.4
2046 359466.000   34.212421535  117.140820840    39.0874   1  10   0.0046    0.0040   0.0105  -0.0024   0.0004  -0.0023   0.00    4.4
2046 359467.000   34.212447992  117.140852032    39.8725   2  11   0.2426    0.2134   0.4963  -0.1195  -0.1198  -0.0572   0.00    1.5
2046 359468.000   34.212473650  117.140885444    39.8631   2  12   0.2408    0.2127   0.4949  -0.1176  -0.1197  -0.0547   0.00    1.2
2046 359469.000   34.212499295  117.140919123    39.8746   2  11   0.2396    0.2125   0.4945  -0.1163  -0.1167  -0.0596   0.00    1.1
2046 359470.000   34.212522572  117.140955479    39.0391   1  12   0.0065    0.0061   0.0151  -0.0033  -0.0027  -0.0036   0.00    3.6
2046 359471.000   34.212548109  117.140989426    39.0228   1  10   0.0065    0.0061   0.0151  -0.0033  -0.0027  -0.0036   0.00    4.0
2046 359472.000   34.212574517  117.141022884    39.0022   1  11   0.0065    0.0061   0.0151  -0.0033  -0.0027  -0.0036   0.00    4.8
2046 359473.000   34.212600736  117.141057007    39.0021   1  12   0.0038    0.0037   0.0091  -0.0010  -0.0017  -0.0020   0.00    5.0
2046 359474.000   34.212628617  117.141089555    39.7806   2  14   0.2329    0.2104   0.4897  -0.1089  -0.1051  -0.0776   0.00    2.2
2046 359475.000   34.212656098  117.141123686    39.7638   2  13   0.2329    0.2106   0.4898  -0.1092  -0.1047  -0.0767   0.00    2.0
2046 359476.000   34.212683017  117.141158609    38.9598   1  12   0.0042    0.0039   0.0096  -0.0018   0.0007  -0.0033   0.00    5.4
2046 359477.000   34.212712259  117.141189955    38.9506   1  12   0.0042    0.0039   0.0096  -0.0018   0.0007  -0.0033   0.00    4.9
2046 359478.000   34.212743880  117.141218626    39.7463   2  13   0.2298    0.2099   0.4886  -0.1055  -0.0960  -0.0857   0.00    1.2
2046 359479.000   34.212774437  117.141248621    39.7373   2  12   0.2292    0.2102   0.4899  -0.1049  -0.0924  -0.0861   0.00    1.2
2046 359480.000   34.212803905  117.141279985    38.9251   1  11   0.0042    0.0038   0.0099  -0.0019   0.0021  -0.0034   0.00    3.9
2046 359481.000   34.212835007  117.141309376    38.9309   1  11   0.0065    0.0083   0.0227  -0.0048   0.0111  -0.0081   0.00    4.1
2046 359482.000   34.212866588  117.141338147    38.9259   1  12   0.0065    0.0083   0.0227  -0.0048   0.0111  -0.0082   0.00    3.9
2046 359483.000   34.212898717  117.141365986    38.9275   1  10   0.0065    0.0083   0.0227  -0.0048   0.0111  -0.0082   0.00    3.8
2046 359484.000   34.212931386  117.141393867    38.9237   1  11   0.0067    0.0083   0.0255  -0.0048   0.0113  -0.0068   0.00    4.1
2046 359485.000   34.212963773  117.141421421    38.9322   1  11   0.0041    0.0044   0.0118  -0.0020   0.0039  -0.0026   0.00    5.2
2046 359486.000   34.212996551  117.141448034    38.9492   1  13   0.0041    0.0040   0.0106  -0.0018   0.0025  -0.0022   0.00    3.1
2046 359487.000   34.213029359  117.141474138    38.9467   1  13   0.0041    0.0040   0.0106  -0.0018   0.0024  -0.0022   0.00    4.1
2046 359488.000   34.213062028  117.141499547    38.9243   1  13   0.0064    0.0060   0.0169  -0.0034   0.0041  -0.0033   0.00    4.5
2046 359489.000   34.213094685  117.141523063    38.9138   1  12   0.0064    0.0060   0.0169  -0.0034   0.0040  -0.0033   0.00    6.2
2046 359490.000   34.213128939  117.141542176    39.7188   2  12   0.2222    0.2121   0.4897  -0.0965  -0.0600  -0.0972   0.00    1.1
2046 359491.000   34.213161951  117.141561945    38.9093   1  12   0.0040    0.0041   0.0105  -0.0017   0.0021  -0.0006   0.00    5.6
2046 359492.000   34.213196788  117.141580665    38.9106   1  12   0.0054    0.0061   0.0155  -0.0015   0.0053  -0.0024   0.00    4.2
2046 359493.000   34.213233430  117.141600913    38.8919   1  11   0.0039    0.0040   0.0099  -0.0014   0.0020  -0.0006   0.00    5.5
2046 359494.000   34.213269818  117.141621817    38.8960   1  11   0.0038    0.0041   0.0102  -0.0011   0.0030  -0.0017   0.00    3.1
2046 359495.000   34.213305952  117.141643213    38.9013   1  11   0.0054    0.0061   0.0155  -0.0015   0.0053  -0.0024   0.00    3.2
2046 359496.000   34.213341767  117.141665106    38.8618   1  10   0.0038    0.0043   0.0110  -0.0011   0.0038  -0.0017   0.00    4.8
2046 359497.000   34.213377742  117.141687326    38.8364   1  13   0.0041    0.0036   0.0088  -0.0018   0.0009  -0.0035   0.00    4.6
2046 359498.000   34.213414066  117.141708815    38.8237   1  13   0.0041    0.0036   0.0088  -0.0018   0.0009  -0.0035   0.00    4.4
2046 359499.000   34.213449198  117.141729283    38.8276   1  11   0.0044    0.0049   0.0121  -0.0030   0.0053  -0.0051   0.00    3.2
2046 359500.000   34.213483493  117.141750433    39.5225   2  11   0.2199    0.2185   0.4968  -0.0974   0.0490  -0.1085   0.00    1.8
2046 359501.000   34.213516830  117.141775086    38.7949   1  11   0.0042    0.0041   0.0104  -0.0021   0.0034  -0.0040   0.00    6.1
2046 359502.000   34.213551906  117.141797301    38.8090   1  12   0.0041    0.0038   0.0093  -0.0019   0.0022  -0.0036   0.00    4.2
2046 359503.000   34.213587202  117.141816833    38.7878   1  14   0.0036    0.0035   0.0081  -0.0011  -0.0017  -0.0024   0.00   12.0
2046 359504.000   34.213622728  117.141834837    38.8000   1  13   0.0036    0.0036   0.0086  -0.0011  -0.0008  -0.0025   0.00    3.6
2046 359505.000   34.213659162  117.141853805    38.7770   1  13   0.0036    0.0036   0.0086  -0.0011  -0.0008  -0.0025   0.00    4.1
2046 359506.000   34.213695510  117.141874966    38.7589   1  12   0.0055    0.0053   0.0125  -0.0022  -0.0027  -0.0020   0.00    3.4
2046 359507.000   34.213731421  117.141895759    38.7196   1  13   0.0041    0.0037   0.0091  -0.0019   0.0016  -0.0036   0.00    7.5
2046 359508.000   34.213767852  117.141914162    39.3822   2  11   0.2219    0.2178   0.4987  -0.0992   0.0271  -0.0972   0.00    1.3
2046 359509.000   34.213803121  117.141935933    39.3794   2  13   0.2231    0.2182   0.4992  -0.1009   0.0045  -0.0924   0.00    2.7
2046 359510.000   34.213837845  117.141959838    39.3804   2  12   0.2231    0.2187   0.5010  -0.1007   0.0279  -0.0925   0.00    1.4
2046 359511.000   34.213871107  117.141986445    38.6933   1  13   0.0058    0.0053   0.0136  -0.0026  -0.0032   0.0020   0.00    9.2
2046 359512.000   34.213904976  117.142011336    38.6736   1  12   0.0041    0.0039   0.0094  -0.0017  -0.0029   0.0010   0.00    4.7
2046 359513.000   34.213937807  117.142035459    38.6731   1  12   0.0064    0.0056   0.0148  -0.0034   0.0011  -0.0035   0.00    3.3
2046 359514.000   34.213970128  117.142059040    38.6640   1  10   0.0064    0.0056   0.0148  -0.0034   0.0011  -0.0035   0.00    4.2
2046 359515.000   34.214002024  117.142083149    38.6489   1  11   0.0055    0.0057   0.0135  -0.0025   0.0018  -0.0029   0.00    5.1
2046 359516.000   34.214034249  117.142105873    39.2889   2   9   0.2286    0.2248   0.5175  -0.1066   0.0696  -0.0788   0.00    1.1
2046 359517.000   34.214062885  117.142131228    38.6037   1   9   0.0064    0.0060   0.0169  -0.0034   0.0041  -0.0034   0.00    5.5
2046 359518.000   34.214092800  117.142152692    39.2296   2   9   0.2276    0.2238   0.5173  -0.1038   0.0699  -0.0749   0.00    1.5
2046 359519.000   34.214120387  117.142177232    38.5741   1   9   0.0059    0.0061   0.0173  -0.0021   0.0047   0.0035   0.00    7.5
2046 359520.000   34.214150471  117.142201393    38.5615   1  10   0.0042    0.0042   0.0112  -0.0014   0.0014   0.0022   0.00    3.6
2046 359521.000   34.214182212  117.142225154    39.2043   2  14   0.2243    0.2181   0.5047  -0.1015   0.0328  -0.0888   0.00    1.3
2046 359522.000   34.214211645  117.142253008    38.5334   1  13   0.0039    0.0038   0.0094  -0.0011  -0.0014  -0.0018   0.00    4.2
2046 359523.000   34.214241586  117.142279980    38.5076   1  13   0.0038    0.0036   0.0090  -0.0014  -0.0015  -0.0018   0.00    3.4
2046 359524.000   34.214269940  117.142306567    38.4540   1  13   0.0038    0.0036   0.0090  -0.0014  -0.0015  -0.0018   0.00    6.2
2046 359525.000   34.214296806  117.142332721    38.4285   1  14   0.0037    0.0035   0.0082  -0.0013  -0.0020  -0.0022   0.00    5.2
2046 359526.000   34.214322932  117.142357590    38.3819   1  14   0.0037    0.0035   0.0082  -0.0013  -0.0020  -0.0022   0.00    8.0
2046 359527.000   34.214348996  117.142381770    38.3236   1  14   0.0036    0.0035   0.0081  -0.0010  -0.0017  -0.0024   0.00    9.4
2046 359528.000   34.214376620  117.142407857    38.2617   1  13   0.0036    0.0036   0.0086  -0.0011  -0.0007  -0.0025   0.00    5.4
2046 359529.000   34.214405234  117.142434514    38.2160   1  13   0.0036    0.0036   0.0084  -0.0010  -0.0009  -0.0024   0.00    7.1
2046 359530.000   34.214433701  117.142461649    38.1383   1  14   0.0036    0.0035   0.0081  -0.0010  -0.0017  -0.0024   0.00    8.2
2046 359531.000   34.214461904  117.142489532    38.0628   1  12   0.0041    0.0038   0.0095  -0.0019   0.0022  -0.0038   0.00    6.2
2046 359532.000   34.214489908  117.142517767    37.9844   1  12   0.0042    0.0041   0.0101  -0.0023   0.0031  -0.0042   0.00    6.0
2046 359533.000   34.214518561  117.142544976    38.5555   2  12   0.2285    0.2187   0.5051  -0.1105   0.0213  -0.1018   0.00    2.2
2046 359534.000   34.214544243  117.142576048    37.8539   1  11   0.0045    0.0049   0.0121  -0.0030   0.0053  -0.0052   0.00    5.3
2046 359535.000   34.214571822  117.142604392    38.4406   2  11   0.2309    0.2209   0.5068  -0.1149   0.0203  -0.0989   0.00    1.3
2046 359536.000   34.214598035  117.142634500    38.3654   2  10   0.2336    0.2219   0.5077  -0.1183  -0.0148  -0.0950   0.00    1.0
2046 359537.000   34.214622703  117.142666948    37.6360   1  11   0.0042    0.0039   0.0104  -0.0020   0.0029  -0.0035   0.00    7.8
2046 359538.000   34.214649703  117.142696935    38.2022   2  11   0.2381    0.2237   0.5094  -0.1241  -0.0393  -0.0865   0.00    2.0
2046 359539.000   34.214676129  117.142728450    38.1051   2  12   0.2399    0.2244   0.5110  -0.1261  -0.0399  -0.0829   0.00    1.9
2046 359540.000   34.214703206  117.142759653    38.0367   2  10   0.2435    0.2265   0.5137  -0.1308  -0.0477  -0.0740   0.00    1.5
2046 359541.000   34.214729793  117.142791377    37.9746   2   8   0.2485    0.2294   0.5151  -0.1372  -0.0468  -0.0712   0.00    2.6
2046 359542.000   34.214755782  117.142823494    37.9091   2   9   0.2508    0.2298   0.5155  -0.1395  -0.0571  -0.0624   0.00    1.1
2046 359543.000   34.214779205  117.142858001    37.1629   1  10   0.0041    0.0041   0.0111  -0.0017   0.0022   0.0018   0.00    8.7
2046 359544.000   34.214803635  117.142890569    37.0816   1  10   0.0041    0.0040   0.0104  -0.0018   0.0010   0.0012   0.00   10.9
2046 359545.000   34.214829337  117.142921262    37.7144   2  10   0.2539    0.2302   0.5189  -0.1424  -0.0672  -0.0491   0.00    1.2
2046 359546.000   34.214851325  117.142955885    36.9215   1  11   0.0064    0.0055   0.0135  -0.0034  -0.0026  -0.0033   0.00    3.7
2046 359547.000   34.214874537  117.142988963    36.8570   1  13   0.0038    0.0035   0.0084  -0.0011  -0.0018  -0.0020   0.00    4.1
2046 359548.000   34.214897136  117.143022327    36.7912   1  10   0.0054    0.0046   0.0099  -0.0035  -0.0034   0.0033   0.00    5.4
2046 359549.000   34.214919147  117.143056051    36.7151   1  10   0.0054    0.0046   0.0099  -0.0035  -0.0034   0.0033   0.00    7.1
2046 359550.000   34.214940731  117.143090480    36.6469   1  11   0.0045    0.0039   0.0095  -0.0024  -0.0018  -0.0023   0.00   10.0
2046 359551.000   34.214962494  117.143126210    36.5608   1  11   0.0045    0.0039   0.0095  -0.0024  -0.0018  -0.0023   0.00    5.0
2046 359552.000   34.214986147  117.143161528    37.2300   2  11   0.2577    0.2305   0.5238  -0.1450  -0.0776   0.0097   0.00    1.6
2046 359553.000   34.215009260  117.143198715    37.1505   2  11   0.2573    0.2303   0.5249  -0.1443  -0.0760   0.0132   0.00    1.3
2046 359554.000   34.215032941  117.143235510    37.0742   2  10   0.2568    0.2304   0.5271  -0.1436  -0.0716   0.0144   0.00    1.0
2046 359555.000   34.215057170  117.143271420    37.0233   2  10   0.2554    0.2299   0.5266  -0.1419  -0.0660  -0.0240   0.00    1.4
2046 359556.000   34.215080702  117.143306960    36.9665   2  10   0.2548    0.2298   0.5276  -0.1410  -0.0690   0.0215   0.00    1.2
2046 359557.000   34.215104045  117.143341704    36.8848   2  10   0.2546    0.2299   0.5296  -0.1403  -0.0668   0.0322   0.00    2.1
2046 359558.000   34.215126738  117.143376427    36.7984   2  10   0.2535    0.2295   0.5298  -0.1387  -0.0615   0.0256   0.00    1.2
2046 359559.000   34.215149336  117.143414803    35.9716   1  10   0.0046    0.0040   0.0105  -0.0024   0.0010  -0.0026   0.00    5.6
2046 359560.000   34.215176344  117.143451900    36.6375   2  10   0.2533    0.2300   0.5325  -0.1381  -0.0578   0.0358   0.00    2.4
2046 359561.000   34.215203234  117.143491965    36.5463   2   9   0.2527    0.2307   0.5347  -0.1374  -0.0466   0.0334   0.00    1.1
2046 359562.000   34.215228533  117.143535026    35.6975   1  10   0.0064    0.0057   0.0148  -0.0034   0.0014  -0.0037   0.00    3.1
2046 359563.000   34.215255595  117.143576214    35.6057   1  11   0.0041    0.0038   0.0096  -0.0018  -0.0022   0.0012   0.00    6.8
2046 359564.000   34.215282462  117.143616726    35.5163   1  11   0.0041    0.0038   0.0096  -0.0018  -0.0022   0.0012   0.00    7.1
2046 359565.000   34.215308799  117.143656567    35.4413   1  10   0.0046    0.0040   0.0105  -0.0024   0.0010  -0.0026   0.00    8.4
2046 359566.000   34.215335326  117.143696015    35.3703   1  10   0.0046    0.0042   0.0112  -0.0026   0.0026  -0.0031   0.00    7.5
2046 359567.000   34.215362856  117.143736341    35.2778   1  11   0.0066    0.0065   0.0176  -0.0041   0.0058  -0.0054   0.00    3.5
2046 359568.000   34.215391243  117.143776240    35.1925   1  11   0.0041    0.0040   0.0104  -0.0018   0.0011   0.0011   0.00    4.1
2046 359569.000   34.215420451  117.143815586    35.1186   1  11   0.0041    0.0042   0.0108  -0.0020   0.0029  -0.0028   0.00    4.8
2046 359570.000   34.215450638  117.143854809    35.0550   1  10   0.0067    0.0085   0.0258  -0.0049   0.0116  -0.0072   0.00    4.4
2046 359571.000   34.215481898  117.143893654    34.9921   1  10   0.0046    0.0040   0.0105  -0.0024   0.0010  -0.0026   0.00    3.1
2046 359572.000   34.215512563  117.143930954    34.9511   1  10   0.0045    0.0040   0.0105  -0.0024   0.0011  -0.0026   0.00    6.0
2046 359573.000   34.215543984  117.143965459    35.6488   2  10   0.2488    0.2369   0.5488  -0.1305   0.0942  -0.0398   0.00    1.6
2046 359574.000   34.215575202  117.144002178    35.6100   2  10   0.2490    0.2382   0.5507  -0.1310   0.1010  -0.0455   0.00    2.0
2046 359575.000   34.215607317  117.144039250    35.5570   2  11   0.2491    0.2388   0.5515  -0.1312   0.1033  -0.0459   0.00    1.0
2046 359576.000   34.215638149  117.144077649    34.8075   1  11   0.0053    0.0055   0.0137  -0.0018   0.0032  -0.0031   0.00    3.8
2046 359577.000   34.215669422  117.144113159    34.7724   1  12   0.0040    0.0039   0.0098  -0.0017   0.0023  -0.0029   0.00   10.9
2046 359578.000   34.215702740  117.144146770    35.4000   2  11   0.2509    0.2402   0.5533  -0.1331   0.1055  -0.0416   0.00    2.6
2046 359579.000   34.215735299  117.144183789    34.6839   1   9   0.0066    0.0065   0.0176  -0.0041   0.0058  -0.0054   0.00    3.7
2046 359580.000   34.215772145  117.144216620    35.3281   2   8   0.2568    0.2463   0.5598  -0.1415   0.1172  -0.0417   0.00    2.6
2046 359581.000   34.215808624  117.144250331    35.2673   2  11   0.2577    0.2485   0.5650  -0.1420   0.1258  -0.0330   0.00    1.2
2046 359582.000   34.215843783  117.144286304    34.5975   1  11   0.0041    0.0038   0.0096  -0.0018  -0.0022   0.0012   0.00    9.1
2046 359583.000   34.215879816  117.144321541    34.5656   1  10   0.0041    0.0039   0.0104  -0.0016  -0.0010   0.0020   0.00    5.5
2046 359584.000   34.215915736  117.144356718    34.5125   1  10   0.0041    0.0039   0.0104  -0.0016  -0.0010   0.0020   0.00    4.1
2046 359585.000   34.215951961  117.144391709    34.4913   1   9   0.0045    0.0042   0.0120  -0.0024   0.0030  -0.0026   0.00    5.4
2046 359586.000   34.215988643  117.144426819    34.4516   1   8   0.0089    0.0072   0.0172  -0.0061   0.0022   0.0027   0.00    3.0
2046 359587.000   34.216026638  117.144459012    35.0163   2  10   0.2600    0.2592   0.5839  -0.1457   0.1629  -0.0568   0.00    1.1
2046 359588.000   34.216063444  117.144492978    34.9886   2   9   0.2603    0.2602   0.5855  -0.1467   0.1663  -0.0647   0.00    1.4
2046 359589.000   34.216098782  117.144529028    34.3974   1   9   0.0067    0.0085   0.0259  -0.0049   0.0117  -0.0073   0.00    3.4
2046 359590.000   34.216135016  117.144563078    34.3638   1   8   0.0048    0.0060   0.0183  -0.0034   0.0083  -0.0052   0.00    3.6
2046 359591.000   34.216171008  117.144597156    34.3376   1   8   0.0067    0.0085   0.0259  -0.0049   0.0117  -0.0073   0.00    3.4
2046 359592.000   34.216206915  117.144630847    34.3162   1   8   0.0048    0.0060   0.0183  -0.0034   0.0083  -0.0052   0.00    3.1
2046 359593.000   34.216242485  117.144663739    34.2826   1  11   0.0037    0.0042   0.0101  -0.0013   0.0034  -0.0028   0.00    3.0
2046 359594.000   34.216277683  117.144696746    34.2728   1  11   0.0037    0.0042   0.0101  -0.0013   0.0034  -0.0028   0.00    7.9
2046 359595.000   34.216312685  117.144729928    34.2399   1  12   0.0036    0.0037   0.0091  -0.0010   0.0017  -0.0025   0.00    4.2
2046 359596.000   34.216348114  117.144763184    34.1922   1  12   0.0038    0.0037   0.0090  -0.0016  -0.0017  -0.0019   0.00    3.3
2046 359597.000   34.216383852  117.144795587    34.1623   1  10   0.0045    0.0040   0.0105  -0.0024   0.0011  -0.0027   0.00    6.1
2046 359598.000   34.216418842  117.144827865    34.1267   1   9   0.0062    0.0050   0.0106  -0.0044  -0.0017  -0.0011   0.00    3.3
2046 359599.000   34.216452454  117.144859694    34.0771   1   9   0.0066    0.0066   0.0176  -0.0041   0.0059  -0.0054   0.00    3.1
2046 359600.000   34.216485087  117.144890855    34.0298   1   9   0.0066    0.0066   0.0176  -0.0041   0.0059  -0.0055   0.00    4.3
2046 359601.000   34.216517621  117.144921672    34.0003   1  10   0.0041    0.0040   0.0104  -0.0018   0.0011   0.0009   0.00    4.4
2046 359602.000   34.216552325  117.144951970    34.4973   2   8   0.2667    0.2780   0.6133  -0.1574   0.2007  -0.0714   0.00    1.2
2046 359603.000   34.216585632  117.144986013    33.9173   1   8   0.0067    0.0085   0.0259  -0.0049   0.0117  -0.0074   0.00    3.1
2046 359604.000   34.216620479  117.145018547    33.8653   1   8   0.0048    0.0060   0.0183  -0.0035   0.0083  -0.0052   0.00    3.3
2046 359605.000   34.216655041  117.145051378    33.8233   1  10   0.0038    0.0043   0.0106  -0.0016   0.0030  -0.0020   0.00    3.2
2046 359606.000   34.216689205  117.145084115    33.7591   1  10   0.0046    0.0046   0.0114  -0.0029   0.0041  -0.0045   0.00    3.3
2046 359607.000   34.216723105  117.145116321    33.7066   1   8   0.0067    0.0085   0.0259  -0.0049   0.0117  -0.0074   0.00    3.7
2046 359608.000   34.216757741  117.145147703    33.6522   1   9   0.0066    0.0066   0.0176  -0.0041   0.0059  -0.0055   0.00    3.7
2046 359609.000   34.216791544  117.145178861    33.6167   1   9   0.0047    0.0046   0.0125  -0.0029   0.0042  -0.0039   0.00    3.6
2046 359610.000   34.216823945  117.145209302    33.5739   1   9   0.0047    0.0046   0.0125  -0.0029   0.0042  -0.0039   0.00    4.1
2046 359611.000   34.216856394  117.145238640    34.0365   2   8   0.2804    0.2887   0.6262  -0.1720   0.2092  -0.0632   0.00    1.7
2046 359612.000   34.216889633  117.145269922    33.9690   2   8   0.2792    0.2887   0.6283  -0.1695   0.2120  -0.0594   0.00    2.1
2046 359613.000   34.216923532  117.145302273    33.9268   2   7   0.2797    0.2898   0.6276  -0.1712   0.2138  -0.0737   0.00    2.3
2046 359614.000   34.216957199  117.145334720    33.8813   2   7   0.2789    0.2905   0.6278  -0.1713   0.2168  -0.0866   0.00    2.1
2046 359615.000   34.216991233  117.145366553    33.3312   1   7   0.0091    0.0094   0.0262  -0.0069   0.0111  -0.0055   0.00    3.2
2046 359616.000   34.217025249  117.145397292    33.2770   1   7   0.0091    0.0094   0.0262  -0.0069   0.0111  -0.0055   0.00    3.2
2046 359617.000   34.217058321  117.145427962    33.7200   2  11   0.2685    0.2890   0.6240  -0.1659   0.2258  -0.1334   0.00    2.6
2046 359618.000   34.217092089  117.145458932    33.6003   2   9   0.2672    0.2897   0.6277  -0.1644   0.2304  -0.1368   0.00    2.4
2046 359619.000   34.217125251  117.145489365    33.5691   2   9   0.2659    0.2888   0.6282  -0.1624   0.2308  -0.1387   0.00    2.2
2046 359620.000   34.217158165  117.145518223    33.5521   2  10   0.2647    0.2879   0.6284  -0.1609   0.2309  -0.1417   0.00    2.8
2046 359621.000   34.217190198  117.145545093    33.5309   2   8   0.2632    0.2857   0.6276  -0.1579   0.2284  -0.1408   0.00    2.8
2046 359622.000   34.217222093  117.145570308    32.9963   1   9   0.0047    0.0046   0.0125  -0.0029   0.0042  -0.0039   0.00    3.5
2046 359623.000   34.217252972  117.145594686    32.9600   1  10   0.0045    0.0041   0.0111  -0.0024   0.0022  -0.0027   0.00    4.6
2046 359624.000   34.217283849  117.145618716    33.3997   2   9   0.2570    0.2820   0.6232  -0.1506   0.2273  -0.1536   0.00    2.7
2046 359625.000   34.217317918  117.145641118    32.8774   1   9   0.0041    0.0043   0.0122  -0.0014   0.0034   0.0023   0.00    5.5
2046 359626.000   34.217351466  117.145664171    32.8339   1   9   0.0041    0.0043   0.0122  -0.0014   0.0034   0.0023   0.00    4.2
2046 359627.000   34.217386031  117.145687148    32.7887   1   8   0.0048    0.0060   0.0184  -0.0035   0.0083  -0.0053   0.00    5.9
2046 359628.000   34.217421705  117.145709539    32.7166   1  10   0.0047    0.0058   0.0151  -0.0035   0.0075  -0.0061   0.00    5.3
2046 359629.000   34.217457163  117.145730641    32.7228   1  11   0.0040    0.0047   0.0119  -0.0021   0.0049  -0.0038   0.00    3.1
2046 359630.000   34.217492493  117.145750619    32.6887   1  10   0.0066    0.0085   0.0231  -0.0050   0.0115  -0.0086   0.00    4.2
2046 359631.000   34.217526347  117.145771822    33.1150   2   8   0.2472    0.2792   0.6224  -0.1401   0.2311  -0.1899   0.00    1.2
2046 359632.000   34.217563030  117.145790123    32.5740   1   9   0.0048    0.0058   0.0161  -0.0036   0.0074  -0.0056   0.00    7.0
2046 359633.000   34.217598279  117.145809026    32.5505   1   9   0.0068    0.0085   0.0260  -0.0049   0.0118  -0.0075   0.00    3.9
2046 359634.000   34.217633284  117.145828131    32.5151   1   9   0.0047    0.0060   0.0163  -0.0036   0.0081  -0.0061   0.00    4.6
2046 359635.000   34.217667126  117.145848873    33.1651   2  11   0.2419    0.2694   0.6019  -0.1313   0.2083  -0.1906   0.00    1.1
2046 359636.000   34.217702641  117.145867243    33.1107   2  10   0.2402    0.2667   0.5978  -0.1276   0.2014  -0.1868   0.00    2.3
2046 359637.000   34.217739841  117.145883113    32.4290   1  10   0.0040    0.0043   0.0113  -0.0015   0.0032  -0.0008   0.00    7.2
2046 359638.000   34.217775323  117.145899031    32.3923   1  10   0.0058    0.0061   0.0172  -0.0020   0.0048   0.0031   0.00    4.6
2046 359639.000   34.217811049  117.145914586    32.3892   1  12   0.0036    0.0037   0.0091  -0.0010   0.0017  -0.0025   0.00    4.3
2046 359640.000   34.217846633  117.145929383    32.3713   1  11   0.0038    0.0040   0.0100  -0.0015   0.0020  -0.0019   0.00    3.3
2046 359641.000   34.217880622  117.145944544    33.0023   2  13   0.2380    0.2609   0.5857  -0.1238   0.1870  -0.1958   0.00    1.5
2046 359642.000   34.217917415  117.145955208    32.3364   1  11   0.0038    0.0041   0.0100  -0.0017   0.0023  -0.0022   0.00    4.9
2046 359643.000   34.217953083  117.145966949    32.3146   1   9   0.0048    0.0057   0.0148  -0.0036   0.0069  -0.0058   0.00    5.7
2046 359644.000   34.217990786  117.145979006    32.2937   1   9   0.0048    0.0057   0.0148  -0.0036   0.0069  -0.0058   0.00    5.8
2046 359645.000   34.218027631  117.145991451    32.3030   1   9   0.0048    0.0057   0.0148  -0.0036   0.0069  -0.0058   0.00    6.2
2046 359646.000   34.218063334  117.146002779    32.3145   1  10   0.0045    0.0047   0.0114  -0.0029   0.0042  -0.0044   0.00    4.9
2046 359647.000   34.218097974  117.146013268    32.3386   1  11   0.0042    0.0041   0.0105  -0.0022   0.0035  -0.0042   0.00    3.2
2046 359648.000   34.218132297  117.146023080    32.3385   1  13   0.0042    0.0037   0.0089  -0.0020   0.0005  -0.0035   0.00    5.2
2046 359649.000   34.218166766  117.146032399    32.3302   1  11   0.0047    0.0039   0.0113  -0.0019   0.0013  -0.0051   0.00    8.4
2046 359650.000   34.218201246  117.146041790    32.3396   1  11   0.0047    0.0040   0.0119  -0.0020   0.0023  -0.0053   0.00    4.6
2046 359651.000   34.218234401  117.146052661    32.9734   2  12   0.2461    0.2586   0.6013  -0.1215   0.1809  -0.2334   0.00    1.9
2046 359652.000   34.218271226  117.146059939    32.3459   1  11   0.0045    0.0041   0.0111  -0.0023   0.0022  -0.0043   0.00    4.4
2046 359653.000   34.218306525  117.146067471    32.3300   1  11   0.0086    0.0086   0.0299  -0.0065   0.0127  -0.0135   0.00   10.8
2046 359654.000   34.218341964  117.146073567    32.3292   1   9   0.0061    0.0061   0.0212  -0.0046   0.0090  -0.0095   0.00    5.2
2046 359655.000   34.218377406  117.146077998    32.3328   1  10   0.0061    0.0061   0.0212  -0.0046   0.0090  -0.0095   0.00    5.1
2046 359656.000   34.218413203  117.146081473    32.3489   1   8   0.0061    0.0061   0.0212  -0.0046   0.0090  -0.0095   0.00    3.1
2046 359657.000   34.218447941  117.146084264    32.3635   1  10   0.0039    0.0043   0.0112  -0.0010   0.0031  -0.0039   0.00    4.7
2046 359658.000   34.218482029  117.146086910    32.3591   1  10   0.0052    0.0058   0.0161  -0.0039   0.0077  -0.0073   0.00    6.1
2046 359659.000   34.218516563  117.146089754    32.3614   1  11   0.0055    0.0060   0.0158  -0.0015   0.0044  -0.0055   0.00   15.8
2046 359660.000   34.218551192  117.146093355    32.3739   1  10   0.0044    0.0047   0.0132  -0.0022   0.0048  -0.0054   0.00    4.9
2046 359661.000   34.218585908  117.146096658    32.3902   1  11   0.0038    0.0043   0.0106  -0.0012   0.0033  -0.0033   0.00    8.5
2046 359662.000   34.218622111  117.146098550    32.3826   1  11   0.0055    0.0060   0.0158  -0.0014   0.0044  -0.0055   0.00    5.2
2046 359663.000   34.218658962  117.146099290    32.3858   1  10   0.0039    0.0043   0.0112  -0.0010   0.0031  -0.0039   0.00    8.5
2046 359664.000   34.218696004  117.146099323    32.3981   1  11   0.0036    0.0042   0.0101  -0.0013   0.0034  -0.0029   0.00   10.8
2046 359665.000   34.218733049  117.146098912    32.4066   1  10   0.0047    0.0057   0.0142  -0.0036   0.0071  -0.0061   0.00    6.8
2046 359666.000   34.218769945  117.146098932    32.4322   1  10   0.0047    0.0057   0.0142  -0.0036   0.0071  -0.0061   0.00    5.0
2046 359667.000   34.218807004  117.146099541    32.3989   1  11   0.0036    0.0042   0.0101  -0.0013   0.0034  -0.0029   0.00    6.2
2046 359668.000   34.218843266  117.146101485    32.9281   2  11   0.2213    0.2517   0.5813  -0.0747   0.1599  -0.1894   0.00    1.6
2046 359669.000   34.218880919  117.146102390    32.4267   1  11   0.0036    0.0042   0.0101  -0.0013   0.0034  -0.0029   0.00    8.0
2046 359670.000   34.218917876  117.146103036    32.4308   1  11   0.0037    0.0042   0.0101  -0.0013   0.0034  -0.0029   0.00    6.1
2046 359671.000   34.218954643  117.146103665    32.4494   1  12   0.0036    0.0039   0.0095  -0.0011   0.0026  -0.0027   0.00    5.1
2046 359672.000   34.218991744  117.146104412    32.9540   2  12   0.2206    0.2474   0.5756  -0.0622   0.1394  -0.1847   0.00    2.7
2046 359673.000   34.219030894  117.146104573    32.4452   1  11   0.0039    0.0041   0.0105  -0.0008   0.0022  -0.0037   0.00    5.5
2046 359674.000   34.219066833  117.146107758    32.9242   2  10   0.2199    0.2488   0.5782  -0.0592   0.1422  -0.1822   0.00    1.0
2046 359675.000   34.219102579  117.146110247    32.4597   1  10   0.0039    0.0043   0.0112  -0.0010   0.0031  -0.0039   0.00    7.4
2046 359676.000   34.219135428  117.146112097    32.9223   2  10   0.2196    0.2481   0.5780  -0.0549   0.1366  -0.1799   0.00    1.1
2046 359677.000   34.219168365  117.146113444    32.9208   2  11   0.2191    0.2477   0.5765  -0.0554   0.1352  -0.1753   0.00    1.7
2046 359678.000   34.219203563  117.146113899    32.4651   1  11   0.0038    0.0040   0.0096  -0.0017   0.0015  -0.0023   0.00    4.0
2046 359679.000   34.219238669  117.146113983    32.4504   1  11   0.0057    0.0061   0.0169  -0.0019   0.0036  -0.0048   0.00    6.3
2046 359680.000   34.219274613  117.146112891    32.4700   1  11   0.0057    0.0061   0.0170  -0.0019   0.0035  -0.0048   0.00    4.1
2046 359681.000   34.219310780  117.146108622    32.4821   1   9   0.0040    0.0043   0.0120  -0.0013   0.0025  -0.0034   0.00    7.5
2046 359682.000   34.219347126  117.146099975    32.5058   1  10   0.0039    0.0043   0.0112  -0.0010   0.0031  -0.0039   0.00    5.4
2046 359683.000   34.219381323  117.146087883    32.9627   2  11   0.2185    0.2468   0.5794  -0.0415   0.1333  -0.1671   0.00    1.6
2046 359684.000   34.219415369  117.146075056    32.5446   1  11   0.0039    0.0043   0.0112  -0.0010   0.0031  -0.0039   0.00    4.1
2046 359685.000   34.219449602  117.146061679    32.5695   1  11   0.0039    0.0043   0.0112  -0.0010   0.0031  -0.0039   0.00    5.5
2046 359686.000   34.219484560  117.146046663    32.5904   1  10   0.0039    0.0043   0.0112  -0.0010   0.0031  -0.0039   0.00    5.1
2046 359687.000   34.219518337  117.146029283    32.6057   1  11   0.0039    0.0043   0.0112  -0.0010   0.0031  -0.0039   0.00    4.2
2046 359688.000   34.219549541  117.146009700    33.0936   2  11   0.2195    0.2450   0.5812  -0.0284   0.1257  -0.1605   0.00    1.0
2046 359689.000   34.219580073  117.145988887    33.0588   2  11   0.2200    0.2445   0.5818  -0.0246   0.1234  -0.1591   0.00    1.1
2046 359690.000   34.219610367  117.145966150    33.1205   2  11   0.2204    0.2440   0.5824  -0.0211   0.1207  -0.1577   0.00    1.0
2046 359691.000   34.219640204  117.145942542    32.6639   1   9   0.0040    0.0043   0.0123  -0.0008   0.0035  -0.0033   0.00    9.1
2046 359692.000   34.219668376  117.145916724    32.6849   1   9   0.0040    0.0043   0.0123  -0.0008   0.0035  -0.0033   0.00    5.4
2046 359693.000   34.219695434  117.145889806    32.7134   1   9   0.0040    0.0043   0.0123  -0.0008   0.0035  -0.0033   0.00    8.6
2046 359694.000   34.219720716  117.145862254    32.7287   1  10   0.0040    0.0043   0.0123  -0.0008   0.0035  -0.0033   0.00    6.3
2046 359695.000   34.219745316  117.145832749    32.7925   1  10   0.0039    0.0043   0.0112  -0.0010   0.0031  -0.0039   0.00    3.7
2046 359696.000   34.219767960  117.145802329    33.2591   2   9   0.2263    0.2395   0.5895   0.0256   0.0806  -0.1494   0.00    2.8
2046 359697.000   34.219790666  117.145772973    32.8732   1  10   0.0038    0.0043   0.0110  -0.0010   0.0038  -0.0020   0.00   16.3
2046 359698.000   34.219811827  117.145741279    32.9231   1   9   0.0067    0.0074   0.0178   0.0037   0.0028  -0.0062   0.00    4.2
2046 359699.000   34.219832141  117.145709386    32.9681   1   9   0.0043    0.0046   0.0124   0.0014   0.0031  -0.0037   0.00    7.2
2046 359700.000   34.219851303  117.145678294    33.0229   1   9   0.0067    0.0074   0.0178   0.0037   0.0028  -0.0061   0.00    3.7
2046 359701.000   34.219869742  117.145644478    33.0728   1  10   0.0043    0.0041   0.0108   0.0015  -0.0018  -0.0035   0.00    9.6
2046 359702.000   34.219884710  117.145608115    33.1033   1  10   0.0040    0.0038   0.0106   0.0003   0.0002  -0.0030   0.00    4.8
2046 359703.000   34.219896405  117.145569578    33.6038   2  10   0.2315    0.2278   0.5896  -0.0225  -0.0868  -0.1412   0.00    1.7
2046 359704.000   34.219907576  117.145530191    33.6744   2   9   0.2331    0.2275   0.5933  -0.0342  -0.1003  -0.1356   0.00    2.8
2046 359705.000   34.219917973  117.145490993    33.2871   1   8   0.0060    0.0062   0.0198  -0.0017   0.0041  -0.0021   0.00    3.2
2046 359706.000   34.219926728  117.145452369    33.3419   1   8   0.0042    0.0044   0.0140  -0.0012   0.0029  -0.0015   0.00    3.3
2046 359707.000   34.219933818  117.145412040    33.8440   2   9   0.2359    0.2219   0.5902  -0.0540  -0.1398  -0.1337   0.00    1.7
2046 359708.000   34.219940997  117.145371826    33.9146   2  10   0.2361    0.2204   0.5863  -0.0595  -0.1434  -0.1318   0.00    2.2
2046 359709.000   34.219948380  117.145331493    33.9869   2  10   0.2366    0.2190   0.5831  -0.0627  -0.1502  -0.1343   0.00    2.2
2046 359710.000   34.219955743  117.145291149    34.0603   2  10   0.2369    0.2178   0.5821  -0.0654  -0.1523  -0.1357   0.00    1.0
2046 359711.000   34.219963078  117.145250341    34.1148   2   9   0.2380    0.2161   0.5791  -0.0687  -0.1557  -0.1404   0.00    1.7
2046 359712.000   34.219970016  117.145209088    34.1673   2  10   0.2374    0.2145   0.5772  -0.0687  -0.1588  -0.1410   0.00    2.0
2046 359713.000   34.219977071  117.145168012    34.2414   2   9   0.2368    0.2120   0.5701  -0.0710  -0.1604  -0.1417   0.00    1.1
2046 359714.000   34.219984813  117.145128852    34.2412   2  10   0.2361    0.2095   0.5630  -0.0728  -0.1628  -0.1449   0.00    1.9
2046 359715.000   34.219992771  117.145090857    34.3515   2  10   0.2340    0.2071   0.5586  -0.0716  -0.1641  -0.1440   0.00    1.1
2046 359716.000   34.220000499  117.145051144    34.4449   2  10   0.2324    0.2042   0.5523  -0.0729  -0.1634  -0.1466   0.00    1.1
2046 359717.000   34.220008225  117.145010069    34.4667   2   8   0.2304    0.2007   0.5420  -0.0746  -0.1617  -0.1481   0.00    1.3
2046 359718.000   34.220015701  117.144968410    34.5084   2   9   0.2271    0.1968   0.5286  -0.0745  -0.1621  -0.1482   0.00    1.7
2046 359719.000   34.220023725  117.144928914    34.1299   1  10   0.0069    0.0056   0.0157  -0.0028  -0.0037  -0.0058   0.00    3.3
2046 359720.000   34.220030341  117.144888955    34.6053   2   9   0.2182    0.1883   0.5104  -0.0720  -0.1556  -0.1457   0.00    1.1
2046 359721.000   34.220037965  117.144848850    34.6568   2  10   0.2125    0.1830   0.4977  -0.0709  -0.1498  -0.1420   0.00    1.7
2046 359722.000   34.220046587  117.144809413    34.3027   1   9   0.0069    0.0058   0.0175  -0.0031  -0.0018  -0.0065   0.00    3.2
2046 359723.000   34.220054271  117.144769844    34.3809   1  11   0.0045    0.0039   0.0099  -0.0023  -0.0007  -0.0027   0.00    3.3
2046 359724.000   34.220061334  117.144730115    34.7849   2   9   0.1892    0.1631   0.4550  -0.0640  -0.1256  -0.1296   0.00    1.1
2046 359725.000   34.220069431  117.144691164    34.5187   1  12   0.0054    0.0053   0.0125  -0.0020  -0.0025  -0.0027   0.00    3.6
2046 359726.000   34.220077100  117.144651784    34.5522   1  11   0.0061    0.0056   0.0137  -0.0031   0.0024  -0.0049   0.00    4.4
2046 359727.000   34.220084271  117.144612052    34.8858   2   9   0.1606    0.1341   0.3929  -0.0527  -0.1142  -0.1075   0.00    1.2
2046 359728.000   34.220091958  117.144572649    34.9121   2   8   0.1439    0.1195   0.3531  -0.0476  -0.1038  -0.0961   0.00    1.1
2046 359729.000   34.220099960  117.144534247    34.7247   1   9   0.0069    0.0058   0.0175  -0.0031  -0.0017  -0.0065   0.00    4.1
2046 359730.000   34.220106986  117.144495870    34.8515   2   8   0.0915    0.0757   0.2256  -0.0320  -0.0701  -0.0577   0.00    1.1
2046 359731.000   34.220114273  117.144456556    34.8589   1  11   0.0058    0.0053   0.0134  -0.0022  -0.0029   0.0017   0.00    4.2
2046 359732.000   34.220121487  117.144417454    34.8905   1   9   0.0042    0.0040   0.0117  -0.0012  -0.0023  -0.0016   0.00    3.7
2046 359733.000   34.220127946  117.144379774    34.9576   1  10   0.0042    0.0039   0.0106  -0.0012  -0.0030  -0.0017   0.00    3.3
2046 359734.000   34.220134205  117.144344815    35.0048   1   9   0.0060    0.0056   0.0165  -0.0017  -0.0032  -0.0023   0.00    7.3
2046 359735.000   34.220139960  117.144311912    35.0580   1  10   0.0060    0.0055   0.0149  -0.0017  -0.0043  -0.0025   0.00    5.0
2046 359736.000   34.220145572  117.144279689    35.0994   1  10   0.0060    0.0055   0.0149  -0.0017  -0.0043  -0.0025   0.00    5.9
2046 359737.000   34.220151343  117.144248592    35.1267   1  11   0.0042    0.0038   0.0099  -0.0013  -0.0034  -0.0022   0.00    3.5
2046 359738.000   34.220157553  117.144216773    35.1699   1  11   0.0059    0.0054   0.0140  -0.0018  -0.0048  -0.0031   0.00    4.9
2046 359739.000   34.220164671  117.144184685    35.2091   1  11   0.0059    0.0054   0.0140  -0.0019  -0.0048  -0.0031   0.00    4.3
2046 359740.000   34.220174149  117.144155766    35.2531   1  12   0.0040    0.0036   0.0092   0.0001  -0.0025  -0.0031   0.00    3.6
2046 359741.000   34.220185767  117.144130024    35.2996   1  12   0.0040    0.0036   0.0092  -0.0001  -0.0025  -0.0031   0.00    5.7
2046 359742.000   34.220198311  117.144107318    35.3316   1  12   0.0040    0.0036   0.0092   0.0001  -0.0025  -0.0031   0.00    7.5
2046 359743.000   34.220211828  117.144089751    35.3640   1  13   0.0039    0.0036   0.0089   0.0005  -0.0024  -0.0034   0.00    8.7
2046 359744.000   34.220224259  117.144076128    35.4084   1  14   0.0037    0.0035   0.0085  -0.0006  -0.0020  -0.0030   0.00    6.6
2046 359745.000   34.220231745  117.144069913    35.4149   1  13   0.0039    0.0036   0.0089   0.0005  -0.0024  -0.0034   0.00    6.9
2046 359746.000   34.220237788  117.144065606    35.4295   1  13   0.0039    0.0036   0.0089   0.0005  -0.0024  -0.0034   0.00    6.5
2046 359747.000   34.220245897  117.144059663    35.4409   1  13   0.0039    0.0036   0.0089   0.0005  -0.0024  -0.0034   0.00    7.0
2046 359748.000   34.220253691  117.144052273    35.4818   1  13   0.0039    0.0036   0.0089   0.0005  -0.0024  -0.0034   0.00    6.3
2046 359749.000   34.220258621  117.144046022    35.4995   1  13   0.0039    0.0036   0.0089   0.0005  -0.0024  -0.0035   0.00    8.4
2046 359750.000   34.220263771  117.144039064    35.5295   1  14   0.0036    0.0035   0.0081  -0.0010  -0.0016  -0.0027   0.00    5.3
2046 359751.000   34.220269696  117.144030034    35.5467   1  13   0.0039    0.0036   0.0089   0.0005  -0.0024  -0.0035   0.00    7.3
2046 359752.000   34.220272875  117.144022968    35.5510   1  14   0.0036    0.0035   0.0081  -0.0010  -0.0016  -0.0027   0.00    5.3
2046 359753.000   34.220274682  117.144018742    35.5539   1  14   0.0036    0.0035   0.0081  -0.0010  -0.0016  -0.0027   0.00    4.8
2046 359754.000   34.220275214  117.144017508    35.5560   1  14   0.0036    0.0035   0.0081  -0.0010  -0.0016  -0.0027   0.00    4.2
2046 359755.000   34.220275191  117.144017533    35.5552   1  14   0.0036    0.0035   0.0081  -0.0010  -0.0016  -0.0027   0.00    4.0
2046 359756.000   34.220275171  117.144017681    35.5664   1  13   0.0039    0.0036   0.0089   0.0005  -0.0024  -0.0035   0.00    4.3
2046 359757.000   34.220275154  117.144017731    35.5650   1  14   0.0036    0.0035   0.0081  -0.0010  -0.0016  -0.0027   0.00    4.0
2046 359758.000   34.220275104  117.144017796    35.5644   1  14   0.0036    0.0035   0.0081  -0.0010  -0.0016  -0.0027   0.00    4.4
2046 359759.000   34.220275079  117.144017833    35.5611   1  14   0.0036    0.0035   0.0081  -0.0010  -0.0016  -0.0027   0.00    4.8
2046 359760.000   34.220275053  117.144017923    35.5649   1  14   0.0036    0.0035   0.0081  -0.0010  -0.0016  -0.0027   0.00   14.7
2046 359761.000   34.220275016  117.144018024    35.5650   1  14   0.0036    0.0035   0.0081  -0.0010  -0.0016  -0.0027   0.00   24.7
2046 359762.000   34.220275002  117.144018017    35.5673   1  14   0.0036    0.0035   0.0081  -0.0010  -0.0016  -0.0027   0.00   22.9
2046 359763.000   34.220274992  117.144018041    35.5655   1  14   0.0036    0.0035   0.0081  -0.0010  -0.0016  -0.0027   0.00   32.7
2046 359764.000   34.220274996  117.144018049    35.5629   1  14   0.0036    0.0035   0.0081  -0.0010  -0.0016  -0.0027   0.00   22.7
2046 359765.000   34.220274987  117.144018060    35.5631   1  14   0.0036    0.0035   0.0081  -0.0010  -0.0016  -0.0027   0.00   30.5
2046 359766.000   34.220274988  117.144018064    35.5662   1  14   0.0036    0.0035   0.0081  -0.0010  -0.0016  -0.0027   0.00   21.7
2046 359767.000   34.220274974  117.144018079    35.5665   1  14   0.0036    0.0035   0.0081  -0.0010  -0.0016  -0.0027   0.00   37.8
2046 359768.000   34.220274981  117.144018084    35.5632   1  14   0.0036    0.0035   0.0081  -0.0010  -0.0016  -0.0027   0.00   22.8
2046 359769.000   34.220274973  117.144018071    35.5606   1  14   0.0036    0.0035   0.0081  -0.0010  -0.0016  -0.0027   0.00   29.5
2046 359770.000   34.220274971  117.144018077    35.5605   1  14   0.0036    0.0035   0.0081  -0.0010  -0.0016  -0.0027   0.00   26.3
2046 359771.000   34.220274970  117.144018081    35.5630   1  14   0.0036    0.0035   0.0081  -0.0010  -0.0016  -0.0027   0.00   21.2
2046 359772.000   34.220274974  117.144018085    35.5574   1  14   0.0036    0.0035   0.0081  -0.0010  -0.0016  -0.0027   0.00   23.0
2046 359773.000   34.220274972  117.144018071    35.5614   1  14   0.0036    0.0035   0.0081  -0.0009  -0.0016  -0.0027   0.00   26.5
2046 359774.000   34.220274979  117.144018069    35.5622   1  14   0.0036    0.0035   0.0081  -0.0010  -0.0016  -0.0027   0.00   41.3
2046 359775.000   34.220274974  117.144018071    35.5625   1  14   0.0036    0.0035   0.0081  -0.0010  -0.0016  -0.0027   0.00   38.5
2046 359776.000   34.220274985  117.144018105    35.5597   1  14   0.0036    0.0035   0.0081  -0.0010  -0.0016  -0.0027   0.00   23.6
2046 359777.000   34.220274940  117.144018138    35.5619   1  14   0.0036    0.0035   0.0081  -0.0009  -0.0016  -0.0027   0.00   22.9
2046 359778.000   34.220274936  117.144018146    35.5595   1  14   0.0036    0.0035   0.0081  -0.0009  -0.0016  -0.0027   0.00   30.3
2046 359779.000   34.220274936  117.144018151    35.5569   1  14   0.0036    0.0035   0.0081  -0.0010  -0.0016  -0.0027   0.00   29.5
2046 359780.000   34.220274929  117.144018152    35.5576   1  14   0.0036    0.0035   0.0081  -0.0010  -0.0016  -0.0027   0.00   24.9
2046 359781.000   34.220274930  117.144018151    35.5567   1  14   0.0036    0.0035   0.0081  -0.0009  -0.0016  -0.0027   0.00   25.0
2046 359782.000   34.220274925  117.144018176    35.5585   1  14   0.0036    0.0035   0.0081  -0.0010  -0.0016  -0.0027   0.00   24.8
2046 359783.000   34.220274935  117.144018175    35.5594   1  14   0.0036    0.0035   0.0081  -0.0010  -0.0016  -0.0027   0.00   23.5
2046 359784.000   34.220274933  117.144018167    35.5583   1  14   0.0036    0.0035   0.0081  -0.0009  -0.0016  -0.0027   0.00   28.0
2046 359785.000   34.220274926  117.144018171    35.5593   1  14   0.0036    0.0035   0.0081  -0.0010  -0.0016  -0.0027   0.00   24.4
2046 359786.000   34.220274930  117.144018183    35.5568   1  14   0.0036    0.0035   0.0081  -0.0009  -0.0016  -0.0027   0.00   22.2
2046 359787.000   34.220274930  117.144018179    35.5617   1  14   0.0036    0.0035   0.0081  -0.0009  -0.0016  -0.0027   0.00   19.3
2046 359788.000   34.220274921  117.144018192    35.5627   1  14   0.0036    0.0035   0.0081  -0.0009  -0.0016  -0.0027   0.00   45.1
2046 359789.000   34.220274921  117.144018197    35.5655   1  14   0.0036    0.0035   0.0081  -0.0009  -0.0016  -0.0027   0.00   29.5
2046 359790.000   34.220274914  117.144018204    35.5629   1  14   0.0036    0.0035   0.0081  -0.0009  -0.0016  -0.0027   0.00   36.8
2046 359791.000   34.220274907  117.144018224    35.5682   1  14   0.0036    0.0035   0.0081  -0.0009  -0.0016  -0.0027   0.00   47.7
2046 359792.000   34.220274932  117.144018203    35.5651   1  14   0.0036    0.0035   0.0081  -0.0009  -0.0016  -0.0027   0.00   41.8
2046 359793.000   34.220274922  117.144018200    35.5646   1  14   0.0036    0.0035   0.0081  -0.0009  -0.0016  -0.0027   0.00   28.4
2046 359794.000   34.220274914  117.144018210    35.5655   1  14   0.0036    0.0035   0.0081  -0.0010  -0.0016  -0.0027   0.00   34.5
2046 359795.000   34.220274915  117.144018209    35.5658   1  14   0.0036    0.0035   0.0081  -0.0010  -0.0016  -0.0027   0.00   27.6
2046 359796.000   34.220274928  117.144018218    35.5648   1  14   0.0036    0.0035   0.0081  -0.0009  -0.0016  -0.0027   0.00   26.8
2046 359797.000   34.220274925  117.144018220    35.5650   1  14   0.0036    0.0035   0.0081  -0.0009  -0.0016  -0.0027   0.00   29.8
2046 359798.000   34.220274926  117.144018231    35.5645   1  14   0.0036    0.0035   0.0081  -0.0009  -0.0016  -0.0027   0.00   31.8
2046 359799.000   34.220274925  117.144018241    35.5624   1  14   0.0036    0.0035   0.0081  -0.0010  -0.0016  -0.0027   0.00   39.1
2046 359800.000   34.220274928  117.144018241    35.5613   1  14   0.0036    0.0035   0.0081  -0.0009  -0.0016  -0.0027   0.00   31.6
2046 359801.000   34.220274926  117.144018246    35.5604   1  14   0.0036    0.0035   0.0081  -0.0009  -0.0016  -0.0027   0.00   36.6
2046 359802.000   34.220274927  117.144018244    35.5598   1  14   0.0036    0.0035   0.0081  -0.0009  -0.0016  -0.0027   0.00   26.3
2046 359803.000   34.220274921  117.144018254    35.5617   1  14   0.0036    0.0035   0.0081  -0.0010  -0.0016  -0.0027   0.00   32.7
2046 359804.000   34.220274928  117.144018243    35.5609   1  14   0.0036    0.0035   0.0081  -0.0009  -0.0016  -0.0027   0.00   27.2
2046 359805.000   34.220274923  117.144018248    35.5605   1  14   0.0036    0.0035   0.0081  -0.0009  -0.0016  -0.0027   0.00   27.4
2046 359806.000   34.220274935  117.144018264    35.5592   1  14   0.0036    0.0035   0.0081  -0.0009  -0.0016  -0.0027   0.00   30.1
2046 359807.000   34.220274939  117.144018272    35.5608   1  14   0.0036    0.0035   0.0081  -0.0009  -0.0016  -0.0027   0.00   26.1
2046 359808.000   34.220274946  117.144018289    35.5569   1  14   0.0036    0.0035   0.0081  -0.0009  -0.0016  -0.0027   0.00   16.0
2046 359809.000   34.220274939  117.144018286    35.5550   1  14   0.0036    0.0035   0.0081  -0.0009  -0.0016  -0.0027   0.00   18.0
2046 359810.000   34.220274933  117.144018280    35.5564   1  14   0.0036    0.0035   0.0081  -0.0009  -0.0016  -0.0027   0.00   19.2
2046 359811.000   34.220274924  117.144018252    35.5593   1  14   0.0036    0.0035   0.0081  -0.0009  -0.0016  -0.0027   0.00   21.6
2046 359812.000   34.220274925  117.144018247    35.5601   1  14   0.0036    0.0035   0.0081  -0.0009  -0.0016  -0.0027   0.00   21.0
2046 359813.000   34.220274915  117.144018247    35.5585   1  14   0.0036    0.0035   0.0081  -0.0009  -0.0016  -0.0027   0.00   23.5
2046 359814.000   34.220274904  117.144018257    35.5596   1  14   0.0036    0.0035   0.0081  -0.0009  -0.0016  -0.0027   0.00   32.4
2046 359815.000   34.220274888  117.144018248    35.5589   1  14   0.0036    0.0035   0.0081  -0.0009  -0.0016  -0.0027   0.00   52.4
2046 359816.000   34.220274894  117.144018265    35.5615   1  14   0.0036    0.0035   0.0081  -0.0009  -0.0016  -0.0027   0.00   27.7
2046 359817.000   34.220274899  117.144018249    35.5609   1  14   0.0036    0.0035   0.0081  -0.0009  -0.0016  -0.0027   0.00   43.5
2046 359818.000   34.220274901  117.144018245    35.5618   1  14   0.0036    0.0035   0.0081  -0.0009  -0.0016  -0.0027   0.00   35.2
2046 359819.000   34.220274888  117.144018256    35.5593   1  14   0.0036    0.0035   0.0081  -0.0009  -0.0016  -0.0027   0.00   44.9
2046 359820.000   34.220274889  117.144018243    35.5633   1  14   0.0036    0.0035   0.0081  -0.0009  -0.0016  -0.0027   0.00   33.7
2046 359821.000   34.220274906  117.144018259    35.5621   1  14   0.0036    0.0035   0.0081  -0.0009  -0.0016  -0.0027   0.00   36.0
2046 359822.000   34.220274906  117.144018255    35.5614   1  14   0.0036    0.0035   0.0081  -0.0009  -0.0016  -0.0027   0.00   35.8
2046 359823.000   34.220274926  117.144018234    35.5641   1  14   0.0036    0.0035   0.0081  -0.0009  -0.0016  -0.0027   0.00   23.5
2046 359824.000   34.220274922  117.144018231    35.5628   1  14   0.0036    0.0035   0.0081  -0.0009  -0.0016  -0.0027   0.00   25.4
2046 359825.000   34.220274909  117.144018255    35.5603   1  14   0.0036    0.0035   0.0081  -0.0009  -0.0016  -0.0027   0.00   24.8
2046 359826.000   34.220274918  117.144018245    35.5607   1  14   0.0036    0.0035   0.0081  -0.0009  -0.0016  -0.0027   0.00   31.2
2046 359827.000   34.220274915  117.144018222    35.5610   1  14   0.0036    0.0035   0.0081  -0.0009  -0.0016  -0.0027   0.00   26.4
2046 359828.000   34.220274906  117.144018250    35.5640   1  14   0.0036    0.0035   0.0081  -0.0009  -0.0016  -0.0027   0.00   42.9
2046 359829.000   34.220274939  117.144018230    35.5603   1  14   0.0036    0.0035   0.0081  -0.0009  -0.0016  -0.0027   0.00    8.8
2046 359830.000   34.220274919  117.144018261    35.5590   1  13   0.0038    0.0036   0.0085  -0.0014  -0.0022  -0.0023   0.00    8.1
2046 359831.000   34.220274943  117.144018237    35.5647   1  14   0.0036    0.0035   0.0081  -0.0009  -0.0016  -0.0027   0.00    7.7
2046 359832.000   34.220274847  117.144018402    35.5559   1  13   0.0038    0.0036   0.0085  -0.0014  -0.0022  -0.0023   0.00   47.2
2046 359833.000   34.220274849  117.144018357    35.5623   1  14   0.0036    0.0035   0.0081  -0.0009  -0.0016  -0.0028   0.00   24.5
2046 359834.000   34.220274884  117.144018410    35.5565   1  14   0.0036    0.0035   0.0081  -0.0009  -0.0016  -0.0028   0.00   14.6
2046 359835.000   34.220274878  117.144018412    35.5553   1  14   0.0036    0.0035   0.0081  -0.0009  -0.0016  -0.0028   0.00   11.5
2046 359836.000   34.220274878  117.144018426    35.5575   1  14   0.0036    0.0035   0.0081  -0.0009  -0.0016  -0.0028   0.00   12.1
2046 359837.000   34.220274870  117.144018422    35.5549   1  14   0.0036    0.0035   0.0081  -0.0009  -0.0016  -0.0028   0.00   17.1
2046 359838.000   34.220274869  117.144018427    35.5551   1  14   0.0036    0.0035   0.0081  -0.0009  -0.0016  -0.0028   0.00   21.6
2046 359839.000   34.220274839  117.144018433    35.5560   1  14   0.0036    0.0035   0.0081  -0.0009  -0.0016  -0.0028   0.00   38.0
2046 359840.000   34.220274824  117.144018439    35.5570   1  14   0.0036    0.0035   0.0081  -0.0009  -0.0016  -0.0028   0.00   30.2
2046 359841.000   34.220274813  117.144018453    35.5540   1  14   0.0036    0.0035   0.0081  -0.0009  -0.0016  -0.0028   0.00   36.3
2046 359842.000   34.220274816  117.144018461    35.5555   1  14   0.0036    0.0035   0.0081  -0.0009  -0.0016  -0.0028   0.00   35.6
2046 359843.000   34.220274834  117.144018454    35.5504   1  14   0.0036    0.0035   0.0081  -0.0009  -0.0016  -0.0028   0.00   29.4
2046 359844.000   34.220274833  117.144018440    35.5589   1  14   0.0036    0.0035   0.0081  -0.0009  -0.0016  -0.0028   0.00   76.8
2046 359845.000   34.220274808  117.144018533    35.5547   1  14   0.0036    0.0035   0.0081  -0.0009  -0.0016  -0.0028   0.00   24.1
2046 359846.000   34.220274808  117.144018545    35.5490   1  14   0.0036    0.0035   0.0081  -0.0009  -0.0016  -0.0028   0.00   32.4
2046 359847.000   34.220274786  117.144018553    35.5509   1  14   0.0036    0.0035   0.0081  -0.0009  -0.0015  -0.0028   0.00   19.4
2046 359848.000   34.220274789  117.144018546    35.5548   1  14   0.0036    0.0035   0.0081  -0.0009  -0.0016  -0.0028   0.00   38.3
2046 359849.000   34.220274771  117.144018579    35.5555   1  14   0.0036    0.0035   0.0081  -0.0009  -0.0016  -0.0028   0.00   48.2
2046 359850.000   34.220274760  117.144018569    35.5592   1  14   0.0036    0.0035   0.0081  -0.0009  -0.0015  -0.0028   0.00   25.4
2046 359851.000   34.220274802  117.144018552    35.5584   1  14   0.0036    0.0035   0.0081  -0.0009  -0.0015  -0.0028   0.00   13.7
2046 359852.000   34.220274800  117.144018632    35.5536   1  14   0.0036    0.0035   0.0081  -0.0009  -0.0016  -0.0028   0.00   16.9
2046 359853.000   34.220274770  117.144018619    35.5499   1  14   0.0036    0.0035   0.0081  -0.0009  -0.0015  -0.0028   0.00   26.8
2046 359854.000   34.220274784  117.144018625    35.5470   1  14   0.0036    0.0035   0.0081  -0.0009  -0.0015  -0.0028   0.00   26.9
2046 359855.000   34.220274759  117.144018645    35.5496   1  14   0.0036    0.0035   0.0082  -0.0009  -0.0015  -0.0028   0.00   22.9
2046 359856.000   34.220274745  117.144018664    35.5503   1  14   0.0036    0.0035   0.0082  -0.0009  -0.0015  -0.0028   0.00   14.4
2046 359857.000   34.220274746  117.144018661    35.5499   1  14   0.0036    0.0035   0.0082  -0.0009  -0.0015  -0.0028   0.00   17.2
2046 359858.000   34.220274767  117.144018689    35.5485   1  14   0.0036    0.0035   0.0082  -0.0009  -0.0015  -0.0028   0.00   17.0
2046 359859.000   34.220274769  117.144018687    35.5488   1  14   0.0036    0.0035   0.0082  -0.0009  -0.0015  -0.0028   0.00   18.0
2046 359860.000   34.220274767  117.144018661    35.5467   1  14   0.0036    0.0035   0.0082  -0.0009  -0.0015  -0.0028   0.00   17.7
2046 359861.000   34.220274754  117.144018649    35.5433   1  14   0.0036    0.0035   0.0082  -0.0009  -0.0015  -0.0028   0.00   22.6
2046 359862.000   34.220274800  117.144018671    35.5500   1  14   0.0036    0.0035   0.0082  -0.0009  -0.0015  -0.0028   0.00   10.8
2046 359863.000   34.220274799  117.144018684    35.5482   1  14   0.0036    0.0035   0.0082  -0.0009  -0.0015  -0.0028   0.00   11.0
2046 359864.000   34.220274805  117.144018671    35.5518   1  14   0.0037    0.0036   0.0083  -0.0011  -0.0018  -0.0027   0.00   11.8
2046 359865.000   34.220274781  117.144018656    35.5533   1  14   0.0037    0.0036   0.0083  -0.0011  -0.0018  -0.0027   0.00    9.3
2046 359866.000   34.220274787  117.144018680    35.5526   1  14   0.0037    0.0036   0.0083  -0.0011  -0.0018  -0.0027   0.00    9.8
2046 359867.000   34.220274796  117.144018674    35.5541   1  14   0.0037    0.0036   0.0083  -0.0011  -0.0018  -0.0027   0.00   13.1
2046 359868.000   34.220274789  117.144018659    35.5530   1  14   0.0037    0.0036   0.0083  -0.0011  -0.0018  -0.0027   0.00   35.4
2046 359869.000   34.220274772  117.144018654    35.5567   1  14   0.0037    0.0036   0.0083  -0.0011  -0.0018  -0.0027   0.00   66.3
2046 359870.000   34.220274775  117.144018636    35.5563   1  14   0.0037    0.0036   0.0083  -0.0011  -0.0018  -0.0027   0.00   44.5
2046 359871.000   34.220274766  117.144018614    35.5568   1  14   0.0037    0.0036   0.0083  -0.0011  -0.0018  -0.0027   0.00   19.7
2046 359872.000   34.220274768  117.144018606    35.5535   1  14   0.0037    0.0036   0.0083  -0.0011  -0.0018  -0.0027   0.00   14.0
2046 359873.000   34.220274783  117.144018588    35.5589   1  14   0.0037    0.0036   0.0083  -0.0011  -0.0018  -0.0027   0.00    8.6
2046 359874.000   34.220274782  117.144018617    35.5599   1  14   0.0037    0.0036   0.0083  -0.0011  -0.0018  -0.0027   0.00   12.9
2046 359875.000   34.220274785  117.144018614    35.5600   1  14   0.0037    0.0036   0.0083  -0.0011  -0.0018  -0.0027   0.00   11.9
2046 359876.000   34.220274769  117.144018623    35.5588   1  14   0.0051    0.0049   0.0115  -0.0013  -0.0022  -0.0040   0.00   11.7
2046 359877.000   34.220274771  117.144018622    35.5578   1  14   0.0036    0.0035   0.0082  -0.0009  -0.0015  -0.0028   0.00   13.2
2046 359878.000   34.220274767  117.144018621    35.5572   1  14   0.0036    0.0035   0.0082  -0.0009  -0.0015  -0.0028   0.00   12.5
2046 359879.000   34.220274803  117.144018652    35.5526   1  14   0.0036    0.0035   0.0082  -0.0009  -0.0015  -0.0028   0.00   15.3
2046 359880.000   34.220274792  117.144018635    35.5491   1  13   0.0039    0.0036   0.0089   0.0005  -0.0023  -0.0035   0.00   11.1
2046 359881.000   34.220274776  117.144018603    35.5528   1  14   0.0036    0.0035   0.0082  -0.0009  -0.0015  -0.0028   0.00   13.7
2046 359882.000   34.220274748  117.144018597    35.5585   1  14   0.0036    0.0035   0.0082  -0.0009  -0.0015  -0.0028   0.00   18.7
2046 359883.000   34.220274767  117.144018612    35.5601   1  14   0.0036    0.0035   0.0084  -0.0010  -0.0011  -0.0028   0.00   43.9
2046 359884.000   34.220274708  117.144018537    35.5683   1  14   0.0036    0.0035   0.0084  -0.0010  -0.0011  -0.0028   0.00   16.6
2046 359885.000   34.220274771  117.144018669    35.5490   1  13   0.0039    0.0036   0.0092   0.0004  -0.0020  -0.0036   0.00   37.2
2046 359886.000   34.220274760  117.144018641    35.5493   1  13   0.0039    0.0036   0.0092   0.0004  -0.0020  -0.0036   0.00   15.1
2046 359887.000   34.220274771  117.144018672    35.4986   1  12   0.0057    0.0060   0.0126   0.0025  -0.0036  -0.0051   0.00    4.1
2046 359888.000   34.220274573  117.144018541    35.5563   2  14   0.0690    0.0675   0.1531   0.0402  -0.0674  -0.0642   0.00    2.3
2046 359889.000   34.220274601  117.144018609    35.5868   2  14   0.0831    0.0810   0.1860   0.0371  -0.0737  -0.0696   0.00    1.8
2046 359890.000   34.220274596  117.144018616    35.5899   2  13   0.0946    0.0940   0.2127   0.0327  -0.0773  -0.0746   0.00    2.3
2046 359891.000   34.220274432  117.144018626    35.5985   2  12   0.1044    0.1070   0.2367   0.0297  -0.0767  -0.0787   0.00    1.0
2046 359892.000   34.220274385  117.144018510    35.6001   2  13   0.1129    0.1177   0.2572   0.0265  -0.0769  -0.0828   0.00    2.3
2046 359893.000   34.220274748  117.144018602    35.5569   1  12   0.0050    0.0051   0.0103   0.0033  -0.0044  -0.0052   0.00   11.0
2046 359894.000   34.220274397  117.144018220    35.6552   2  13   0.1398    0.1439   0.3130   0.0581  -0.1181  -0.1186   0.00    1.9
2046 359895.000   34.220274397  117.144018361    35.6126   1  12   0.0109    0.0095   0.0189   0.0080  -0.0097  -0.0125   0.00    6.8
2046 359896.000   34.220274379  117.144018396    35.5943   1  13   0.0109    0.0095   0.0189   0.0080  -0.0097  -0.0125   0.00    6.9
2046 359897.000   34.220274403  117.144018424    35.5931   1  13   0.0109    0.0095   0.0189   0.0080  -0.0097  -0.0125   0.00    3.7
2046 359898.000   34.220273786  117.144018058    35.7840   2  14   0.1669    0.1591   0.3606   0.0412  -0.1221  -0.1402   0.00    2.9
2046 359899.000   34.220274784  117.144018443    35.5798   1  14   0.0109    0.0095   0.0189   0.0080  -0.0097  -0.0125   0.00    3.8
2046 359900.000   34.220274801  117.144018475    35.5723   1  13   0.0070    0.0060   0.0145   0.0015  -0.0025  -0.0074   0.00    3.2
2046 359901.000   34.220274819  117.144018455    35.5713   1  14   0.0048    0.0040   0.0102  -0.0010  -0.0012  -0.0051   0.00    4.1
2046 359902.000   34.220274838  117.144018458    35.5643   1  14   0.0047    0.0040   0.0102  -0.0010  -0.0012  -0.0051   0.00    4.5
2046 359903.000   34.220274850  117.144018444    35.5674   1  14   0.0048    0.0039   0.0102  -0.0010  -0.0012  -0.0051   0.00    7.4
2046 359904.000   34.220274834  117.144018445    35.5669   1  14   0.0070    0.0060   0.0145   0.0015  -0.0025  -0.0074   0.00    4.0
2046 359905.000   34.220274855  117.144018446    35.5681   1  14   0.0070    0.0060   0.0145   0.0015  -0.0025  -0.0074   0.00    5.0
2046 359906.000   34.220274868  117.144018463    35.5678   1  14   0.0070    0.0060   0.0145   0.0015  -0.0025  -0.0074   0.00    6.1
2046 359907.000   34.220274854  117.144018455    35.5694   1  14   0.0070    0.0060   0.0145   0.0015  -0.0025  -0.0074   0.00    5.3
2046 359908.000   34.220274857  117.144018452    35.5756   1  14   0.0070    0.0060   0.0145   0.0015  -0.0025  -0.0074   0.00    3.9
2046 359909.000   34.220273437  117.144017979    35.8770   2  14   0.1918    0.1823   0.4211  -0.0332  -0.1204  -0.1469   0.00    2.1
2046 359910.000   34.220273386  117.144017978    35.8808   2  14   0.1935    0.1840   0.4256  -0.0354  -0.1204  -0.1478   0.00    1.5
2046 359911.000   34.220273371  117.144017953    35.8864   2  14   0.1953    0.1857   0.4300  -0.0375  -0.1204  -0.1488   0.00    1.3
2046 359912.000   34.220273419  117.144017897    35.8894   2  13   0.1981    0.1878   0.4348  -0.0422  -0.1195  -0.1511   0.00    2.5
2046 359913.000   34.220273403  117.144017870    35.8893   2  13   0.2003    0.1896   0.4392  -0.0452  -0.1193  -0.1526   0.00    1.8
2046 359914.000   34.220274921  117.144018471    35.5452   1  13   0.0060    0.0055   0.0138  -0.0029   0.0038  -0.0061   0.00    3.1
2046 359915.000   34.220274930  117.144018474    35.5478   1  13   0.0060    0.0055   0.0138  -0.0029   0.0038  -0.0061   0.00    3.4
2046 359916.000   34.220273298  117.144017813    35.9159   2  12   0.2066    0.1955   0.4520  -0.0528  -0.1203  -0.1556   0.00    2.7
2046 359917.000   34.220273240  117.144017849    35.9300   2  14   0.2088    0.1975   0.4565  -0.0551  -0.1208  -0.1567   0.00    1.3
2046 359918.000   34.220273121  117.144017814    35.9270   2  14   0.2104    0.1991   0.4608  -0.0554  -0.1211  -0.1580   0.00    1.3
2046 359919.000   34.220273049  117.144017810    35.9389   2  14   0.2120    0.2007   0.4652  -0.0556  -0.1215  -0.1593   0.00    1.3
2046 359920.000   34.220273020  117.144017821    35.9437   2  14   0.2136    0.2024   0.4697  -0.0559  -0.1219  -0.1608   0.00    1.2
2046 359921.000   34.220273042  117.144017762    35.9474   2  14   0.2154    0.2041   0.4744  -0.0562  -0.1225  -0.1623   0.00    1.7
2046 359922.000   34.220273000  117.144017766    35.9523   2  14   0.2172    0.2059   0.4791  -0.0565  -0.1231  -0.1638   0.00    1.9
2046 359923.000   34.220272978  117.144017773    35.9553   2  14   0.2191    0.2078   0.4841  -0.0569  -0.1237  -0.1655   0.00    1.6
2046 359924.000   34.220272951  117.144017752    35.9613   2  14   0.2210    0.2097   0.4891  -0.0572  -0.1245  -0.1672   0.00    1.3
2046 359925.000   34.220272926  117.144017755    35.9636   2  13   0.2238    0.2120   0.4945  -0.0592  -0.1248  -0.1696   0.00    1.5
2046 359926.000   34.220272938  117.144017746    35.9659   2  14   0.2263    0.2143   0.5001  -0.0607  -0.1254  -0.1719   0.00    1.4
2046 359927.000   34.220273011  117.144017758    35.9806   2  14   0.2285    0.2165   0.5057  -0.0610  -0.1264  -0.1738   0.00    1.6
2046 359928.000   34.220274734  117.144018733    35.5527   1  12   0.0047    0.0038   0.0104  -0.0017  -0.0012  -0.0050   0.00   13.4
2046 359929.000   34.220274736  117.144018700    35.5564   1  13   0.0056    0.0053   0.0132  -0.0011  -0.0041  -0.0046   0.00   10.9
2046 359930.000   34.220274713  117.144018663    35.5641   1  14   0.0053    0.0051   0.0120  -0.0019  -0.0030  -0.0034   0.00   11.7
2046 359931.000   34.220274695  117.144018674    35.5637   1  14   0.0053    0.0051   0.0120  -0.0019  -0.0030  -0.0034   0.00   10.1
2046 359932.000   34.220274708  117.144018674    35.5643   1  14   0.0053    0.0051   0.0120  -0.0019  -0.0030  -0.0034   0.00   12.2
2046 359933.000   34.220274715  117.144018705    35.5558   1  13   0.0056    0.0053   0.0132  -0.0011  -0.0041  -0.0046   0.00   17.4
2046 359934.000   34.220274683  117.144018662    35.5627   1  13   0.0056    0.0053   0.0132  -0.0011  -0.0041  -0.0046   0.00   16.7
2046 359935.000   34.220272539  117.144017959    35.9538   2   9   0.2752    0.2572   0.6319  -0.0838  -0.0851  -0.2608   0.00    1.5
2046 359936.000   34.220274624  117.144018829    35.5942   1   9   0.0092    0.0092   0.0320  -0.0073   0.0142  -0.0150   0.00    3.6
2046 359937.000   34.220274674  117.144018658    35.5671   1  12   0.0067    0.0055   0.0149  -0.0026  -0.0025  -0.0068   0.00   18.5
2046 359938.000   34.220274734  117.144018744    35.5545   1  12   0.0067    0.0055   0.0149  -0.0026  -0.0025  -0.0068   0.00    6.5
2046 359939.000   34.220274662  117.144018674    35.5693   1  12   0.0066    0.0053   0.0144  -0.0022  -0.0005  -0.0072   0.00   17.2
2046 359940.000   34.220274667  117.144018640    35.5720   1  12   0.0066    0.0053   0.0144  -0.0022  -0.0005  -0.0072   0.00   14.2
2046 359941.000   34.220274684  117.144018638    35.5678   1  13   0.0055    0.0051   0.0126   0.0008  -0.0033  -0.0051   0.00   10.9
