%  GPST          latitude(deg) longitude(deg)  height(m)   Q  ns   sdn(m)   sde(m)   sdu(m)  sdne(m)  sdeu(m)  sdun(m) age(s)  ratio
2046 357453.000   34.220376697  117.144021080    28.5971   2   0  22.1826    9.3695  17.0240  14.2044 -12.1777 -18.8464   0.00    0.0
2046 357454.000   34.220370874  117.144017794    28.9591   2   0  21.4400    9.0630  16.4523  13.8730 -11.9672 -18.6249   0.00    0.0
2046 357455.000   34.220364885  117.144014773    29.3929   2   0  20.9655    8.8364  16.0753  13.5659 -11.7465 -18.2546   0.00    0.0
2046 357456.000   34.220294164  117.143979013    35.2812   2   0   7.5494    3.0717   6.4964   4.7204  -4.1362  -6.8264   0.00    0.0
2046 357457.000   34.220307272  117.143993177    35.9473   2   0   1.7651    0.7551   2.3576   0.8755  -0.5429  -1.7846   0.00    0.0
2046 357458.000   34.220305590  117.143994787    36.6247   2   0   1.3663    0.5810   1.9522   0.6098  -0.3171  -1.4195   0.00    0.0
2046 357459.000   34.220284813  117.143985930    38.1875   2   0   0.7111    0.3866   1.2557   0.2707  -0.0919  -0.7499   0.00    0.0
2046 357460.000   34.220284461  117.143983185    37.5991   2   0   0.5195    0.3159   0.9589   0.2112  -0.2050  -0.5140   0.00    0.0
2046 357461.000   34.220285014  117.143982204    37.2609   2   0   0.4305    0.2769   0.8229   0.1764  -0.2180  -0.4109   0.00    0.0
2046 357462.000   34.220285736  117.143981848    37.0626   2   0   0.3760    0.2508   0.7378   0.1536  -0.2171  -0.3501   0.00    0.0
2046 357463.000   34.220287247  117.143982161    36.7304   2   0   0.3221    0.2237   0.6429   0.1127  -0.1800  -0.2715   0.00    0.0
2046 357464.000   34.220288120  117.143982244    36.5249   2   0   0.2880    0.2046   0.5805   0.0871  -0.1591  -0.2233   0.00    0.0
2046 357465.000   34.220288838  117.143982318    36.3693   2   0   0.2539    0.1884   0.5303   0.0547  -0.1392  -0.1770   0.00    0.0
2046 357466.000   34.220289609  117.143982399    36.2429   2   0   0.2305    0.1761   0.4930   0.0260  -0.1266  -0.1455   0.00    0.0
2046 357467.000   34.220290358  117.143982485    36.1548   2   0   0.2130    0.1661   0.4635  -0.0248  -0.1178  -0.1223   0.00    0.0
2046 357468.000   34.220291028  117.143982126    36.0862   2   0   0.1993    0.1567   0.4391  -0.0365  -0.1114  -0.1043   0.00    0.0
2046 357469.000   34.220291618  117.143981942    36.0303   2   0   0.1880    0.1489   0.4184  -0.0419  -0.1062  -0.0898   0.00    0.0
2046 357470.000   34.220292080  117.143981864    35.9872   2   0   0.1785    0.1422   0.4006  -0.0448  -0.1019  -0.0778   0.00    0.0
2046 357471.000   34.220292500  117.143981788    35.9586   2   0   0.1704    0.1363   0.3850  -0.0464  -0.0982  -0.0676   0.00    0.0
2046 357472.000   34.220292853  117.143981728    35.9316   2   0   0.1633    0.1311   0.3711  -0.0472  -0.0949  -0.0588   0.00    0.0
2046 357473.000   34.220293181  117.143981642    35.9166   2   0   0.1571    0.1265   0.3587  -0.0476  -0.0920  -0.0509   0.00    0.0
2046 357474.000   34.220293466  117.143981566    35.9033   2   0   0.1516    0.1224   0.3474  -0.0477  -0.0894  -0.0439   0.00    0.0
2046 357475.000   34.220293707  117.143981512    35.8983   2   0   0.1466    0.1186   0.3372  -0.0475  -0.0870  -0.0374   0.00    1.1
2046 357476.000   34.220293904  117.143981469    35.9001   2   0   0.1421    0.1152   0.3279  -0.0473  -0.0848  -0.0312   0.00    1.1
2046 357477.000   34.220294090  117.143981436    35.8882   2   0   0.1380    0.1120   0.3193  -0.0469  -0.0828  -0.0252   0.00    1.0
2046 357478.000   34.220294286  117.143981323    35.8900   2   0   0.1342    0.1092   0.3114  -0.0465  -0.0809  -0.0189   0.00    1.1
2046 357479.000   34.220294448  117.143981296    35.8805   2   0   0.1308    0.1065   0.3040  -0.0460  -0.0791  -0.0115   0.00    1.0
2046 357480.000   34.220294619  117.143981279    35.8895   2   0   0.1276    0.1040   0.2971  -0.0455  -0.0775   0.0074   0.00    1.1
2046 357481.000   34.220294743  117.143981249    35.8956   2   0   0.1246    0.1017   0.2907  -0.0450  -0.0760   0.0145   0.00    1.1
2046 357482.000   34.220294903  117.143981210    35.8946   2   0   0.1218    0.0995   0.2847  -0.0445  -0.0745   0.0184   0.00    1.1
2046 357483.000   34.220294983  117.143981211    35.8865   2   0   0.1192    0.0975   0.2791  -0.0440  -0.0731   0.0211   0.00    1.2
2046 357484.000   34.220295071  117.143981157    35.8840   2   0   0.1168    0.0955   0.2737  -0.0435  -0.0719   0.0231   0.00    1.0
2046 357485.000   34.220295176  117.143981124    35.8966   2   0   0.1145    0.0937   0.2687  -0.0430  -0.0706   0.0246   0.00    1.0
2046 357486.000   34.220295227  117.143981120    35.8966   2   0   0.1123    0.0920   0.2639  -0.0425  -0.0695   0.0259   0.00    1.1
2046 357487.000   34.220295301  117.143981104    35.8958   2   0   0.1103    0.0904   0.2594  -0.0421  -0.0684   0.0269   0.00    1.0
2046 357488.000   34.220295398  117.143981059    35.8942   2   0   0.1084    0.0889   0.2552  -0.0416  -0.0673   0.0277   0.00    1.1
2046 357489.000   34.220295460  117.143981035    35.9024   2   0   0.1065    0.0874   0.2511  -0.0411  -0.0663   0.0283   0.00    1.1
2046 357490.000   34.220295524  117.143981021    35.9045   2   0   0.1047    0.0860   0.2470  -0.0406  -0.0652   0.0282   0.00    1.0
2046 357491.000   34.220295574  117.143981018    35.9047   2   0   0.1027    0.0845   0.2419  -0.0395  -0.0631   0.0241   0.00    1.4
2046 357492.000   34.220295632  117.143980990    35.9134   2   0   0.1007    0.0831   0.2371  -0.0385  -0.0611   0.0200   0.00    1.1
2046 357493.000   34.220295689  117.143980978    35.9139   2   0   0.0989    0.0817   0.2326  -0.0375  -0.0593   0.0155   0.00    1.1
2046 357494.000   34.220295731  117.143980951    35.9220   2   0   0.0972    0.0804   0.2284  -0.0366  -0.0577   0.0102   0.00    1.1
2046 357495.000   34.220295784  117.143980914    35.9291   2   0   0.0955    0.0792   0.2244  -0.0358  -0.0561  -0.0037   0.00    1.1
2046 357496.000   34.220295819  117.143980916    35.9331   2   0   0.0939    0.0780   0.2206  -0.0351  -0.0546  -0.0108   0.00    1.2
2046 357497.000   34.220295842  117.143980893    35.9355   2   0   0.0925    0.0769   0.2170  -0.0343  -0.0533  -0.0144   0.00    1.1
2046 357498.000   34.220295881  117.143980890    35.9434   2   0   0.0911    0.0758   0.2136  -0.0337  -0.0520  -0.0169   0.00    1.1
2046 357499.000   34.220295909  117.143980876    35.9547   2   0   0.0897    0.0748   0.2103  -0.0330  -0.0508  -0.0189   0.00    1.0
2046 357500.000   34.220295923  117.143980861    35.9640   2   0   0.0884    0.0738   0.2072  -0.0324  -0.0496  -0.0204   0.00    1.0
2046 357501.000   34.220295944  117.143980835    35.9679   2   0   0.0872    0.0729   0.2043  -0.0318  -0.0485  -0.0217   0.00    1.2
2046 357502.000   34.220295973  117.143980802    35.9733   2   0   0.0860    0.0719   0.2014  -0.0313  -0.0475  -0.0228   0.00    1.0
2046 357503.000   34.220295986  117.143980790    35.9756   2   0   0.0849    0.0711   0.1987  -0.0308  -0.0465  -0.0237   0.00    1.1
2046 357504.000   34.220296012  117.143980764    35.9811   2   0   0.0838    0.0702   0.1961  -0.0303  -0.0456  -0.0244   0.00    1.2
2046 357505.000   34.220296062  117.143980754    35.9863   2   0   0.0827    0.0694   0.1936  -0.0298  -0.0447  -0.0251   0.00    1.1
2046 357506.000   34.220296051  117.143980721    35.9966   2   0   0.0817    0.0686   0.1912  -0.0294  -0.0438  -0.0256   0.00    1.1
2046 357507.000   34.220296062  117.143980708    36.0042   2   0   0.0808    0.0679   0.1888  -0.0289  -0.0430  -0.0261   0.00    1.1
2046 357508.000   34.220296059  117.143980707    36.0054   2   0   0.0798    0.0671   0.1866  -0.0285  -0.0423  -0.0265   0.00    1.1
2046 357509.000   34.220296053  117.143980708    36.0080   2   0   0.0789    0.0664   0.1844  -0.0281  -0.0415  -0.0269   0.00    1.1
2046 357510.000   34.220296064  117.143980675    36.0129   2   0   0.0780    0.0657   0.1823  -0.0278  -0.0408  -0.0272   0.00    1.1
2046 357511.000   34.220296075  117.143980641    36.0205   2   0   0.0772    0.0651   0.1803  -0.0274  -0.0401  -0.0275   0.00    1.3
2046 357512.000   34.220296087  117.143980615    36.0249   2   0   0.0764    0.0644   0.1784  -0.0270  -0.0395  -0.0277   0.00    1.1
2046 357513.000   34.220296103  117.143980600    36.0329   2   0   0.0756    0.0638   0.1765  -0.0267  -0.0389  -0.0279   0.00    1.0
2046 357514.000   34.220296109  117.143980598    36.0352   2   0   0.0748    0.0632   0.1747  -0.0264  -0.0383  -0.0281   0.00    1.3
2046 357515.000   34.220296111  117.143980578    36.0374   2   0   0.0741    0.0626   0.1729  -0.0261  -0.0377  -0.0283   0.00    1.0
2046 357516.000   34.220296104  117.143980554    36.0400   2   0   0.0734    0.0620   0.1712  -0.0258  -0.0371  -0.0284   0.00    1.0
2046 357517.000   34.220296097  117.143980548    36.0437   2   0   0.0727    0.0615   0.1695  -0.0255  -0.0366  -0.0285   0.00    1.3
2046 357518.000   34.220296099  117.143980515    36.0484   2   0   0.0720    0.0609   0.1679  -0.0252  -0.0361  -0.0286   0.00    1.0
2046 357519.000   34.220296090  117.143980504    36.0557   2   0   0.0713    0.0604   0.1663  -0.0249  -0.0356  -0.0287   0.00    1.1
2046 357520.000   34.220296101  117.143980489    36.0600   2   0   0.0707    0.0599   0.1648  -0.0247  -0.0351  -0.0287   0.00    1.3
2046 357521.000   34.220296083  117.143980466    36.0629   2   0   0.0701    0.0594   0.1633  -0.0244  -0.0346  -0.0288   0.00    1.0
2046 357522.000   34.220296086  117.143980437    36.0638   2   0   0.0694    0.0589   0.1619  -0.0242  -0.0342  -0.0288   0.00    1.1
2046 357523.000   34.220296074  117.143980415    36.0658   2   0   0.0689    0.0584   0.1605  -0.0239  -0.0337  -0.0288   0.00    1.0
2046 357524.000   34.220296071  117.143980406    36.0699   2   0   0.0683    0.0580   0.1591  -0.0237  -0.0333  -0.0288   0.00    1.0
2046 357525.000   34.220296062  117.143980408    36.0738   2   0   0.0677    0.0575   0.1578  -0.0235  -0.0329  -0.0288   0.00    1.0
2046 357526.000   34.220296054  117.143980386    36.0799   2   0   0.0672    0.0571   0.1565  -0.0233  -0.0325  -0.0288   0.00    1.1
2046 357527.000   34.220296041  117.143980368    36.0850   2   0   0.0666    0.0566   0.1552  -0.0231  -0.0321  -0.0288   0.00    1.0
2046 357528.000   34.220296028  117.143980358    36.0870   2   0   0.0661    0.0562   0.1540  -0.0229  -0.0317  -0.0288   0.00    1.0
2046 357529.000   34.220296009  117.143980330    36.0901   2   0   0.0656    0.0558   0.1528  -0.0227  -0.0313  -0.0288   0.00    1.0
2046 357530.000   34.220296000  117.143980332    36.0932   2   0   0.0651    0.0554   0.1516  -0.0225  -0.0310  -0.0288   0.00    1.2
2046 357531.000   34.220295983  117.143980318    36.0957   2   0   0.0646    0.0550   0.1505  -0.0223  -0.0306  -0.0287   0.00    1.1
2046 357532.000   34.220295965  117.143980312    36.1022   2   0   0.0641    0.0546   0.1493  -0.0221  -0.0303  -0.0287   0.00    1.1
2046 357533.000   34.220295936  117.143980283    36.1024   2   0   0.0637    0.0542   0.1482  -0.0219  -0.0300  -0.0287   0.00    1.2
2046 357534.000   34.220295936  117.143980280    36.1079   2   0   0.0632    0.0539   0.1472  -0.0217  -0.0297  -0.0286   0.00    1.1
2046 357535.000   34.220295930  117.143980256    36.1073   2   0   0.0628    0.0535   0.1461  -0.0216  -0.0293  -0.0286   0.00    1.1
2046 357536.000   34.220295910  117.143980224    36.1129   2   0   0.0623    0.0532   0.1451  -0.0214  -0.0290  -0.0285   0.00    1.0
2046 357537.000   34.220295882  117.143980216    36.1131   2   0   0.0619    0.0528   0.1441  -0.0212  -0.0287  -0.0285   0.00    1.1
2046 357538.000   34.220295853  117.143980209    36.1166   2   0   0.0615    0.0525   0.1431  -0.0211  -0.0285  -0.0284   0.00    1.1
2046 357539.000   34.220295846  117.143980226    36.1201   2   0   0.0611    0.0521   0.1421  -0.0209  -0.0282  -0.0284   0.00    1.0
2046 357540.000   34.220295835  117.143980218    36.1269   2   0   0.0607    0.0518   0.1412  -0.0208  -0.0279  -0.0283   0.00    1.3
2046 357541.000   34.220295807  117.143980181    36.1256   2   0   0.0603    0.0515   0.1403  -0.0206  -0.0276  -0.0283   0.00    1.0
2046 357542.000   34.220295774  117.143980168    36.1302   2   0   0.0599    0.0512   0.1393  -0.0205  -0.0274  -0.0282   0.00    1.1
2046 357543.000   34.220295778  117.143980166    36.1328   2   0   0.0595    0.0509   0.1385  -0.0203  -0.0271  -0.0281   0.00    1.3
2046 357544.000   34.220295753  117.143980148    36.1319   2   0   0.0592    0.0506   0.1376  -0.0202  -0.0269  -0.0281   0.00    1.2
2046 357545.000   34.220295749  117.143980149    36.1347   2   0   0.0588    0.0503   0.1367  -0.0200  -0.0266  -0.0280   0.00    1.1
2046 357546.000   34.220295713  117.143980154    36.1340   2   0   0.0584    0.0500   0.1359  -0.0199  -0.0264  -0.0280   0.00    1.0
2046 357547.000   34.220295692  117.143980137    36.1395   2   0   0.0581    0.0497   0.1351  -0.0198  -0.0261  -0.0279   0.00    1.0
2046 357548.000   34.220295666  117.143980109    36.1404   2   0   0.0577    0.0494   0.1343  -0.0197  -0.0259  -0.0278   0.00    1.1
2046 357549.000   34.220295650  117.143980111    36.1374   2   0   0.0574    0.0491   0.1335  -0.0195  -0.0257  -0.0278   0.00    1.1
2046 357550.000   34.220295639  117.143980091    36.1323   2   0   0.0571    0.0488   0.1327  -0.0194  -0.0255  -0.0277   0.00    1.0
2046 357551.000   34.220295609  117.143980079    36.1389   2   0   0.0568    0.0486   0.1319  -0.0193  -0.0253  -0.0276   0.00    1.1
2046 357552.000   34.220295578  117.143980090    36.1392   2   0   0.0564    0.0483   0.1312  -0.0192  -0.0251  -0.0276   0.00    1.0
2046 357553.000   34.220295573  117.143980063    36.1412   2   0   0.0561    0.0481   0.1304  -0.0191  -0.0248  -0.0275   0.00    1.1
2046 357554.000   34.220295555  117.143980048    36.1406   2   0   0.0558    0.0478   0.1297  -0.0189  -0.0246  -0.0274   0.00    1.1
2046 357555.000   34.220295533  117.143980050    36.1377   2   0   0.0555    0.0476   0.1290  -0.0188  -0.0244  -0.0273   0.00    1.0
2046 357556.000   34.220295516  117.143980042    36.1380   2   0   0.0552    0.0473   0.1283  -0.0187  -0.0242  -0.0273   0.00    1.1
2046 357557.000   34.220295490  117.143980050    36.1383   2   0   0.0549    0.0471   0.1276  -0.0186  -0.0241  -0.0272   0.00    1.1
2046 357558.000   34.220295474  117.143980024    36.1403   2   0   0.0546    0.0468   0.1269  -0.0185  -0.0239  -0.0271   0.00    1.0
2046 357559.000   34.220295456  117.143980010    36.1409   2   0   0.0543    0.0466   0.1263  -0.0184  -0.0237  -0.0271   0.00    1.0
2046 357560.000   34.220295428  117.143980004    36.1422   2   0   0.0541    0.0464   0.1256  -0.0183  -0.0235  -0.0270   0.00    1.1
2046 357561.000   34.220295406  117.143979991    36.1431   2   0   0.0538    0.0461   0.1249  -0.0182  -0.0233  -0.0269   0.00    1.1
2046 357562.000   34.220295384  117.143979979    36.1385   2   0   0.0535    0.0459   0.1243  -0.0181  -0.0232  -0.0269   0.00    1.0
2046 357563.000   34.220295366  117.143979967    36.1362   2   0   0.0533    0.0457   0.1237  -0.0180  -0.0230  -0.0268   0.00    1.2
2046 357564.000   34.220295354  117.143979972    36.1363   2   0   0.0530    0.0455   0.1231  -0.0179  -0.0228  -0.0267   0.00    1.1
2046 357565.000   34.220295333  117.143979938    36.1369   2   0   0.0527    0.0453   0.1225  -0.0178  -0.0227  -0.0267   0.00    1.0
2046 357566.000   34.220295314  117.143979949    36.1347   2   0   0.0525    0.0451   0.1219  -0.0177  -0.0225  -0.0266   0.00    1.2
2046 357567.000   34.220295296  117.143979921    36.1336   2   0   0.0522    0.0448   0.1213  -0.0176  -0.0223  -0.0265   0.00    1.1
2046 357568.000   34.220295269  117.143979906    36.1346   2   0   0.0520    0.0446   0.1207  -0.0176  -0.0222  -0.0264   0.00    1.1
2046 357569.000   34.220295264  117.143979881    36.1340   2   0   0.0517    0.0444   0.1201  -0.0175  -0.0220  -0.0264   0.00    1.0
2046 357570.000   34.220295244  117.143979879    36.1338   2   0   0.0515    0.0442   0.1196  -0.0174  -0.0219  -0.0263   0.00    1.1
2046 357571.000   34.220295220  117.143979888    36.1326   2   0   0.0513    0.0440   0.1190  -0.0173  -0.0217  -0.0262   0.00    1.0
2046 357572.000   34.220295204  117.143979896    36.1286   2   0   0.0510    0.0438   0.1185  -0.0172  -0.0216  -0.0262   0.00    1.0
2046 357573.000   34.220295174  117.143979887    36.1313   2   0   0.0508    0.0437   0.1179  -0.0171  -0.0214  -0.0261   0.00    1.1
2046 357574.000   34.220295165  117.143979845    36.1312   2   0   0.0506    0.0435   0.1174  -0.0171  -0.0213  -0.0260   0.00    1.0
2046 357575.000   34.220295134  117.143979873    36.1312   2   0   0.0504    0.0433   0.1169  -0.0170  -0.0211  -0.0260   0.00    1.1
2046 357576.000   34.220295117  117.143979845    36.1290   2   0   0.0501    0.0431   0.1164  -0.0169  -0.0210  -0.0259   0.00    1.1
2046 357577.000   34.220295099  117.143979818    36.1243   2   0   0.0499    0.0429   0.1158  -0.0168  -0.0209  -0.0259   0.00    1.1
2046 357578.000   34.220295096  117.143979817    36.1207   2   0   0.0497    0.0427   0.1153  -0.0167  -0.0207  -0.0258   0.00    1.0
2046 357579.000   34.220295075  117.143979808    36.1197   2   0   0.0495    0.0426   0.1148  -0.0167  -0.0206  -0.0257   0.00    1.0
2046 357580.000   34.220295069  117.143979798    36.1186   2   0   0.0493    0.0424   0.1144  -0.0166  -0.0205  -0.0257   0.00    1.1
2046 357581.000   34.220295052  117.143979799    36.1213   2   0   0.0491    0.0422   0.1139  -0.0165  -0.0203  -0.0256   0.00    1.0
2046 357582.000   34.220295065  117.143979775    36.1160   2   0   0.0489    0.0421   0.1134  -0.0164  -0.0202  -0.0255   0.00    1.0
2046 357583.000   34.220295050  117.143979766    36.1204   2   0   0.0487    0.0419   0.1129  -0.0164  -0.0201  -0.0255   0.00    1.1
2046 357584.000   34.220295033  117.143979766    36.1176   2   0   0.0485    0.0417   0.1125  -0.0163  -0.0200  -0.0254   0.00    1.2
2046 357585.000   34.220295005  117.143979755    36.1174   2   0   0.0483    0.0416   0.1120  -0.0162  -0.0199  -0.0253   0.00    1.0
2046 357586.000   34.220294987  117.143979728    36.1174   2   0   0.0481    0.0414   0.1116  -0.0162  -0.0197  -0.0253   0.00    1.1
2046 357587.000   34.220294968  117.143979708    36.1179   2   0   0.0479    0.0412   0.1111  -0.0161  -0.0196  -0.0252   0.00    1.3
2046 357588.000   34.220294938  117.143979704    36.1149   2   0   0.0477    0.0411   0.1107  -0.0160  -0.0195  -0.0252   0.00    1.1
2046 357589.000   34.220294934  117.143979676    36.1182   2   0   0.0475    0.0409   0.1102  -0.0160  -0.0194  -0.0251   0.00    1.1
2046 357590.000   34.220294927  117.143979679    36.1142   2   0   0.0473    0.0408   0.1098  -0.0159  -0.0193  -0.0250   0.00    1.1
2046 357591.000   34.220294925  117.143979664    36.1108   2   0   0.0472    0.0406   0.1094  -0.0158  -0.0192  -0.0250   0.00    1.0
2046 357592.000   34.220294930  117.143979657    36.1140   2   0   0.0470    0.0405   0.1090  -0.0158  -0.0191  -0.0249   0.00    1.0
2046 357593.000   34.220294940  117.143979653    36.1136   2   0   0.0468    0.0403   0.1085  -0.0157  -0.0189  -0.0249   0.00    1.1
2046 357594.000   34.220294922  117.143979626    36.1136   2   0   0.0466    0.0402   0.1081  -0.0157  -0.0188  -0.0248   0.00    1.1
2046 357595.000   34.220294909  117.143979604    36.1116   2   0   0.0465    0.0400   0.1077  -0.0156  -0.0187  -0.0247   0.00    1.0
2046 357596.000   34.220294866  117.143979617    36.1071   2   0   0.0463    0.0399   0.1073  -0.0155  -0.0186  -0.0247   0.00    1.1
2046 357597.000   34.220294842  117.143979602    36.1013   2   0   0.0461    0.0398   0.1069  -0.0155  -0.0185  -0.0246   0.00    1.1
2046 357598.000   34.220294835  117.143979588    36.1027   2   0   0.0460    0.0396   0.1066  -0.0154  -0.0184  -0.0246   0.00    1.1
2046 357599.000   34.220294863  117.143979610    36.0967   2   0   0.0458    0.0395   0.1062  -0.0154  -0.0183  -0.0245   0.00    1.0
2046 357600.000   34.220294845  117.143979586    36.0947   2   0   0.0456    0.0393   0.1058  -0.0153  -0.0182  -0.0245   0.00    1.1
2046 357601.000   34.220294863  117.143979575    36.0934   2   0   0.0455    0.0392   0.1054  -0.0153  -0.0181  -0.0244   0.00    1.0
2046 357602.000   34.220294851  117.143979542    36.0929   2   0   0.0453    0.0391   0.1050  -0.0152  -0.0180  -0.0243   0.00    1.0
2046 357603.000   34.220294834  117.143979539    36.0934   2   0   0.0452    0.0389   0.1047  -0.0152  -0.0179  -0.0243   0.00    1.1
2046 357604.000   34.220294832  117.143979537    36.0989   2   0   0.0450    0.0388   0.1043  -0.0151  -0.0178  -0.0242   0.00    1.0
2046 357605.000   34.220294832  117.143979523    36.0982   2   0   0.0449    0.0387   0.1039  -0.0150  -0.0177  -0.0242   0.00    1.0
2046 357606.000   34.220294851  117.143979495    36.0966   2   0   0.0447    0.0386   0.1036  -0.0150  -0.0177  -0.0241   0.00    1.1
2046 357607.000   34.220294838  117.143979495    36.0928   2   0   0.0446    0.0384   0.1032  -0.0149  -0.0176  -0.0241   0.00    1.2
2046 357608.000   34.220294823  117.143979492    36.0921   2   0   0.0444    0.0383   0.1029  -0.0149  -0.0175  -0.0240   0.00    1.0
2046 357609.000   34.220294801  117.143979474    36.0925   2   0   0.0443    0.0382   0.1025  -0.0148  -0.0174  -0.0240   0.00    1.1
2046 357610.000   34.220294800  117.143979459    36.0868   2   0   0.0441    0.0381   0.1022  -0.0148  -0.0173  -0.0239   0.00    1.2
2046 357611.000   34.220294799  117.143979452    36.0902   2   0   0.0440    0.0379   0.1019  -0.0147  -0.0172  -0.0239   0.00    1.1
2046 357612.000   34.220294815  117.143979451    36.0925   2   0   0.0438    0.0378   0.1015  -0.0147  -0.0171  -0.0238   0.00    1.1
2046 357613.000   34.220294823  117.143979444    36.0918   2   0   0.0437    0.0377   0.1012  -0.0146  -0.0170  -0.0238   0.00    1.1
2046 357614.000   34.220294808  117.143979427    36.0897   2   0   0.0435    0.0376   0.1009  -0.0146  -0.0170  -0.0237   0.00    1.1
2046 357615.000   34.220294799  117.143979440    36.0878   2   0   0.0434    0.0375   0.1006  -0.0145  -0.0169  -0.0237   0.00    1.1
2046 357616.000   34.220294787  117.143979415    36.0899   2   0   0.0433    0.0374   0.1002  -0.0145  -0.0168  -0.0236   0.00    1.1
2046 357617.000   34.220294804  117.143979417    36.0905   2   0   0.0431    0.0372   0.0999  -0.0145  -0.0167  -0.0236   0.00    1.1
2046 357618.000   34.220294789  117.143979414    36.0875   2   0   0.0430    0.0371   0.0996  -0.0144  -0.0166  -0.0235   0.00    1.2
2046 357619.000   34.220294791  117.143979394    36.0877   2   0   0.0429    0.0370   0.0993  -0.0144  -0.0165  -0.0235   0.00    1.1
2046 357620.000   34.220294792  117.143979383    36.0879   2   0   0.0427    0.0369   0.0990  -0.0143  -0.0165  -0.0234   0.00    1.0
2046 357621.000   34.220294797  117.143979348    36.0903   2   0   0.0426    0.0368   0.0987  -0.0143  -0.0164  -0.0234   0.00    1.1
2046 357622.000   34.220294771  117.143979375    36.0897   2   0   0.0425    0.0367   0.0984  -0.0142  -0.0163  -0.0233   0.00    1.0
2046 357623.000   34.220294768  117.143979373    36.0921   2   0   0.0424    0.0366   0.0981  -0.0142  -0.0162  -0.0233   0.00    1.0
2046 357624.000   34.220294767  117.143979345    36.0940   2   0   0.0422    0.0365   0.0978  -0.0141  -0.0162  -0.0232   0.00    1.0
2046 357625.000   34.220294754  117.143979343    36.0893   2   0   0.0421    0.0364   0.0975  -0.0141  -0.0161  -0.0232   0.00    1.0
2046 357626.000   34.220294754  117.143979316    36.0920   2   0   0.0420    0.0363   0.0972  -0.0141  -0.0160  -0.0231   0.00    1.0
2046 357627.000   34.220294751  117.143979299    36.0911   2   0   0.0419    0.0362   0.0969  -0.0140  -0.0159  -0.0231   0.00    1.0
2046 357628.000   34.220294737  117.143979308    36.0932   2   0   0.0417    0.0361   0.0966  -0.0140  -0.0159  -0.0230   0.00    1.0
2046 357629.000   34.220294761  117.143979300    36.0955   2   0   0.0416    0.0360   0.0964  -0.0139  -0.0158  -0.0230   0.00    1.0
2046 357630.000   34.220294731  117.143979296    36.0938   2   0   0.0415    0.0359   0.0961  -0.0139  -0.0157  -0.0229   0.00    1.2
2046 357631.000   34.220294736  117.143979273    36.0940   2   0   0.0414    0.0358   0.0958  -0.0139  -0.0156  -0.0229   0.00    1.0
2046 357632.000   34.220294719  117.143979270    36.0878   2   0   0.0413    0.0357   0.0955  -0.0138  -0.0156  -0.0229   0.00    1.1
2046 357633.000   34.220294723  117.143979252    36.0920   2   0   0.0412    0.0356   0.0953  -0.0138  -0.0155  -0.0228   0.00    1.2
2046 357634.000   34.220294738  117.143979247    36.0935   2   0   0.0410    0.0355   0.0950  -0.0137  -0.0154  -0.0228   0.00    1.1
2046 357635.000   34.220294738  117.143979264    36.0910   2   0   0.0409    0.0354   0.0947  -0.0137  -0.0154  -0.0227   0.00    1.1
2046 357636.000   34.220294706  117.143979266    36.0898   2   0   0.0408    0.0353   0.0945  -0.0137  -0.0153  -0.0227   0.00    1.0
2046 357637.000   34.220294704  117.143979257    36.0929   2   0   0.0407    0.0352   0.0942  -0.0136  -0.0152  -0.0226   0.00    1.0
2046 357638.000   34.220294695  117.143979230    36.0967   2   0   0.0406    0.0351   0.0939  -0.0136  -0.0152  -0.0226   0.00    1.0
2046 357639.000   34.220294691  117.143979237    36.0980   2   0   0.0405    0.0350   0.0937  -0.0136  -0.0151  -0.0226   0.00    1.0
2046 357640.000   34.220294700  117.143979214    36.0980   2   0   0.0404    0.0349   0.0934  -0.0135  -0.0150  -0.0225   0.00    1.1
2046 357641.000   34.220294683  117.143979215    36.0977   2   0   0.0403    0.0348   0.0932  -0.0135  -0.0150  -0.0225   0.00    1.0
2046 357642.000   34.220294697  117.143979204    36.0981   2   0   0.0402    0.0347   0.0929  -0.0135  -0.0149  -0.0224   0.00    1.1
2046 357643.000   34.220294695  117.143979191    36.0965   2   0   0.0401    0.0347   0.0927  -0.0134  -0.0148  -0.0224   0.00    1.0
2046 357644.000   34.220294689  117.143979187    36.0967   2   0   0.0400    0.0346   0.0924  -0.0134  -0.0148  -0.0223   0.00    1.0
2046 357645.000   34.220294679  117.143979192    36.0968   2   0   0.0399    0.0345   0.0922  -0.0133  -0.0147  -0.0223   0.00    1.1
2046 357646.000   34.220294682  117.143979198    36.0975   2   0   0.0398    0.0344   0.0920  -0.0133  -0.0147  -0.0223   0.00    1.0
2046 357647.000   34.220294684  117.143979172    36.1003   2   0   0.0397    0.0343   0.0917  -0.0133  -0.0146  -0.0222   0.00    1.0
2046 357648.000   34.220294674  117.143979184    36.0979   2   0   0.0396    0.0342   0.0915  -0.0132  -0.0145  -0.0222   0.00    1.1
2046 357649.000   34.220294686  117.143979154    36.1006   2   0   0.0395    0.0341   0.0913  -0.0132  -0.0145  -0.0221   0.00    1.0
2046 357650.000   34.220294688  117.143979149    36.0985   2   0   0.0394    0.0341   0.0910  -0.0132  -0.0144  -0.0221   0.00    1.0
2046 357651.000   34.220294677  117.143979141    36.1033   2   0   0.0393    0.0340   0.0908  -0.0131  -0.0144  -0.0221   0.00    1.0
2046 357652.000   34.220294658  117.143979126    36.1073   2   0   0.0392    0.0339   0.0906  -0.0131  -0.0143  -0.0220   0.00    1.0
2046 357653.000   34.220294669  117.143979123    36.1079   2   0   0.0391    0.0338   0.0903  -0.0131  -0.0142  -0.0220   0.00    1.3
2046 357654.000   34.220294679  117.143979121    36.1068   2   0   0.0390    0.0337   0.0901  -0.0130  -0.0142  -0.0220   0.00    1.0
2046 357655.000   34.220294639  117.143979128    36.1022   2   0   0.0389    0.0337   0.0899  -0.0130  -0.0141  -0.0219   0.00    1.2
2046 357656.000   34.220294646  117.143979138    36.1008   2   0   0.0388    0.0336   0.0897  -0.0130  -0.0141  -0.0219   0.00    1.3
2046 357657.000   34.220294638  117.143979146    36.1037   2   0   0.0387    0.0335   0.0895  -0.0130  -0.0140  -0.0218   0.00    1.1
2046 357658.000   34.220294625  117.143979127    36.1000   2   0   0.0386    0.0334   0.0892  -0.0129  -0.0140  -0.0218   0.00    1.2
2046 357659.000   34.220294623  117.143979142    36.0995   2   0   0.0385    0.0333   0.0890  -0.0129  -0.0139  -0.0218   0.00    1.1
2046 357660.000   34.220294625  117.143979114    36.1018   2   0   0.0384    0.0333   0.0888  -0.0129  -0.0138  -0.0217   0.00    1.0
2046 357661.000   34.220294630  117.143979115    36.0974   2   0   0.0383    0.0332   0.0886  -0.0128  -0.0138  -0.0217   0.00    1.0
2046 357662.000   34.220294632  117.143979096    36.1012   2   0   0.0382    0.0331   0.0884  -0.0128  -0.0137  -0.0217   0.00    1.0
2046 357663.000   34.220294633  117.143979091    36.1025   2   0   0.0382    0.0330   0.0882  -0.0128  -0.0137  -0.0216   0.00    1.0
2046 357664.000   34.220294644  117.143979081    36.1024   2   0   0.0381    0.0330   0.0880  -0.0127  -0.0136  -0.0216   0.00    1.0
2046 357665.000   34.220294618  117.143979073    36.1020   2   0   0.0380    0.0329   0.0878  -0.0127  -0.0136  -0.0216   0.00    1.0
2046 357666.000   34.220294621  117.143979065    36.1045   2   0   0.0379    0.0328   0.0876  -0.0127  -0.0135  -0.0215   0.00    1.0
2046 357667.000   34.220294621  117.143979048    36.1034   2   0   0.0378    0.0327   0.0874  -0.0127  -0.0135  -0.0215   0.00    1.0
2046 357668.000   34.220294605  117.143979058    36.1049   2   0   0.0377    0.0327   0.0872  -0.0126  -0.0134  -0.0215   0.00    1.0
2046 357669.000   34.220294595  117.143979061    36.1032   2   0   0.0376    0.0326   0.0870  -0.0126  -0.0134  -0.0214   0.00    1.0
2046 357670.000   34.220294593  117.143979062    36.0968   2   0   0.0376    0.0325   0.0868  -0.0126  -0.0133  -0.0214   0.00    1.0
2046 357671.000   34.220294577  117.143979061    36.0936   2   0   0.0375    0.0325   0.0866  -0.0125  -0.0133  -0.0214   0.00    1.1
2046 357672.000   34.220294606  117.143979038    36.0979   2   0   0.0374    0.0324   0.0864  -0.0125  -0.0132  -0.0213   0.00    1.0
2046 357673.000   34.220294606  117.143979036    36.1015   2   0   0.0373    0.0323   0.0862  -0.0125  -0.0132  -0.0213   0.00    1.1
2046 357674.000   34.220294599  117.143978999    36.0990   2   0   0.0372    0.0323   0.0860  -0.0125  -0.0131  -0.0213   0.00    1.0
2046 357675.000   34.220294588  117.143978992    36.0999   2   0   0.0372    0.0322   0.0858  -0.0124  -0.0131  -0.0212   0.00    1.0
2046 357676.000   34.220294601  117.143978985    36.0978   2   0   0.0371    0.0321   0.0856  -0.0124  -0.0130  -0.0212   0.00    1.1
2046 357677.000   34.220294591  117.143978991    36.0960   2   0   0.0370    0.0321   0.0854  -0.0124  -0.0130  -0.0212   0.00    1.0
2046 357678.000   34.220294567  117.143978989    36.0955   2   0   0.0369    0.0320   0.0853  -0.0124  -0.0129  -0.0211   0.00    1.2
2046 357679.000   34.220294577  117.143978990    36.0956   2   0   0.0368    0.0319   0.0851  -0.0123  -0.0129  -0.0211   0.00    1.2
2046 357680.000   34.220294581  117.143978962    36.0924   2   0   0.0368    0.0319   0.0849  -0.0123  -0.0128  -0.0211   0.00    1.1
2046 357681.000   34.220294575  117.143978950    36.0955   2   0   0.0367    0.0318   0.0847  -0.0123  -0.0128  -0.0210   0.00    1.2
2046 357682.000   34.220294593  117.143978938    36.0939   2   0   0.0366    0.0317   0.0845  -0.0123  -0.0127  -0.0210   0.00    1.1
2046 357683.000   34.220294585  117.143978919    36.0919   2   0   0.0365    0.0317   0.0844  -0.0122  -0.0127  -0.0210   0.00    1.0
2046 357684.000   34.220294587  117.143978911    36.0906   2   0   0.0365    0.0316   0.0842  -0.0122  -0.0126  -0.0209   0.00    1.0
2046 357685.000   34.220294558  117.143978926    36.0871   2   0   0.0364    0.0315   0.0840  -0.0122  -0.0126  -0.0209   0.00    1.1
2046 357686.000   34.220294548  117.143978917    36.0874   2   0   0.0363    0.0315   0.0838  -0.0122  -0.0125  -0.0209   0.00    1.0
2046 357687.000   34.220294549  117.143978903    36.0853   2   0   0.0362    0.0314   0.0837  -0.0121  -0.0125  -0.0208   0.00    1.0
2046 357688.000   34.220294548  117.143978881    36.0867   2   0   0.0362    0.0314   0.0835  -0.0121  -0.0124  -0.0208   0.00    1.0
2046 357689.000   34.220294553  117.143978863    36.0878   2   0   0.0361    0.0313   0.0833  -0.0121  -0.0124  -0.0208   0.00    1.0
2046 357690.000   34.220294542  117.143978865    36.0915   2   0   0.0360    0.0312   0.0832  -0.0121  -0.0124  -0.0208   0.00    1.0
2046 357691.000   34.220294543  117.143978864    36.0926   2   0   0.0360    0.0312   0.0830  -0.0120  -0.0123  -0.0207   0.00    1.1
2046 357692.000   34.220294529  117.143978842    36.0907   2   0   0.0359    0.0311   0.0828  -0.0120  -0.0123  -0.0207   0.00    1.0
2046 357693.000   34.220294524  117.143978846    36.0859   2   0   0.0358    0.0311   0.0827  -0.0120  -0.0122  -0.0207   0.00    1.0
2046 357694.000   34.220294527  117.143978820    36.0846   2   0   0.0357    0.0310   0.0825  -0.0120  -0.0122  -0.0206   0.00    1.0
2046 357695.000   34.220294530  117.143978807    36.0840   2   0   0.0357    0.0309   0.0823  -0.0120  -0.0121  -0.0206   0.00    1.0
2046 357696.000   34.220294524  117.143978790    36.0870   2   0   0.0356    0.0309   0.0822  -0.0119  -0.0121  -0.0206   0.00    1.1
2046 357697.000   34.220294510  117.143978797    36.0863   2   0   0.0355    0.0308   0.0820  -0.0119  -0.0120  -0.0206   0.00    1.1
2046 357698.000   34.220294502  117.143978764    36.0854   2   0   0.0355    0.0308   0.0819  -0.0119  -0.0120  -0.0205   0.00    1.0
2046 357699.000   34.220294503  117.143978779    36.0852   2   0   0.0354    0.0307   0.0817  -0.0119  -0.0120  -0.0205   0.00    1.2
2046 357700.000   34.220294504  117.143978761    36.0820   2   0   0.0353    0.0307   0.0815  -0.0118  -0.0119  -0.0205   0.00    1.1
2046 357701.000   34.220294507  117.143978749    36.0799   2   0   0.0353    0.0306   0.0814  -0.0118  -0.0119  -0.0204   0.00    1.2
2046 357702.000   34.220294490  117.143978736    36.0831   2   0   0.0352    0.0305   0.0812  -0.0118  -0.0118  -0.0204   0.00    1.2
2046 357703.000   34.220294466  117.143978734    36.0838   2   0   0.0351    0.0305   0.0811  -0.0118  -0.0118  -0.0204   0.00    1.0
2046 357704.000   34.220294481  117.143978703    36.0875   2   0   0.0351    0.0304   0.0809  -0.0118  -0.0118  -0.0204   0.00    1.2
2046 357705.000   34.220294487  117.143978709    36.0823   2   0   0.0350    0.0304   0.0808  -0.0117  -0.0117  -0.0203   0.00    1.1
2046 357706.000   34.220294485  117.143978680    36.0881   2   0   0.0350    0.0303   0.0806  -0.0117  -0.0117  -0.0203   0.00    1.0
2046 357707.000   34.220294460  117.143978683    36.0845   2   0   0.0349    0.0303   0.0805  -0.0117  -0.0116  -0.0203   0.00    1.1
2046 357708.000   34.220294460  117.143978663    36.0840   2   0   0.0348    0.0302   0.0803  -0.0117  -0.0116  -0.0203   0.00    1.0
2046 357709.000   34.220294467  117.143978666    36.0828   2   0   0.0348    0.0302   0.0802  -0.0117  -0.0116  -0.0202   0.00    1.0
2046 357710.000   34.220294476  117.143978642    36.0801   2   0   0.0347    0.0301   0.0800  -0.0116  -0.0115  -0.0202   0.00    1.0
2046 357711.000   34.220294464  117.143978602    36.0819   2   0   0.0346    0.0301   0.0799  -0.0116  -0.0115  -0.0202   0.00    1.0
2046 357712.000   34.220294453  117.143978581    36.0829   2   0   0.0346    0.0300   0.0797  -0.0116  -0.0114  -0.0202   0.00    1.1
2046 357713.000   34.220294446  117.143978550    36.0827   2   0   0.0345    0.0300   0.0796  -0.0116  -0.0114  -0.0201   0.00    1.0
2046 357714.000   34.220294434  117.143978551    36.0829   2   0   0.0345    0.0299   0.0795  -0.0116  -0.0114  -0.0201   0.00    1.0
2046 357715.000   34.220294444  117.143978562    36.0896   2   0   0.0344    0.0299   0.0793  -0.0115  -0.0113  -0.0201   0.00    1.1
2046 357716.000   34.220294399  117.143978565    36.0870   2   0   0.0343    0.0298   0.0792  -0.0115  -0.0113  -0.0201   0.00    1.1
2046 357717.000   34.220294412  117.143978564    36.0870   2   0   0.0343    0.0298   0.0790  -0.0115  -0.0112  -0.0200   0.00    1.0
2046 357718.000   34.220294414  117.143978555    36.0898   2   0   0.0342    0.0297   0.0789  -0.0115  -0.0112  -0.0200   0.00    1.1
2046 357719.000   34.220294412  117.143978544    36.0903   2   0   0.0342    0.0297   0.0788  -0.0115  -0.0112  -0.0200   0.00    1.0
2046 357720.000   34.220294424  117.143978523    36.0851   2   0   0.0341    0.0296   0.0786  -0.0114  -0.0111  -0.0200   0.00    1.1
2046 357721.000   34.220294405  117.143978508    36.0806   2   0   0.0341    0.0296   0.0785  -0.0114  -0.0111  -0.0199   0.00    1.1
2046 357722.000   34.220294399  117.143978485    36.0860   2   0   0.0340    0.0295   0.0783  -0.0114  -0.0111  -0.0199   0.00    1.2
2046 357723.000   34.220294401  117.143978485    36.0870   2   0   0.0339    0.0295   0.0782  -0.0114  -0.0110  -0.0199   0.00    1.1
2046 357724.000   34.220294378  117.143978502    36.0856   2   0   0.0339    0.0294   0.0781  -0.0114  -0.0110  -0.0199   0.00    1.2
2046 357725.000   34.220294392  117.143978474    36.0865   2   0   0.0338    0.0294   0.0779  -0.0113  -0.0109  -0.0198   0.00    1.2
2046 357726.000   34.220294389  117.143978456    36.0887   2   0   0.0338    0.0293   0.0778  -0.0113  -0.0109  -0.0198   0.00    1.0
2046 357727.000   34.220294410  117.143978427    36.0842   2   0   0.0337    0.0293   0.0777  -0.0113  -0.0109  -0.0198   0.00    1.3
2046 357728.000   34.220294404  117.143978417    36.0863   2   0   0.0337    0.0292   0.0776  -0.0113  -0.0108  -0.0198   0.00    1.0
2046 357729.000   34.220294390  117.143978408    36.0811   2   0   0.0336    0.0292   0.0774  -0.0113  -0.0108  -0.0197   0.00    1.0
2046 357730.000   34.220294386  117.143978418    36.0819   2   0   0.0336    0.0291   0.0773  -0.0113  -0.0108  -0.0197   0.00    1.0
2046 357731.000   34.220294382  117.143978400    36.0832   2   0   0.0335    0.0291   0.0772  -0.0112  -0.0107  -0.0197   0.00    1.0
2046 357732.000   34.220294381  117.143978381    36.0833   2   0   0.0334    0.0290   0.0770  -0.0112  -0.0107  -0.0197   0.00    1.0
2046 357733.000   34.220294358  117.143978380    36.0891   2   0   0.0334    0.0290   0.0769  -0.0112  -0.0107  -0.0197   0.00    1.0
2046 357734.000   34.220294355  117.143978358    36.0906   2   0   0.0333    0.0289   0.0768  -0.0112  -0.0106  -0.0196   0.00    1.0
2046 357735.000   34.220294363  117.143978344    36.0891   2   0   0.0333    0.0289   0.0767  -0.0112  -0.0106  -0.0196   0.00    1.1
2046 357736.000   34.220294363  117.143978321    36.0937   2   0   0.0332    0.0289   0.0765  -0.0112  -0.0105  -0.0196   0.00    1.0
2046 357737.000   34.220294356  117.143978339    36.0876   2   0   0.0332    0.0288   0.0764  -0.0111  -0.0105  -0.0196   0.00    1.1
2046 357738.000   34.220294348  117.143978336    36.0880   2   0   0.0331    0.0288   0.0763  -0.0111  -0.0105  -0.0195   0.00    1.1
2046 357739.000   34.220294335  117.143978338    36.0858   2   0   0.0331    0.0287   0.0762  -0.0111  -0.0104  -0.0195   0.00    1.0
2046 357740.000   34.220294334  117.143978312    36.0915   2   0   0.0330    0.0287   0.0761  -0.0111  -0.0104  -0.0195   0.00    1.1
2046 357741.000   34.220294323  117.143978300    36.0860   2   0   0.0330    0.0286   0.0759  -0.0111  -0.0104  -0.0195   0.00    1.0
2046 357742.000   34.220294322  117.143978279    36.0874   2   0   0.0329    0.0286   0.0758  -0.0111  -0.0103  -0.0195   0.00    1.1
2046 357743.000   34.220294329  117.143978276    36.0899   2   0   0.0329    0.0286   0.0757  -0.0110  -0.0103  -0.0194   0.00    1.1
2046 357744.000   34.220294307  117.143978265    36.0919   2   0   0.0328    0.0285   0.0756  -0.0110  -0.0103  -0.0194   0.00    1.0
2046 357745.000   34.220294323  117.143978257    36.0901   2   0   0.0328    0.0285   0.0755  -0.0110  -0.0102  -0.0194   0.00    1.2
2046 357746.000   34.220294298  117.143978264    36.0937   2   0   0.0327    0.0284   0.0754  -0.0110  -0.0102  -0.0194   0.00    1.1
2046 357747.000   34.220294296  117.143978283    36.0910   2   0   0.0327    0.0284   0.0752  -0.0110  -0.0102  -0.0194   0.00    1.4
2046 357748.000   34.220294306  117.143978264    36.0883   2   0   0.0326    0.0283   0.0751  -0.0110  -0.0101  -0.0193   0.00    1.1
2046 357749.000   34.220294293  117.143978257    36.0863   2   0   0.0326    0.0283   0.0750  -0.0109  -0.0101  -0.0193   0.00    1.0
2046 357750.000   34.220294277  117.143978260    36.0832   2   0   0.0325    0.0283   0.0749  -0.0109  -0.0101  -0.0193   0.00    1.4
2046 357751.000   34.220294259  117.143978236    36.0842   2   0   0.0325    0.0282   0.0748  -0.0109  -0.0100  -0.0193   0.00    1.0
2046 357752.000   34.220294255  117.143978247    36.0874   2   0   0.0325    0.0282   0.0747  -0.0109  -0.0100  -0.0193   0.00    1.0
2046 357753.000   34.220294257  117.143978253    36.0889   2   0   0.0324    0.0281   0.0746  -0.0109  -0.0100  -0.0192   0.00    1.1
2046 357754.000   34.220294265  117.143978225    36.0901   2   0   0.0324    0.0281   0.0744  -0.0109  -0.0099  -0.0192   0.00    1.1
2046 357755.000   34.220294232  117.143978211    36.0869   2   0   0.0323    0.0281   0.0743  -0.0109  -0.0099  -0.0192   0.00    1.1
2046 357756.000   34.220294234  117.143978195    36.0879   2   0   0.0323    0.0280   0.0742  -0.0108  -0.0099  -0.0192   0.00    1.0
2046 357757.000   34.220294231  117.143978224    36.0904   2   0   0.0322    0.0280   0.0741  -0.0108  -0.0099  -0.0192   0.00    1.1
2046 357758.000   34.220294217  117.143978228    36.0917   2   0   0.0322    0.0280   0.0740  -0.0108  -0.0098  -0.0191   0.00    1.1
2046 357759.000   34.220294253  117.143978195    36.0927   2   0   0.0321    0.0279   0.0739  -0.0108  -0.0098  -0.0191   0.00    1.0
2046 357760.000   34.220294268  117.143978175    36.0904   2   0   0.0321    0.0279   0.0738  -0.0108  -0.0098  -0.0191   0.00    1.1
2046 357761.000   34.220294244  117.143978184    36.0867   2   0   0.0320    0.0278   0.0737  -0.0108  -0.0097  -0.0191   0.00    1.1
2046 357762.000   34.220294220  117.143978197    36.0916   2   0   0.0320    0.0278   0.0736  -0.0108  -0.0097  -0.0191   0.00    1.0
2046 357763.000   34.220294245  117.143978187    36.0915   2   0   0.0320    0.0278   0.0735  -0.0107  -0.0097  -0.0191   0.00    1.0
2046 357764.000   34.220294252  117.143978183    36.0918   2   0   0.0319    0.0277   0.0734  -0.0107  -0.0096  -0.0190   0.00    1.1
2046 357765.000   34.220294236  117.143978183    36.0970   2   0   0.0319    0.0277   0.0733  -0.0107  -0.0096  -0.0190   0.00    1.0
2046 357766.000   34.220294214  117.143978182    36.0986   2   0   0.0318    0.0277   0.0732  -0.0107  -0.0096  -0.0190   0.00    1.1
2046 357767.000   34.220294235  117.143978172    36.0950   2   0   0.0318    0.0276   0.0731  -0.0107  -0.0095  -0.0190   0.00    1.0
2046 357768.000   34.220294223  117.143978164    36.0932   2   0   0.0317    0.0276   0.0730  -0.0107  -0.0095  -0.0190   0.00    1.1
2046 357769.000   34.220294238  117.143978132    36.0952   2   0   0.0317    0.0275   0.0729  -0.0107  -0.0095  -0.0189   0.00    1.1
2046 357770.000   34.220294251  117.143978149    36.1000   2   0   0.0317    0.0275   0.0728  -0.0106  -0.0095  -0.0189   0.00    1.3
2046 357771.000   34.220294247  117.143978156    36.0996   2   0   0.0316    0.0275   0.0727  -0.0106  -0.0094  -0.0189   0.00    1.1
2046 357772.000   34.220294244  117.143978110    36.0977   2   0   0.0316    0.0274   0.0726  -0.0106  -0.0094  -0.0189   0.00    1.1
2046 357773.000   34.220294221  117.143978114    36.0953   2   0   0.0315    0.0274   0.0725  -0.0106  -0.0094  -0.0189   0.00    1.3
2046 357774.000   34.220294230  117.143978138    36.0926   2   0   0.0315    0.0274   0.0724  -0.0106  -0.0093  -0.0189   0.00    1.1
2046 357775.000   34.220294224  117.143978140    36.0993   2   0   0.0314    0.0273   0.0723  -0.0106  -0.0093  -0.0188   0.00    1.0
2046 357776.000   34.220294236  117.143978132    36.0983   2   0   0.0314    0.0273   0.0722  -0.0106  -0.0093  -0.0188   0.00    1.1
2046 357777.000   34.220294222  117.143978131    36.1005   2   0   0.0314    0.0273   0.0721  -0.0105  -0.0092  -0.0188   0.00    1.0
2046 357778.000   34.220294223  117.143978121    36.0983   2   0   0.0313    0.0272   0.0720  -0.0105  -0.0092  -0.0188   0.00    1.1
2046 357779.000   34.220294216  117.143978121    36.0960   2   0   0.0313    0.0272   0.0719  -0.0105  -0.0092  -0.0188   0.00    1.0
2046 357780.000   34.220294218  117.143978124    36.0963   2   0   0.0312    0.0272   0.0718  -0.0105  -0.0092  -0.0188   0.00    1.0
2046 357781.000   34.220294184  117.143978117    36.1001   2   0   0.0312    0.0271   0.0717  -0.0105  -0.0091  -0.0187   0.00    1.1
2046 357782.000   34.220294173  117.143978134    36.0905   2   0   0.0312    0.0271   0.0716  -0.0105  -0.0091  -0.0187   0.00    1.0
2046 357783.000   34.220294158  117.143978149    36.0988   2   0   0.0311    0.0271   0.0715  -0.0105  -0.0091  -0.0187   0.00    1.1
2046 357784.000   34.220294147  117.143978145    36.0974   2   0   0.0311    0.0270   0.0714  -0.0105  -0.0090  -0.0187   0.00    1.1
2046 357785.000   34.220294160  117.143978133    36.0908   2   0   0.0311    0.0270   0.0713  -0.0104  -0.0090  -0.0187   0.00    1.0
2046 357786.000   34.220294174  117.143978118    36.0934   2   0   0.0310    0.0270   0.0712  -0.0104  -0.0090  -0.0187   0.00    1.1
2046 357787.000   34.220294163  117.143978115    36.0938   2   0   0.0310    0.0269   0.0711  -0.0104  -0.0090  -0.0186   0.00    1.0
2046 357788.000   34.220294149  117.143978106    36.0960   2   0   0.0309    0.0269   0.0711  -0.0104  -0.0089  -0.0186   0.00    1.1
2046 357789.000   34.220294146  117.143978122    36.0909   2   0   0.0309    0.0269   0.0710  -0.0104  -0.0089  -0.0186   0.00    1.2
2046 357790.000   34.220294116  117.143978083    36.0979   2   0   0.0309    0.0268   0.0709  -0.0104  -0.0089  -0.0186   0.00    1.0
2046 357791.000   34.220294126  117.143978082    36.0946   2   0   0.0308    0.0268   0.0708  -0.0104  -0.0088  -0.0186   0.00    1.0
2046 357792.000   34.220294122  117.143978123    36.0900   2   0   0.0308    0.0268   0.0707  -0.0104  -0.0088  -0.0186   0.00    1.2
2046 357793.000   34.220294122  117.143978122    36.0995   2   0   0.0308    0.0267   0.0706  -0.0104  -0.0088  -0.0185   0.00    1.3
2046 357794.000   34.220294115  117.143978142    36.0952   2   0   0.0307    0.0267   0.0705  -0.0103  -0.0088  -0.0185   0.00    1.0
2046 357795.000   34.220294112  117.143978129    36.0949   2   0   0.0307    0.0267   0.0704  -0.0103  -0.0087  -0.0185   0.00    1.0
2046 357796.000   34.220294103  117.143978132    36.0975   2   0   0.0306    0.0266   0.0703  -0.0103  -0.0087  -0.0185   0.00    1.3
2046 357797.000   34.220294088  117.143978121    36.0953   2   0   0.0306    0.0266   0.0703  -0.0103  -0.0087  -0.0185   0.00    1.1
2046 357798.000   34.220294100  117.143978112    36.0952   2   0   0.0306    0.0266   0.0702  -0.0103  -0.0086  -0.0185   0.00    1.1
2046 357799.000   34.220294088  117.143978104    36.0952   2   0   0.0305    0.0266   0.0701  -0.0103  -0.0086  -0.0185   0.00    1.1
2046 357800.000   34.220294082  117.143978120    36.0959   2   0   0.0305    0.0265   0.0700  -0.0103  -0.0086  -0.0184   0.00    1.0
2046 357801.000   34.220294063  117.143978115    36.0968   2   0   0.0305    0.0265   0.0699  -0.0103  -0.0086  -0.0184   0.00    1.1
2046 357802.000   34.220294062  117.143978114    36.0952   2   0   0.0304    0.0265   0.0698  -0.0102  -0.0085  -0.0184   0.00    1.0
2046 357803.000   34.220294049  117.143978136    36.0921   2   0   0.0304    0.0264   0.0697  -0.0102  -0.0085  -0.0184   0.00    1.0
2046 357804.000   34.220294037  117.143978130    36.0958   2   0   0.0304    0.0264   0.0697  -0.0102  -0.0085  -0.0184   0.00    1.1
2046 357805.000   34.220294036  117.143978120    36.0954   2   0   0.0303    0.0264   0.0696  -0.0102  -0.0085  -0.0184   0.00    1.0
2046 357806.000   34.220294051  117.143978129    36.0943   2   0   0.0303    0.0263   0.0695  -0.0102  -0.0084  -0.0184   0.00    1.0
2046 357807.000   34.220294039  117.143978135    36.0943   2   0   0.0303    0.0263   0.0694  -0.0102  -0.0084  -0.0183   0.00    1.1
2046 357808.000   34.220294031  117.143978145    36.0923   2   0   0.0302    0.0263   0.0693  -0.0102  -0.0084  -0.0183   0.00    1.1
2046 357809.000   34.220294026  117.143978131    36.0951   2   0   0.0302    0.0263   0.0693  -0.0102  -0.0084  -0.0183   0.00    1.0
2046 357810.000   34.220294038  117.143978143    36.0931   2   0   0.0302    0.0262   0.0692  -0.0102  -0.0083  -0.0183   0.00    1.0
2046 357811.000   34.220294027  117.143978130    36.0961   2   0   0.0301    0.0262   0.0691  -0.0102  -0.0083  -0.0183   0.00    1.0
2046 357812.000   34.220294016  117.143978119    36.0968   2   0   0.0301    0.0262   0.0690  -0.0101  -0.0083  -0.0183   0.00    1.1
2046 357813.000   34.220294028  117.143978116    36.0995   2   0   0.0301    0.0261   0.0689  -0.0101  -0.0082  -0.0183   0.00    1.0
2046 357814.000   34.220294001  117.143978134    36.0996   2   0   0.0300    0.0261   0.0689  -0.0101  -0.0082  -0.0182   0.00    1.0
2046 357815.000   34.220294004  117.143978122    36.0980   2   0   0.0300    0.0261   0.0688  -0.0101  -0.0082  -0.0182   0.00    1.1
2046 357816.000   34.220294012  117.143978139    36.0980   2   0   0.0300    0.0261   0.0687  -0.0101  -0.0082  -0.0182   0.00    1.3
2046 357817.000   34.220294017  117.143978124    36.0979   2   0   0.0299    0.0260   0.0686  -0.0101  -0.0081  -0.0182   0.00    1.0
2046 357818.000   34.220294003  117.143978121    36.0981   2   0   0.0299    0.0260   0.0685  -0.0101  -0.0081  -0.0182   0.00    1.0
2046 357819.000   34.220294002  117.143978133    36.0993   2   0   0.0299    0.0260   0.0685  -0.0101  -0.0081  -0.0182   0.00    1.4
2046 357820.000   34.220293988  117.143978132    36.0991   2   0   0.0298    0.0259   0.0684  -0.0101  -0.0081  -0.0182   0.00    1.0
2046 357821.000   34.220293990  117.143978123    36.0996   2   0   0.0298    0.0259   0.0683  -0.0100  -0.0080  -0.0182   0.00    1.1
2046 357822.000   34.220293982  117.143978125    36.1045   2   0   0.0298    0.0259   0.0682  -0.0100  -0.0080  -0.0181   0.00    1.0
2046 357823.000   34.220293962  117.143978114    36.0989   2   0   0.0297    0.0259   0.0682  -0.0100  -0.0080  -0.0181   0.00    1.0
2046 357824.000   34.220293949  117.143978135    36.1040   2   0   0.0297    0.0258   0.0681  -0.0100  -0.0080  -0.0181   0.00    1.0
2046 357825.000   34.220293947  117.143978131    36.1032   2   0   0.0297    0.0258   0.0680  -0.0100  -0.0079  -0.0181   0.00    1.0
2046 357826.000   34.220293955  117.143978149    36.0971   2   0   0.0296    0.0258   0.0679  -0.0100  -0.0079  -0.0181   0.00    1.0
2046 357827.000   34.220293933  117.143978139    36.0984   2   0   0.0296    0.0258   0.0679  -0.0100  -0.0079  -0.0181   0.00    1.1
2046 357828.000   34.220293921  117.143978148    36.0951   2   0   0.0296    0.0257   0.0678  -0.0100  -0.0079  -0.0181   0.00    1.0
2046 357829.000   34.220293933  117.143978136    36.0987   2   0   0.0296    0.0257   0.0677  -0.0100  -0.0078  -0.0181   0.00    1.1
2046 357830.000   34.220293963  117.143978096    36.1055   2   0   0.0295    0.0257   0.0676  -0.0100  -0.0078  -0.0180   0.00    1.1
2046 357831.000   34.220293965  117.143978104    36.1037   2   0   0.0295    0.0257   0.0676  -0.0100  -0.0078  -0.0180   0.00    1.0
2046 357832.000   34.220293965  117.143978105    36.1044   2   0   0.0295    0.0256   0.0675  -0.0099  -0.0078  -0.0180   0.00    1.1
2046 357833.000   34.220293927  117.143978112    36.1060   2   0   0.0294    0.0256   0.0674  -0.0099  -0.0077  -0.0180   0.00    1.0
2046 357834.000   34.220293924  117.143978099    36.1095   2   0   0.0294    0.0256   0.0674  -0.0099  -0.0077  -0.0180   0.00    1.0
2046 357835.000   34.220293911  117.143978133    36.1085   2   0   0.0294    0.0256   0.0673  -0.0099  -0.0077  -0.0180   0.00    1.2
2046 357836.000   34.220293865  117.143978169    36.1082   2   0   0.0293    0.0255   0.0672  -0.0099  -0.0077  -0.0180   0.00    1.0
2046 357837.000   34.220293873  117.143978153    36.1046   2   0   0.0293    0.0255   0.0671  -0.0099  -0.0076  -0.0180   0.00    1.0
2046 357838.000   34.220293871  117.143978151    36.1116   2   0   0.0293    0.0255   0.0671  -0.0099  -0.0076  -0.0179   0.00    1.2
2046 357839.000   34.220293910  117.143978104    36.1084   2   0   0.0293    0.0255   0.0670  -0.0099  -0.0076  -0.0179   0.00    1.3
2046 357840.000   34.220293922  117.143978082    36.1077   2   0   0.0292    0.0254   0.0669  -0.0099  -0.0076  -0.0179   0.00    1.0
2046 357841.000   34.220293918  117.143978121    36.1071   2   0   0.0292    0.0254   0.0669  -0.0099  -0.0075  -0.0179   0.00    1.1
2046 357842.000   34.220293866  117.143978108    36.1073   2   0   0.0292    0.0254   0.0668  -0.0099  -0.0075  -0.0179   0.00    1.3
2046 357843.000   34.220293854  117.143978114    36.1139   2   0   0.0291    0.0254   0.0667  -0.0098  -0.0075  -0.0179   0.00    1.0
2046 357844.000   34.220293857  117.143978132    36.1196   2   0   0.0291    0.0253   0.0667  -0.0098  -0.0075  -0.0179   0.00    1.0
2046 357845.000   34.220293866  117.143978143    36.1178   2   0   0.0291    0.0253   0.0666  -0.0098  -0.0074  -0.0179   0.00    1.0
2046 357846.000   34.220293875  117.143978141    36.1105   2   0   0.0291    0.0253   0.0665  -0.0098  -0.0074  -0.0179   0.00    1.0
2046 357847.000   34.220293871  117.143978118    36.1115   2   0   0.0290    0.0253   0.0665  -0.0098  -0.0074  -0.0178   0.00    1.1
2046 357848.000   34.220293872  117.143978113    36.1109   2   0   0.0290    0.0252   0.0664  -0.0098  -0.0074  -0.0178   0.00    1.1
2046 357849.000   34.220293852  117.143978124    36.1129   2   0   0.0290    0.0252   0.0663  -0.0098  -0.0073  -0.0178   0.00    1.0
2046 357850.000   34.220293872  117.143978108    36.1207   2   0   0.0290    0.0252   0.0663  -0.0098  -0.0073  -0.0178   0.00    1.0
2046 357851.000   34.220293841  117.143978111    36.1154   2   0   0.0289    0.0252   0.0662  -0.0098  -0.0073  -0.0178   0.00    1.1
2046 357852.000   34.220293854  117.143978107    36.1157   2   0   0.0289    0.0252   0.0661  -0.0098  -0.0073  -0.0178   0.00    1.0
2046 357853.000   34.220293848  117.143978111    36.1141   2   0   0.0289    0.0251   0.0661  -0.0098  -0.0072  -0.0178   0.00    1.0
2046 357854.000   34.220293834  117.143978109    36.1150   2   0   0.0288    0.0251   0.0660  -0.0097  -0.0072  -0.0178   0.00    1.1
2046 357855.000   34.220293833  117.143978123    36.1177   2   0   0.0288    0.0251   0.0659  -0.0097  -0.0072  -0.0178   0.00    1.0
2046 357856.000   34.220293870  117.143978113    36.1196   2   0   0.0288    0.0251   0.0659  -0.0097  -0.0072  -0.0178   0.00    1.0
2046 357857.000   34.220293841  117.143978116    36.1230   2   0   0.0288    0.0250   0.0658  -0.0097  -0.0071  -0.0177   0.00    1.1
2046 357858.000   34.220293815  117.143978127    36.1260   2   0   0.0287    0.0250   0.0657  -0.0097  -0.0071  -0.0177   0.00    1.2
2046 357859.000   34.220293823  117.143978093    36.1272   2   0   0.0287    0.0250   0.0657  -0.0097  -0.0071  -0.0177   0.00    1.0
2046 357860.000   34.220293817  117.143978089    36.1282   2   0   0.0287    0.0250   0.0656  -0.0097  -0.0071  -0.0177   0.00    1.0
2046 357861.000   34.220293828  117.143978081    36.1255   2   0   0.0287    0.0249   0.0656  -0.0097  -0.0071  -0.0177   0.00    1.2
2046 357862.000   34.220293839  117.143978071    36.1275   2   0   0.0286    0.0249   0.0655  -0.0097  -0.0070  -0.0177   0.00    1.3
2046 357863.000   34.220293829  117.143978095    36.1279   2   0   0.0286    0.0249   0.0654  -0.0097  -0.0070  -0.0177   0.00    1.0
2046 357864.000   34.220293823  117.143978095    36.1277   2   0   0.0286    0.0249   0.0654  -0.0097  -0.0070  -0.0177   0.00    1.1
2046 357865.000   34.220293808  117.143978122    36.1185   2   0   0.0286    0.0249   0.0653  -0.0097  -0.0070  -0.0177   0.00    1.3
2046 357866.000   34.220293808  117.143978090    36.1260   2   0   0.0285    0.0248   0.0652  -0.0097  -0.0069  -0.0176   0.00    1.0
2046 357867.000   34.220293826  117.143978074    36.1245   2   0   0.0285    0.0248   0.0652  -0.0096  -0.0069  -0.0176   0.00    1.1
2046 357868.000   34.220293816  117.143978056    36.1226   2   0   0.0285    0.0248   0.0651  -0.0096  -0.0069  -0.0176   0.00    1.0
2046 357869.000   34.220293798  117.143978059    36.1269   2   0   0.0285    0.0248   0.0651  -0.0096  -0.0069  -0.0176   0.00    1.0
2046 357870.000   34.220293786  117.143978074    36.1246   2   0   0.0284    0.0248   0.0650  -0.0096  -0.0068  -0.0176   0.00    1.1
2046 357871.000   34.220293807  117.143978074    36.1210   2   0   0.0284    0.0247   0.0649  -0.0096  -0.0068  -0.0176   0.00    1.1
2046 357872.000   34.220293792  117.143978068    36.1228   2   0   0.0284    0.0247   0.0649  -0.0096  -0.0068  -0.0176   0.00    1.0
2046 357873.000   34.220293789  117.143978094    36.1311   2   0   0.0284    0.0247   0.0648  -0.0096  -0.0068  -0.0176   0.00    1.0
2046 357874.000   34.220293773  117.143978086    36.1302   2   0   0.0283    0.0247   0.0648  -0.0096  -0.0067  -0.0176   0.00    1.1
2046 357875.000   34.220293791  117.143978066    36.1278   2   0   0.0283    0.0247   0.0647  -0.0096  -0.0067  -0.0176   0.00    1.0
2046 357876.000   34.220293805  117.143978039    36.1295   2   0   0.0283    0.0246   0.0647  -0.0096  -0.0067  -0.0176   0.00    1.0
2046 357877.000   34.220293785  117.143978045    36.1323   2   0   0.0283    0.0246   0.0646  -0.0096  -0.0067  -0.0175   0.00    1.1
2046 357878.000   34.220293818  117.143978036    36.1305   2   0   0.0282    0.0246   0.0645  -0.0096  -0.0067  -0.0175   0.00    1.1
2046 357879.000   34.220293787  117.143978049    36.1310   2   0   0.0282    0.0246   0.0645  -0.0096  -0.0066  -0.0175   0.00    1.0
2046 357880.000   34.220293773  117.143978041    36.1303   2   0   0.0282    0.0246   0.0644  -0.0095  -0.0066  -0.0175   0.00    1.0
2046 357881.000   34.220293760  117.143978059    36.1352   2   0   0.0282    0.0245   0.0644  -0.0095  -0.0066  -0.0175   0.00    1.2
2046 357882.000   34.220293776  117.143978040    36.1346   2   0   0.0282    0.0245   0.0643  -0.0095  -0.0066  -0.0175   0.00    1.0
2046 357883.000   34.220293775  117.143978039    36.1344   2   0   0.0281    0.0245   0.0643  -0.0095  -0.0065  -0.0175   0.00    1.0
2046 357884.000   34.220293787  117.143978027    36.1374   2   0   0.0281    0.0245   0.0642  -0.0095  -0.0065  -0.0175   0.00    1.2
2046 357885.000   34.220293774  117.143978007    36.1380   2   0   0.0281    0.0245   0.0641  -0.0095  -0.0065  -0.0175   0.00    1.3
2046 357886.000   34.220293776  117.143978013    36.1366   2   0   0.0281    0.0244   0.0641  -0.0095  -0.0065  -0.0175   0.00    1.0
2046 357887.000   34.220293746  117.143978023    36.1369   2   0   0.0280    0.0244   0.0640  -0.0095  -0.0064  -0.0175   0.00    1.0
2046 357888.000   34.220293755  117.143978038    36.1397   2   0   0.0280    0.0244   0.0640  -0.0095  -0.0064  -0.0174   0.00    1.3
2046 357889.000   34.220293745  117.143978010    36.1420   2   0   0.0280    0.0244   0.0639  -0.0095  -0.0064  -0.0174   0.00    1.0
2046 357890.000   34.220293747  117.143978001    36.1425   2   0   0.0280    0.0244   0.0639  -0.0095  -0.0064  -0.0174   0.00    1.0
2046 357891.000   34.220293733  117.143977998    36.1412   2   0   0.0279    0.0243   0.0638  -0.0095  -0.0063  -0.0174   0.00    1.0
2046 357892.000   34.220293751  117.143977995    36.1395   2   0   0.0279    0.0243   0.0638  -0.0095  -0.0063  -0.0174   0.00    1.0
2046 357893.000   34.220293744  117.143978003    36.1403   2   0   0.0279    0.0243   0.0637  -0.0095  -0.0063  -0.0174   0.00    1.0
2046 357894.000   34.220293767  117.143978007    36.1397   2   0   0.0279    0.0243   0.0637  -0.0095  -0.0063  -0.0174   0.00    1.1
2046 357895.000   34.220293763  117.143977994    36.1395   2   0   0.0279    0.0243   0.0636  -0.0094  -0.0063  -0.0174   0.00    1.0
2046 357896.000   34.220293748  117.143978009    36.1389   2   0   0.0278    0.0242   0.0635  -0.0094  -0.0062  -0.0174   0.00    1.0
2046 357897.000   34.220293751  117.143977997    36.1372   2   0   0.0278    0.0242   0.0635  -0.0094  -0.0062  -0.0174   0.00    1.1
2046 357898.000   34.220293731  117.143977987    36.1389   2   0   0.0278    0.0242   0.0634  -0.0094  -0.0062  -0.0174   0.00    1.1
2046 357899.000   34.220293742  117.143977975    36.1444   2   0   0.0278    0.0242   0.0634  -0.0094  -0.0062  -0.0174   0.00    1.0
2046 357900.000   34.220293749  117.143977968    36.1447   2   0   0.0278    0.0242   0.0633  -0.0094  -0.0061  -0.0173   0.00    1.2
2046 357901.000   34.220293741  117.143977953    36.1437   2   0   0.0277    0.0242   0.0633  -0.0094  -0.0061  -0.0173   0.00    1.0
2046 357902.000   34.220293759  117.143977938    36.1440   2   0   0.0277    0.0241   0.0632  -0.0094  -0.0061  -0.0173   0.00    1.0
2046 357903.000   34.220293738  117.143977960    36.1428   2   0   0.0277    0.0241   0.0632  -0.0094  -0.0061  -0.0173   0.00    1.2
2046 357904.000   34.220293719  117.143977989    36.1448   2   0   0.0277    0.0241   0.0631  -0.0094  -0.0061  -0.0173   0.00    1.2
2046 357905.000   34.220293728  117.143977974    36.1463   2   0   0.0276    0.0241   0.0631  -0.0094  -0.0060  -0.0173   0.00    1.0
2046 357906.000   34.220293726  117.143977957    36.1497   2   0   0.0276    0.0241   0.0630  -0.0094  -0.0060  -0.0173   0.00    1.0
2046 357907.000   34.220293725  117.143977936    36.1502   2   0   0.0276    0.0240   0.0630  -0.0094  -0.0060  -0.0173   0.00    1.2
2046 357908.000   34.220293736  117.143977928    36.1509   2   0   0.0276    0.0240   0.0629  -0.0094  -0.0060  -0.0173   0.00    1.2
2046 357909.000   34.220293719  117.143977928    36.1552   2   0   0.0276    0.0240   0.0629  -0.0094  -0.0059  -0.0173   0.00    1.0
2046 357910.000   34.220293722  117.143977937    36.1463   2   0   0.0275    0.0240   0.0628  -0.0093  -0.0059  -0.0173   0.00    1.0
2046 357911.000   34.220293708  117.143977947    36.1471   2   0   0.0275    0.0240   0.0628  -0.0093  -0.0059  -0.0173   0.00    1.3
2046 357912.000   34.220293704  117.143977961    36.1471   2   0   0.0275    0.0240   0.0627  -0.0093  -0.0059  -0.0173   0.00    1.0
2046 357913.000   34.220293731  117.143977932    36.1447   2   0   0.0275    0.0239   0.0627  -0.0093  -0.0058  -0.0172   0.00    1.1
2046 357914.000   34.220293745  117.143977913    36.1484   2   0   0.0275    0.0239   0.0626  -0.0093  -0.0058  -0.0172   0.00    1.0
2046 357915.000   34.220293735  117.143977927    36.1519   2   0   0.0274    0.0239   0.0626  -0.0093  -0.0058  -0.0172   0.00    1.0
2046 357916.000   34.220293720  117.143977901    36.1557   2   0   0.0274    0.0239   0.0625  -0.0093  -0.0058  -0.0172   0.00    1.1
2046 357917.000   34.220293716  117.143977899    36.1606   2   0   0.0274    0.0239   0.0625  -0.0093  -0.0058  -0.0172   0.00    1.1
2046 357918.000   34.220293711  117.143977893    36.1569   2   0   0.0274    0.0239   0.0624  -0.0093  -0.0057  -0.0172   0.00    1.0
2046 357919.000   34.220293717  117.143977890    36.1568   2   0   0.0274    0.0238   0.0624  -0.0093  -0.0057  -0.0172   0.00    1.0
2046 357920.000   34.220293729  117.143977871    36.1599   2   0   0.0274    0.0238   0.0623  -0.0093  -0.0057  -0.0172   0.00    1.1
2046 357921.000   34.220293723  117.143977875    36.1602   2   0   0.0273    0.0238   0.0623  -0.0093  -0.0057  -0.0172   0.00    1.1
2046 357922.000   34.220293695  117.143977891    36.1546   2   0   0.0273    0.0238   0.0623  -0.0093  -0.0056  -0.0172   0.00    1.0
2046 357923.000   34.220293702  117.143977879    36.1570   2   0   0.0273    0.0238   0.0622  -0.0093  -0.0056  -0.0172   0.00    1.1
2046 357924.000   34.220293695  117.143977871    36.1535   2   0   0.0273    0.0238   0.0622  -0.0093  -0.0056  -0.0172   0.00    1.1
2046 357925.000   34.220293713  117.143977843    36.1532   2   0   0.0273    0.0237   0.0621  -0.0093  -0.0056  -0.0172   0.00    1.0
2046 357926.000   34.220293708  117.143977850    36.1559   2   0   0.0272    0.0237   0.0621  -0.0093  -0.0055  -0.0172   0.00    1.1
2046 357927.000   34.220293718  117.143977852    36.1515   2   0   0.0272    0.0237   0.0620  -0.0093  -0.0055  -0.0171   0.00    1.2
2046 357928.000   34.220293692  117.143977856    36.1535   2   0   0.0272    0.0237   0.0620  -0.0092  -0.0055  -0.0171   0.00    1.0
2046 357929.000   34.220293683  117.143977852    36.1530   2   0   0.0272    0.0237   0.0619  -0.0092  -0.0055  -0.0171   0.00    1.0
2046 357930.000   34.220293668  117.143977846    36.1536   2   0   0.0272    0.0237   0.0619  -0.0092  -0.0055  -0.0171   0.00    1.2
2046 357931.000   34.220293678  117.143977826    36.1573   2   0   0.0271    0.0237   0.0618  -0.0092  -0.0054  -0.0171   0.00    1.2
2046 357932.000   34.220293668  117.143977841    36.1552   2   0   0.0271    0.0236   0.0618  -0.0092  -0.0054  -0.0171   0.00    1.0
2046 357933.000   34.220293691  117.143977840    36.1578   2   0   0.0271    0.0236   0.0617  -0.0092  -0.0054  -0.0171   0.00    1.1
2046 357934.000   34.220293665  117.143977847    36.1592   2   0   0.0271    0.0236   0.0617  -0.0092  -0.0054  -0.0171   0.00    1.2
2046 357935.000   34.220293691  117.143977841    36.1561   2   0   0.0271    0.0236   0.0617  -0.0092  -0.0053  -0.0171   0.00    1.0
2046 357936.000   34.220293686  117.143977816    36.1601   2   0   0.0271    0.0236   0.0616  -0.0092  -0.0053  -0.0171   0.00    1.0
2046 357937.000   34.220293665  117.143977821    36.1605   2   0   0.0270    0.0236   0.0616  -0.0092  -0.0053  -0.0171   0.00    1.1
2046 357938.000   34.220293667  117.143977817    36.1594   2   0   0.0270    0.0235   0.0615  -0.0092  -0.0053  -0.0171   0.00    1.0
2046 357939.000   34.220293659  117.143977818    36.1588   2   0   0.0270    0.0235   0.0615  -0.0092  -0.0053  -0.0171   0.00    1.0
2046 357940.000   34.220293653  117.143977802    36.1642   2   0   0.0270    0.0235   0.0614  -0.0092  -0.0052  -0.0171   0.00    1.1
2046 357941.000   34.220293650  117.143977816    36.1627   2   0   0.0270    0.0235   0.0614  -0.0092  -0.0052  -0.0171   0.00    1.0
2046 357942.000   34.220293640  117.143977791    36.1648   2   0   0.0269    0.0235   0.0613  -0.0092  -0.0052  -0.0171   0.00    1.0
2046 357943.000   34.220293650  117.143977786    36.1647   2   0   0.0269    0.0235   0.0613  -0.0092  -0.0052  -0.0170   0.00    1.1
2046 357944.000   34.220293665  117.143977762    36.1658   2   0   0.0269    0.0235   0.0613  -0.0092  -0.0051  -0.0170   0.00    1.1
2046 357945.000   34.220293653  117.143977774    36.1648   2   0   0.0269    0.0234   0.0612  -0.0092  -0.0051  -0.0170   0.00    1.0
2046 357946.000   34.220293628  117.143977755    36.1672   2   0   0.0269    0.0234   0.0612  -0.0091  -0.0051  -0.0170   0.00    1.2
2046 357947.000   34.220293629  117.143977769    36.1612   2   0   0.0269    0.0234   0.0611  -0.0091  -0.0051  -0.0170   0.00    1.1
2046 357948.000   34.220293636  117.143977779    36.1629   2   0   0.0268    0.0234   0.0611  -0.0091  -0.0050  -0.0170   0.00    1.1
2046 357949.000   34.220293632  117.143977768    36.1616   2   0   0.0268    0.0234   0.0611  -0.0091  -0.0050  -0.0170   0.00    1.2
2046 357950.000   34.220293639  117.143977763    36.1614   2   0   0.0268    0.0234   0.0610  -0.0091  -0.0050  -0.0170   0.00    1.2
2046 357951.000   34.220293626  117.143977753    36.1651   2   0   0.0268    0.0234   0.0610  -0.0091  -0.0050  -0.0170   0.00    1.0
2046 357952.000   34.220293585  117.143977738    36.1630   2   0   0.0268    0.0233   0.0609  -0.0091  -0.0050  -0.0170   0.00    1.0
2046 357953.000   34.220293586  117.143977725    36.1589   2   0   0.0268    0.0233   0.0609  -0.0091  -0.0049  -0.0170   0.00    1.2
2046 357954.000   34.220293587  117.143977725    36.1606   2   0   0.0267    0.0233   0.0608  -0.0091  -0.0049  -0.0170   0.00    1.2
2046 357955.000   34.220293572  117.143977752    36.1617   2   0   0.0267    0.0233   0.0608  -0.0091  -0.0049  -0.0170   0.00    1.0
2046 357956.000   34.220293570  117.143977729    36.1630   2   0   0.0267    0.0233   0.0608  -0.0091  -0.0049  -0.0170   0.00    1.1
2046 357957.000   34.220293595  117.143977723    36.1692   2   0   0.0267    0.0233   0.0607  -0.0091  -0.0048  -0.0170   0.00    1.2
2046 357958.000   34.220293585  117.143977733    36.1600   2   0   0.0267    0.0233   0.0607  -0.0091  -0.0048  -0.0170   0.00    1.0
2046 357959.000   34.220293581  117.143977707    36.1652   2   0   0.0267    0.0232   0.0606  -0.0091  -0.0048  -0.0170   0.00    1.0
2046 357960.000   34.220293574  117.143977700    36.1612   2   0   0.0266    0.0232   0.0606  -0.0091  -0.0048  -0.0169   0.00    1.1
2046 357961.000   34.220293558  117.143977713    36.1596   2   0   0.0266    0.0232   0.0606  -0.0091  -0.0047  -0.0169   0.00    1.0
2046 357962.000   34.220293536  117.143977709    36.1626   2   0   0.0266    0.0232   0.0605  -0.0091  -0.0047  -0.0169   0.00    1.1
2046 357963.000   34.220293540  117.143977672    36.1634   2   0   0.0266    0.0232   0.0605  -0.0091  -0.0047  -0.0169   0.00    1.0
2046 357964.000   34.220293523  117.143977677    36.1648   2   0   0.0266    0.0232   0.0604  -0.0091  -0.0047  -0.0169   0.00    1.0
2046 357965.000   34.220293524  117.143977661    36.1657   2   0   0.0266    0.0232   0.0604  -0.0091  -0.0046  -0.0169   0.00    1.0
2046 357966.000   34.220293542  117.143977667    36.1638   2   0   0.0266    0.0231   0.0604  -0.0091  -0.0046  -0.0169   0.00    1.1
2046 357967.000   34.220293536  117.143977651    36.1678   2   0   0.0265    0.0231   0.0603  -0.0090  -0.0046  -0.0169   0.00    1.1
2046 357968.000   34.220293527  117.143977654    36.1687   2   0   0.0265    0.0231   0.0603  -0.0090  -0.0046  -0.0169   0.00    1.0
2046 357969.000   34.220293529  117.143977660    36.1667   2   0   0.0265    0.0231   0.0602  -0.0090  -0.0046  -0.0169   0.00    1.2
2046 357970.000   34.220293521  117.143977647    36.1651   2   0   0.0265    0.0231   0.0602  -0.0090  -0.0045  -0.0169   0.00    1.2
2046 357971.000   34.220293525  117.143977644    36.1677   2   0   0.0265    0.0231   0.0602  -0.0090  -0.0045  -0.0169   0.00    1.1
2046 357972.000   34.220293511  117.143977641    36.1663   2   0   0.0265    0.0231   0.0601  -0.0090  -0.0045  -0.0169   0.00    1.0
2046 357973.000   34.220293497  117.143977637    36.1642   2   0   0.0264    0.0231   0.0601  -0.0090  -0.0045  -0.0169   0.00    1.2
2046 357974.000   34.220293513  117.143977630    36.1651   2   0   0.0264    0.0230   0.0601  -0.0090  -0.0044  -0.0169   0.00    1.1
2046 357975.000   34.220293489  117.143977612    36.1717   2   0   0.0264    0.0230   0.0600  -0.0090  -0.0044  -0.0169   0.00    1.0
2046 357976.000   34.220293493  117.143977610    36.1700   2   0   0.0264    0.0230   0.0600  -0.0090  -0.0044  -0.0169   0.00    1.2
2046 357977.000   34.220293489  117.143977611    36.1711   2   0   0.0264    0.0230   0.0599  -0.0090  -0.0044  -0.0169   0.00    1.2
2046 357978.000   34.220293497  117.143977596    36.1650   2   0   0.0264    0.0230   0.0599  -0.0090  -0.0043  -0.0169   0.00    1.1
2046 357979.000   34.220293474  117.143977589    36.1660   2   0   0.0264    0.0230   0.0599  -0.0090  -0.0043  -0.0169   0.00    1.0
2046 357980.000   34.220293475  117.143977578    36.1656   2   0   0.0263    0.0230   0.0598  -0.0090  -0.0043  -0.0168   0.00    1.2
2046 357981.000   34.220293447  117.143977597    36.1677   2   0   0.0263    0.0230   0.0598  -0.0090  -0.0043  -0.0168   0.00    1.0
2046 357982.000   34.220293478  117.143977567    36.1666   2   0   0.0263    0.0229   0.0598  -0.0090  -0.0043  -0.0168   0.00    1.1
2046 357983.000   34.220293454  117.143977547    36.1718   2   0   0.0263    0.0229   0.0597  -0.0090  -0.0042  -0.0168   0.00    1.1
2046 357984.000   34.220293444  117.143977556    36.1705   2   0   0.0263    0.0229   0.0597  -0.0090  -0.0042  -0.0168   0.00    1.0
2046 357985.000   34.220293443  117.143977563    36.1688   2   0   0.0263    0.0229   0.0596  -0.0090  -0.0042  -0.0168   0.00    1.1
2046 357986.000   34.220293413  117.143977580    36.1730   2   0   0.0262    0.0229   0.0596  -0.0090  -0.0042  -0.0168   0.00    1.1
2046 357987.000   34.220293419  117.143977560    36.1697   2   0   0.0262    0.0229   0.0596  -0.0090  -0.0042  -0.0168   0.00    1.0
2046 357988.000   34.220293437  117.143977544    36.1763   2   0   0.0262    0.0229   0.0595  -0.0089  -0.0042  -0.0168   0.00    1.1
2046 357989.000   34.220293421  117.143977525    36.1722   2   0   0.0262    0.0229   0.0595  -0.0089  -0.0041  -0.0168   0.00    1.1
2046 357990.000   34.220293406  117.143977513    36.1740   2   0   0.0262    0.0228   0.0595  -0.0089  -0.0041  -0.0168   0.00    1.1
2046 357991.000   34.220293411  117.143977507    36.1760   2   0   0.0262    0.0228   0.0594  -0.0089  -0.0041  -0.0168   0.00    1.0
2046 357992.000   34.220293417  117.143977476    36.1716   2   0   0.0262    0.0228   0.0594  -0.0089  -0.0041  -0.0168   0.00    1.1
2046 357993.000   34.220293389  117.143977485    36.1733   2   0   0.0261    0.0228   0.0593  -0.0089  -0.0040  -0.0168   0.00    1.1
2046 357994.000   34.220293383  117.143977496    36.1688   2   0   0.0261    0.0228   0.0593  -0.0089  -0.0040  -0.0167   0.00    1.1
2046 357995.000   34.220293380  117.143977513    36.1720   2   0   0.0261    0.0228   0.0593  -0.0089  -0.0040  -0.0167   0.00    1.1
2046 357996.000   34.220293384  117.143977498    36.1721   2   0   0.0261    0.0228   0.0592  -0.0089  -0.0040  -0.0167   0.00    1.1
2046 357997.000   34.220293383  117.143977465    36.1687   2   0   0.0261    0.0228   0.0592  -0.0089  -0.0040  -0.0167   0.00    1.2
2046 357998.000   34.220293373  117.143977473    36.1726   2   0   0.0261    0.0227   0.0592  -0.0089  -0.0040  -0.0167   0.00    1.0
2046 357999.000   34.220293336  117.143977447    36.1753   2   0   0.0261    0.0227   0.0591  -0.0089  -0.0040  -0.0167   0.00    1.2
2046 358000.000   34.220293365  117.143977440    36.1748   2   0   0.0260    0.0227   0.0591  -0.0089  -0.0039  -0.0167   0.00    1.2
2046 358001.000   34.220293346  117.143977416    36.1778   2   0   0.0260    0.0227   0.0590  -0.0089  -0.0039  -0.0167   0.00    1.2
2046 358002.000   34.220293350  117.143977443    36.1794   2   0   0.0260    0.0227   0.0590  -0.0089  -0.0039  -0.0167   0.00    1.2
2046 358003.000   34.220293335  117.143977436    36.1788   2   0   0.0260    0.0227   0.0590  -0.0089  -0.0039  -0.0167   0.00    1.1
2046 358004.000   34.220293338  117.143977432    36.1807   2   0   0.0260    0.0227   0.0589  -0.0089  -0.0039  -0.0166   0.00    1.3
2046 358005.000   34.220293331  117.143977416    36.1821   2   0   0.0260    0.0227   0.0589  -0.0088  -0.0039  -0.0166   0.00    1.2
2046 358006.000   34.220293333  117.143977418    36.1770   2   0   0.0259    0.0227   0.0589  -0.0088  -0.0039  -0.0166   0.00    1.1
2046 358007.000   34.220293306  117.143977411    36.1828   2   0   0.0259    0.0226   0.0588  -0.0088  -0.0039  -0.0166   0.00    1.0
2046 358008.000   34.220293293  117.143977427    36.1785   2   0   0.0259    0.0226   0.0588  -0.0088  -0.0039  -0.0166   0.00    1.0
2046 358009.000   34.220293304  117.143977398    36.1792   2   0   0.0259    0.0226   0.0587  -0.0088  -0.0039  -0.0166   0.00    1.0
2046 358010.000   34.220293300  117.143977400    36.1812   2   0   0.0259    0.0226   0.0587  -0.0088  -0.0038  -0.0166   0.00    1.0
2046 358011.000   34.220293309  117.143977397    36.1831   2   0   0.0259    0.0226   0.0587  -0.0088  -0.0038  -0.0166   0.00    1.0
2046 358012.000   34.220293300  117.143977399    36.1841   2   0   0.0258    0.0226   0.0586  -0.0088  -0.0038  -0.0165   0.00    1.1
2046 358013.000   34.220293292  117.143977382    36.1850   2   0   0.0258    0.0226   0.0586  -0.0088  -0.0038  -0.0165   0.00    1.0
2046 358014.000   34.220293291  117.143977372    36.1894   2   0   0.0258    0.0226   0.0586  -0.0088  -0.0038  -0.0165   0.00    1.1
2046 358015.000   34.220293300  117.143977359    36.1871   2   0   0.0258    0.0225   0.0585  -0.0088  -0.0038  -0.0165   0.00    1.2
2046 358016.000   34.220293291  117.143977342    36.1879   2   0   0.0258    0.0225   0.0585  -0.0088  -0.0038  -0.0165   0.00    1.0
2046 358017.000   34.220293299  117.143977351    36.1835   2   0   0.0258    0.0225   0.0584  -0.0088  -0.0038  -0.0165   0.00    1.1
2046 358018.000   34.220293266  117.143977339    36.1854   2   0   0.0258    0.0225   0.0584  -0.0088  -0.0038  -0.0165   0.00    1.2
2046 358019.000   34.220293248  117.143977318    36.1880   2   0   0.0257    0.0225   0.0584  -0.0087  -0.0038  -0.0165   0.00    1.0
2046 358020.000   34.220293252  117.143977314    36.1931   2   0   0.0257    0.0225   0.0583  -0.0087  -0.0038  -0.0164   0.00    1.1
2046 358021.000   34.220293217  117.143977300    36.1949   2   0   0.0257    0.0225   0.0583  -0.0087  -0.0038  -0.0164   0.00    1.2
2046 358022.000   34.220293218  117.143977321    36.1925   2   0   0.0257    0.0225   0.0583  -0.0087  -0.0038  -0.0164   0.00    1.0
2046 358023.000   34.220293217  117.143977323    36.1892   2   0   0.0257    0.0225   0.0582  -0.0087  -0.0038  -0.0164   0.00    1.2
2046 358024.000   34.220293215  117.143977319    36.1881   2   0   0.0257    0.0224   0.0582  -0.0087  -0.0038  -0.0164   0.00    1.2
2046 358025.000   34.220293235  117.143977290    36.1944   2   0   0.0256    0.0224   0.0582  -0.0087  -0.0038  -0.0164   0.00    1.2
2046 358026.000   34.220293205  117.143977305    36.1914   2   0   0.0256    0.0224   0.0581  -0.0087  -0.0037  -0.0164   0.00    1.2
2046 358027.000   34.220293208  117.143977304    36.1927   2   0   0.0256    0.0224   0.0581  -0.0087  -0.0037  -0.0164   0.00    1.0
2046 358028.000   34.220293194  117.143977305    36.1922   2   0   0.0256    0.0224   0.0581  -0.0087  -0.0037  -0.0163   0.00    1.2
2046 358029.000   34.220293204  117.143977269    36.1933   2   0   0.0256    0.0224   0.0580  -0.0087  -0.0037  -0.0163   0.00    1.2
2046 358030.000   34.220293207  117.143977280    36.1943   2   0   0.0256    0.0224   0.0580  -0.0087  -0.0037  -0.0163   0.00    1.2
2046 358031.000   34.220293182  117.143977272    36.1948   2   0   0.0256    0.0224   0.0579  -0.0087  -0.0037  -0.0163   0.00    1.1
2046 358032.000   34.220293183  117.143977274    36.1934   2   0   0.0255    0.0224   0.0579  -0.0086  -0.0037  -0.0163   0.00    1.0
2046 358033.000   34.220293160  117.143977278    36.1928   2   0   0.0255    0.0223   0.0579  -0.0086  -0.0037  -0.0163   0.00    1.1
2046 358034.000   34.220293166  117.143977260    36.1947   2   0   0.0255    0.0223   0.0578  -0.0086  -0.0037  -0.0163   0.00    1.1
2046 358035.000   34.220293165  117.143977231    36.1969   2   0   0.0255    0.0223   0.0578  -0.0086  -0.0037  -0.0163   0.00    1.0
2046 358036.000   34.220293172  117.143977245    36.1965   2   0   0.0255    0.0223   0.0578  -0.0086  -0.0037  -0.0163   0.00    1.1
2046 358037.000   34.220293153  117.143977238    36.1953   2   0   0.0255    0.0223   0.0577  -0.0086  -0.0037  -0.0162   0.00    1.0
2046 358038.000   34.220293115  117.143977226    36.1915   2   0   0.0255    0.0223   0.0577  -0.0086  -0.0037  -0.0162   0.00    1.0
2046 358039.000   34.220293090  117.143977223    36.1954   2   0   0.0254    0.0223   0.0577  -0.0086  -0.0037  -0.0162   0.00    1.2
2046 358040.000   34.220293091  117.143977233    36.1956   2   0   0.0254    0.0223   0.0576  -0.0086  -0.0037  -0.0162   0.00    1.0
2046 358041.000   34.220293103  117.143977204    36.1959   2   0   0.0254    0.0223   0.0576  -0.0086  -0.0037  -0.0162   0.00    1.2
2046 358042.000   34.220293126  117.143977195    36.1971   2   0   0.0254    0.0223   0.0576  -0.0086  -0.0037  -0.0162   0.00    1.2
2046 358043.000   34.220293122  117.143977213    36.1944   2   0   0.0254    0.0222   0.0575  -0.0086  -0.0036  -0.0162   0.00    1.1
2046 358044.000   34.220293136  117.143977199    36.2025   2   0   0.0254    0.0222   0.0575  -0.0086  -0.0036  -0.0162   0.00    1.2
2046 358045.000   34.220293107  117.143977189    36.2007   2   0   0.0254    0.0222   0.0575  -0.0085  -0.0036  -0.0161   0.00    1.2
2046 358046.000   34.220293093  117.143977202    36.1943   2   0   0.0253    0.0222   0.0574  -0.0085  -0.0036  -0.0161   0.00    1.0
2046 358047.000   34.220293076  117.143977193    36.1999   2   0   0.0253    0.0222   0.0574  -0.0085  -0.0036  -0.0161   0.00    1.2
2046 358048.000   34.220293070  117.143977167    36.2066   2   0   0.0253    0.0222   0.0574  -0.0085  -0.0036  -0.0161   0.00    1.2
2046 358049.000   34.220293084  117.143977170    36.2066   2   0   0.0253    0.0222   0.0573  -0.0085  -0.0036  -0.0161   0.00    1.1
2046 358050.000   34.220293092  117.143977152    36.2022   2   0   0.0253    0.0222   0.0573  -0.0085  -0.0036  -0.0161   0.00    1.2
2046 358051.000   34.220293083  117.143977133    36.2031   2   0   0.0253    0.0222   0.0573  -0.0085  -0.0036  -0.0161   0.00    1.1
2046 358052.000   34.220293080  117.143977166    36.2019   2   0   0.0253    0.0222   0.0572  -0.0085  -0.0036  -0.0161   0.00    1.2
2046 358053.000   34.220293071  117.143977158    36.1993   2   0   0.0252    0.0221   0.0572  -0.0085  -0.0036  -0.0161   0.00    1.2
2046 358054.000   34.220293073  117.143977150    36.1996   2   0   0.0252    0.0221   0.0572  -0.0085  -0.0036  -0.0161   0.00    1.2
2046 358055.000   34.220293067  117.143977138    36.1992   2   0   0.0252    0.0221   0.0571  -0.0085  -0.0036  -0.0160   0.00    1.0
2046 358056.000   34.220293051  117.143977125    36.2006   2   0   0.0252    0.0221   0.0571  -0.0085  -0.0036  -0.0160   0.00    1.0
2046 358057.000   34.220293047  117.143977129    36.2103   2   0   0.0252    0.0221   0.0571  -0.0085  -0.0036  -0.0160   0.00    1.0
2046 358058.000   34.220293039  117.143977125    36.2063   2   0   0.0252    0.0221   0.0571  -0.0085  -0.0036  -0.0160   0.00    1.1
2046 358059.000   34.220293076  117.143977129    36.2084   2   0   0.0252    0.0221   0.0570  -0.0085  -0.0036  -0.0160   0.00    1.0
2046 358060.000   34.220293046  117.143977103    36.2105   2   0   0.0252    0.0221   0.0570  -0.0084  -0.0035  -0.0160   0.00    1.2
2046 358061.000   34.220293015  117.143977101    36.2097   2   0   0.0251    0.0221   0.0570  -0.0084  -0.0035  -0.0160   0.00    1.1
2046 358062.000   34.220293013  117.143977099    36.2069   2   0   0.0251    0.0221   0.0569  -0.0084  -0.0035  -0.0160   0.00    1.0
2046 358063.000   34.220293011  117.143977091    36.2076   2   0   0.0251    0.0220   0.0569  -0.0084  -0.0035  -0.0160   0.00    1.2
2046 358064.000   34.220293019  117.143977092    36.2072   2   0   0.0251    0.0220   0.0569  -0.0084  -0.0035  -0.0159   0.00    1.1
2046 358065.000   34.220293020  117.143977101    36.2086   2   0   0.0251    0.0220   0.0568  -0.0084  -0.0035  -0.0159   0.00    1.0
2046 358066.000   34.220293004  117.143977109    36.2100   2   0   0.0251    0.0220   0.0568  -0.0084  -0.0035  -0.0159   0.00    1.2
2046 358067.000   34.220293004  117.143977089    36.2158   2   0   0.0251    0.0220   0.0568  -0.0084  -0.0035  -0.0159   0.00    1.1
2046 358068.000   34.220293020  117.143977101    36.2121   2   0   0.0251    0.0220   0.0567  -0.0084  -0.0035  -0.0159   0.00    1.0
2046 358069.000   34.220293008  117.143977062    36.2087   2   0   0.0250    0.0220   0.0567  -0.0084  -0.0035  -0.0159   0.00    1.2
2046 358070.000   34.220293005  117.143977069    36.2083   2   0   0.0250    0.0220   0.0567  -0.0084  -0.0035  -0.0159   0.00    1.0
2046 358071.000   34.220292999  117.143977073    36.2138   2   0   0.0250    0.0220   0.0567  -0.0084  -0.0035  -0.0159   0.00    1.2
2046 358072.000   34.220292972  117.143977069    36.2150   2   0   0.0250    0.0220   0.0566  -0.0084  -0.0035  -0.0159   0.00    1.2
2046 358073.000   34.220292950  117.143977072    36.2172   2   0   0.0250    0.0220   0.0566  -0.0084  -0.0035  -0.0159   0.00    1.1
2046 358074.000   34.220292951  117.143977063    36.2149   2   0   0.0250    0.0219   0.0566  -0.0084  -0.0035  -0.0158   0.00    1.2
2046 358075.000   34.220292918  117.143977075    36.2135   2   0   0.0250    0.0219   0.0565  -0.0083  -0.0034  -0.0158   0.00    1.2
2046 358076.000   34.220292951  117.143977040    36.2223   2   0   0.0250    0.0219   0.0565  -0.0084  -0.0034  -0.0159   0.00    1.1
2046 358077.000   34.220292951  117.143977031    36.2206   2   0   0.0250    0.0219   0.0565  -0.0084  -0.0033  -0.0159   0.00    1.2
2046 358078.000   34.220292939  117.143977034    36.2143   2   0   0.0249    0.0219   0.0565  -0.0084  -0.0033  -0.0159   0.00    1.2
2046 358079.000   34.220292939  117.143976998    36.2085   2   0   0.0249    0.0219   0.0565  -0.0084  -0.0032  -0.0159   0.00    1.1
2046 358080.000   34.220292954  117.143976853    36.2019   2   0   0.0249    0.0219   0.0564  -0.0084  -0.0032  -0.0159   0.00    1.0
2046 358081.000   34.220292951  117.143976805    36.2003   2   0   0.0249    0.0219   0.0564  -0.0084  -0.0032  -0.0159   0.00    1.0
2046 358082.000   34.220292941  117.143976815    36.2007   2   0   0.0249    0.0219   0.0564  -0.0084  -0.0032  -0.0159   0.00    1.1
2046 358083.000   34.220292917  117.143976783    36.2018   2   0   0.0249    0.0219   0.0564  -0.0084  -0.0031  -0.0159   0.00    1.0
2046 358084.000   34.220292957  117.143976760    36.1996   2   0   0.0249    0.0219   0.0563  -0.0084  -0.0031  -0.0159   0.00    1.0
2046 358085.000   34.220292885  117.143976835    36.2107   2   0   0.0249    0.0219   0.0563  -0.0084  -0.0031  -0.0159   0.00    1.2
2046 358086.000   34.220292901  117.143976803    36.2091   2   0   0.0249    0.0219   0.0563  -0.0084  -0.0030  -0.0159   0.00    1.3
2046 358087.000   34.220292863  117.143976798    36.2153   2   0   0.0249    0.0218   0.0563  -0.0083  -0.0030  -0.0159   0.00    1.0
2046 358088.000   34.220292875  117.143976735    36.2101   2   0   0.0249    0.0218   0.0562  -0.0083  -0.0030  -0.0159   0.00    1.1
2046 358089.000   34.220292867  117.143976743    36.2126   2   0   0.0248    0.0218   0.0562  -0.0083  -0.0030  -0.0159   0.00    1.0
2046 358090.000   34.220292835  117.143976764    36.2109   2   0   0.0248    0.0218   0.0562  -0.0083  -0.0029  -0.0159   0.00    1.1
2046 358091.000   34.220292848  117.143976714    36.2104   2   0   0.0248    0.0218   0.0562  -0.0083  -0.0029  -0.0159   0.00    1.0
2046 358092.000   34.220292847  117.143976728    36.2099   2   0   0.0248    0.0218   0.0561  -0.0083  -0.0029  -0.0159   0.00    1.0
2046 358093.000   34.220292847  117.143976748    36.2069   2   0   0.0248    0.0218   0.0561  -0.0083  -0.0029  -0.0158   0.00    1.2
2046 358094.000   34.220292870  117.143976653    36.2085   2   0   0.0248    0.0218   0.0561  -0.0083  -0.0029  -0.0158   0.00    1.0
2046 358095.000   34.220294093  117.143968196    36.2235   2   0   0.0248    0.0218   0.0561  -0.0083  -0.0029  -0.0158   0.00    1.2
2046 358096.000   34.220294369  117.143951854    36.1944   2   0   0.0248    0.0218   0.0561  -0.0083  -0.0028  -0.0159   0.00    1.1
2046 358097.000   34.220292362  117.143932704    36.2062   2   0   0.0248    0.0218   0.0560  -0.0083  -0.0027  -0.0159   0.00    1.0
2046 358098.000   34.220288720  117.143910959    36.2101   2   0   0.0248    0.0218   0.0560  -0.0083  -0.0027  -0.0159   0.00    1.0
2046 358099.000   34.220284037  117.143888589    36.2158   2   0   0.0248    0.0218   0.0560  -0.0083  -0.0027  -0.0159   0.00    1.0
2046 358100.000   34.220280129  117.143864208    36.1814   2   0   0.0248    0.0218   0.0560  -0.0083  -0.0026  -0.0159   0.00    1.0
2046 358101.000   34.220276000  117.143837200    36.2117   2   0   0.0247    0.0217   0.0559  -0.0083  -0.0026  -0.0159   0.00    1.1
2046 358102.000   34.220273346  117.143809428    36.2453   2   0   0.0247    0.0217   0.0559  -0.0083  -0.0025  -0.0159   0.00    1.1
2046 358103.000   34.220272846  117.143780616    36.3100   2   0   0.0248    0.0219   0.0563  -0.0085   0.0035  -0.0161   0.00    1.1
2046 358104.000   34.220274420  117.143750006    36.3383   2   0   0.0248    0.0220   0.0563  -0.0085   0.0042  -0.0161   0.00    1.0
2046 358105.000   34.220277422  117.143717877    36.3949   2   0   0.0247    0.0220   0.0564  -0.0086   0.0047  -0.0161   0.00    1.0
2046 358106.000   34.220282162  117.143684214    36.3822   2   0   0.0247    0.0221   0.0564  -0.0086   0.0052  -0.0162   0.00    1.1
2046 358107.000   34.220287774  117.143649388    36.4213   2   0   0.0247    0.0221   0.0565  -0.0086   0.0055  -0.0162   0.00    1.1
2046 358108.000   34.220293935  117.143614321    36.4984   2   0   0.0248    0.0221   0.0566  -0.0087   0.0059  -0.0163   0.00    1.1
2046 358109.000   34.220300130  117.143579297    36.5323   2   0   0.0247    0.0222   0.0566  -0.0087   0.0062  -0.0163   0.00    1.0
2046 358110.000   34.220307050  117.143544217    36.6103   2   0   0.0249    0.0222   0.0580  -0.0088   0.0069  -0.0169   0.00    1.0
2046 358111.000   34.220313854  117.143508924    36.6486   2   0   0.0249    0.0223   0.0581  -0.0088   0.0072  -0.0172   0.00    1.1
2046 358112.000   34.220320322  117.143472916    36.7366   2   0   0.0250    0.0223   0.0588  -0.0089   0.0076  -0.0174   0.00    1.0
2046 358113.000   34.220326662  117.143436747    36.7577   2   0   0.0250    0.0223   0.0588  -0.0089   0.0077  -0.0175   0.00    1.1
2046 358114.000   34.220332453  117.143400284    36.7822   2   0   0.0250    0.0224   0.0590  -0.0090   0.0081  -0.0178   0.00    1.1
2046 358115.000   34.220338939  117.143364332    36.8472   2   0   0.0251    0.0224   0.0597  -0.0090   0.0084  -0.0179   0.00    1.0
2046 358116.000   34.220346129  117.143328112    36.9058   2   0   0.0251    0.0224   0.0600  -0.0090   0.0087  -0.0180   0.00    1.2
2046 358117.000   34.220353407  117.143291097    36.9968   2   0   0.0251    0.0225   0.0604  -0.0091   0.0089  -0.0182   0.00    1.0
2046 358118.000   34.220359983  117.143253731    37.1513   2   0   0.0253    0.0225   0.0609  -0.0089   0.0087  -0.0187   0.00    1.0
2046 358119.000   34.220367168  117.143216817    37.1886   2   0   0.0253    0.0226   0.0612  -0.0090   0.0090  -0.0188   0.00    1.0
2046 358120.000   34.220374576  117.143180081    37.2740   2   0   0.0254    0.0226   0.0613  -0.0090   0.0091  -0.0189   0.00    1.1
2046 358121.000   34.220382037  117.143143111    37.3333   2   0   0.0254    0.0226   0.0618  -0.0090   0.0094  -0.0191   0.00    1.0
2046 358122.000   34.220389633  117.143106219    37.4052   2   0   0.0254    0.0227   0.0619  -0.0091   0.0095  -0.0192   0.00    1.3
2046 358123.000   34.220397076  117.143068644    37.4765   2   0   0.0255    0.0227   0.0621  -0.0091   0.0096  -0.0192   0.00    1.1
2046 358124.000   34.220404124  117.143030713    37.5276   2   0   0.0255    0.0227   0.0622  -0.0091   0.0096  -0.0193   0.00    1.2
2046 358125.000   34.220410304  117.142992547    37.6069   2   0   0.0255    0.0227   0.0624  -0.0091   0.0096  -0.0194   0.00    1.1
2046 358126.000   34.220416127  117.142954927    37.6775   2   0   0.0255    0.0227   0.0625  -0.0091   0.0096  -0.0194   0.00    1.1
2046 358127.000   34.220422207  117.142917868    37.7578   2   0   0.0256    0.0228   0.0626  -0.0091   0.0096  -0.0195   0.00    1.1
2046 358128.000   34.220429048  117.142881012    37.8327   2   0   0.0256    0.0228   0.0627  -0.0091   0.0096  -0.0196   0.00    1.1
2046 358129.000   34.220436519  117.142843469    37.8304   2   0   0.0256    0.0228   0.0634  -0.0092   0.0103  -0.0199   0.00    1.0
2046 358130.000   34.220443820  117.142805609    37.8712   2   0   0.0257    0.0229   0.0638  -0.0093   0.0106  -0.0200   0.00    1.0
2046 358131.000   34.220451107  117.142767781    37.9183   2   0   0.0257    0.0229   0.0641  -0.0093   0.0109  -0.0202   0.00    1.0
2046 358132.000   34.220458538  117.142729963    37.9552   2   0   0.0257    0.0230   0.0644  -0.0094   0.0111  -0.0203   0.00    1.2
2046 358133.000   34.220465703  117.142691934    38.0244   2   0   0.0258    0.0230   0.0647  -0.0094   0.0113  -0.0204   0.00    1.1
2046 358134.000   34.220473071  117.142654092    38.0473   2   0   0.0258    0.0230   0.0649  -0.0094   0.0114  -0.0206   0.00    1.1
2046 358135.000   34.220479835  117.142615718    38.0898   2   0   0.0258    0.0231   0.0652  -0.0095   0.0116  -0.0207   0.00    1.1
2046 358136.000   34.220486466  117.142576324    38.1565   2   0   0.0258    0.0231   0.0654  -0.0095   0.0118  -0.0208   0.00    1.0
2046 358137.000   34.220493184  117.142536441    38.1975   2   0   0.0259    0.0231   0.0657  -0.0095   0.0119  -0.0209   0.00    1.1
2046 358138.000   34.220499412  117.142496960    38.2323   2   0   0.0259    0.0231   0.0659  -0.0096   0.0121  -0.0210   0.00    1.0
2046 358139.000   34.220504674  117.142458707    38.2916   2   0   0.0259    0.0232   0.0662  -0.0096   0.0122  -0.0211   0.00    1.1
2046 358140.000   34.220509043  117.142421032    38.3356   2   0   0.0260    0.0232   0.0664  -0.0096   0.0124  -0.0212   0.00    1.0
2046 358141.000   34.220513265  117.142383323    38.3841   2   0   0.0260    0.0232   0.0667  -0.0097   0.0125  -0.0214   0.00    1.0
2046 358142.000   34.220518522  117.142344970    38.4461   2   0   0.0260    0.0232   0.0668  -0.0097   0.0125  -0.0214   0.00    1.1
2046 358143.000   34.220525964  117.142306579    38.4646   2   0   0.0260    0.0233   0.0671  -0.0097   0.0127  -0.0216   0.00    1.0
2046 358144.000   34.220534944  117.142269849    38.5110   2   0   0.0261    0.0233   0.0673  -0.0098   0.0129  -0.0217   0.00    1.1
2046 358145.000   34.220544649  117.142232550    38.5664   2   0   0.0261    0.0233   0.0676  -0.0098   0.0130  -0.0218   0.00    1.1
2046 358146.000   34.220553975  117.142195130    38.6377   2   0   0.0261    0.0234   0.0678  -0.0098   0.0131  -0.0219   0.00    1.1
2046 358147.000   34.220562652  117.142157464    38.6908   2   0   0.0261    0.0234   0.0680  -0.0098   0.0133  -0.0220   0.00    1.0
2046 358148.000   34.220570752  117.142119705    38.7428   2   0   0.0262    0.0234   0.0682  -0.0099   0.0134  -0.0221   0.00    1.0
2046 358149.000   34.220578462  117.142082020    38.8124   2   0   0.0262    0.0234   0.0684  -0.0099   0.0135  -0.0222   0.00    1.0
2046 358150.000   34.220585873  117.142044978    38.8640   2   0   0.0262    0.0235   0.0687  -0.0099   0.0137  -0.0222   0.00    1.0
2046 358151.000   34.220593066  117.142007638    38.9163   2   0   0.0262    0.0235   0.0689  -0.0100   0.0138  -0.0223   0.00    1.0
2046 358152.000   34.220600284  117.141969241    38.9664   2   0   0.0262    0.0235   0.0687  -0.0100   0.0138  -0.0222   0.00    1.0
2046 358153.000   34.220606855  117.141931293    39.0420   2   0   0.0262    0.0235   0.0686  -0.0100   0.0139  -0.0221   0.00    1.0
2046 358154.000   34.220613454  117.141894276    39.1011   2   0   0.0262    0.0235   0.0686  -0.0100   0.0140  -0.0220   0.00    1.0
2046 358155.000   34.220620048  117.141857195    39.1596   2   0   0.0262    0.0236   0.0686  -0.0100   0.0140  -0.0220   0.00    1.0
2046 358156.000   34.220626201  117.141819950    39.2558   2   0   0.0262    0.0236   0.0686  -0.0100   0.0141  -0.0219   0.00    1.0
2046 358157.000   34.220631967  117.141782169    39.2629   2   0   0.0263    0.0236   0.0694  -0.0101   0.0143  -0.0224   0.00    1.1
2046 358158.000   34.220637133  117.141742307    39.2722   2   0   0.0263    0.0236   0.0697  -0.0101   0.0145  -0.0225   0.00    1.0
2046 358159.000   34.220640228  117.141700496    39.2701   2   0   0.0263    0.0237   0.0699  -0.0102   0.0146  -0.0226   0.00    1.0
2046 358160.000   34.220640127  117.141656526    39.5063   2   0   0.0264    0.0242   0.0712  -0.0105   0.0166  -0.0230   0.00    1.0
2046 358161.000   34.220634584  117.141611107    39.6331   2   0   0.0264    0.0243   0.0716  -0.0106   0.0171  -0.0232   0.00    1.0
2046 358162.000   34.220621870  117.141567000    39.6908   2   0   0.0264    0.0245   0.0721  -0.0107   0.0177  -0.0234   0.00    1.0
2046 358163.000   34.220604037  117.141525832    39.7597   2   0   0.0265    0.0246   0.0725  -0.0108   0.0181  -0.0235   0.00    1.0
2046 358164.000   34.220583528  117.141488361    39.7966   2   0   0.0265    0.0247   0.0728  -0.0109   0.0186  -0.0237   0.00    1.1
2046 358165.000   34.220560839  117.141453746    39.8214   2   0   0.0265    0.0248   0.0731  -0.0110   0.0189  -0.0238   0.00    1.1
2046 358166.000   34.220536585  117.141420779    39.8469   2   0   0.0265    0.0249   0.0730  -0.0110   0.0188  -0.0238   0.00    1.0
2046 358167.000   34.220511228  117.141391154    39.8571   2   0   0.0265    0.0249   0.0730  -0.0109   0.0189  -0.0238   0.00    1.2
2046 358168.000   34.220484426  117.141363961    39.8653   2   0   0.0265    0.0250   0.0731  -0.0109   0.0190  -0.0237   0.00    1.0
2046 358169.000   34.220457003  117.141337960    39.9162   2   0   0.0265    0.0250   0.0730  -0.0109   0.0189  -0.0238   0.00    1.1
2046 358170.000   34.220429753  117.141312614    40.0250   2   0   0.0266    0.0252   0.0736  -0.0112   0.0198  -0.0242   0.00    1.0
2046 358171.000   34.220403099  117.141287053    40.0895   2   0   0.0266    0.0253   0.0737  -0.0113   0.0201  -0.0243   0.00    1.0
2046 358172.000   34.220376936  117.141259791    40.1452   2   0   0.0267    0.0254   0.0738  -0.0114   0.0203  -0.0245   0.00    1.0
2046 358173.000   34.220350011  117.141231339    40.0975   2   0   0.0266    0.0253   0.0738  -0.0112   0.0199  -0.0243   0.00    1.0
2046 358174.000   34.220322335  117.141203199    40.0679   2   0   0.0266    0.0253   0.0737  -0.0112   0.0197  -0.0242   0.00    1.0
2046 358175.000   34.220293744  117.141175902    40.1631   2   0   0.0267    0.0255   0.0741  -0.0113   0.0204  -0.0244   0.00    1.0
2046 358176.000   34.220264908  117.141148606    40.2747   2   0   0.0267    0.0257   0.0746  -0.0116   0.0211  -0.0248   0.00    1.1
2046 358177.000   34.220236243  117.141121115    40.2465   2   0   0.0268    0.0259   0.0756  -0.0117   0.0218  -0.0250   0.00    1.0
2046 358178.000   34.220207553  117.141094044    40.3179   2   0   0.0268    0.0260   0.0756  -0.0117   0.0220  -0.0251   0.00    1.1
2046 358179.000   34.220177820  117.141066373    40.3004   2   0   0.0268    0.0259   0.0754  -0.0116   0.0215  -0.0249   0.00    1.0
2046 358180.000   34.220146006  117.141037046    40.3246   2   0   0.0269    0.0258   0.0752  -0.0114   0.0213  -0.0248   0.00    1.0
2046 358181.000   34.220112601  117.141006226    40.3199   2   0   0.0269    0.0258   0.0750  -0.0113   0.0212  -0.0248   0.00    1.0
2046 358182.000   34.220076391  117.140973647    40.3973   2   0   0.0270    0.0262   0.0759  -0.0117   0.0223  -0.0254   0.00    1.1
2046 358183.000   34.220038692  117.140939653    40.4902   2   0   0.0271    0.0263   0.0761  -0.0118   0.0227  -0.0256   0.00    1.1
2046 358184.000   34.220002272  117.140906236    40.4743   2   0   0.0271    0.0265   0.0772  -0.0119   0.0234  -0.0257   0.00    1.1
2046 358185.000   34.219966130  117.140872560    40.4921   2   0   0.0272    0.0266   0.0776  -0.0120   0.0238  -0.0259   0.00    1.0
2046 358186.000   34.219931102  117.140839260    40.5356   2   0   0.0272    0.0267   0.0780  -0.0120   0.0241  -0.0260   0.00    1.1
2046 358187.000   34.219895867  117.140806136    40.5742   2   0   0.0272    0.0267   0.0777  -0.0120   0.0240  -0.0260   0.00    1.0
2046 358188.000   34.219860873  117.140773912    40.6490   2   0   0.0272    0.0268   0.0775  -0.0119   0.0239  -0.0260   0.00    1.0
2046 358189.000   34.219826189  117.140742017    40.7292   2   0   0.0273    0.0268   0.0774  -0.0119   0.0239  -0.0260   0.00    1.0
2046 358190.000   34.219792631  117.140710458    40.7907   2   0   0.0305    0.0299   0.0774   0.0065   0.0230  -0.0268   0.00    1.0
2046 358191.000   34.219759453  117.140678270    40.8609   2   0   0.0313    0.0304   0.0774   0.0090   0.0225  -0.0272   0.00    1.0
2046 358192.000   34.219726687  117.140645811    40.9100   2   0   0.0344    0.0373   0.0781   0.0196   0.0267  -0.0249   0.00    1.1
2046 358193.000   34.219693096  117.140613440    40.9939   2   0   0.0358    0.0395   0.0784   0.0224   0.0278  -0.0244   0.00    1.2
2046 358194.000   34.219661127  117.140582742    41.0224   2   0   0.0369    0.0413   0.0786   0.0247   0.0287  -0.0240   0.00    1.2
2046 358195.000   34.219629268  117.140551497    41.1002   2   0   0.0379    0.0429   0.0788   0.0265   0.0293  -0.0237   0.00    1.0
2046 358196.000   34.219598220  117.140520132    41.1659   2   0   0.0376    0.0418   0.0786   0.0255   0.0282  -0.0248   0.00    1.1
2046 358197.000   34.219566714  117.140488333    41.2214   2   0   0.0381    0.0421   0.0786   0.0261   0.0278  -0.0251   0.00    1.1
2046 358198.000   34.219534552  117.140457219    41.2999   2   0   0.0384    0.0420   0.0785   0.0263   0.0274  -0.0256   0.00    1.0
2046 358199.000   34.219501948  117.140426395    41.2799   2   0   0.0406    0.0469   0.0804   0.0310   0.0321  -0.0222   0.00    1.1
2046 358200.000   34.219470257  117.140396683    41.3255   2   0   0.0415    0.0484   0.0809   0.0325   0.0332  -0.0215   0.00    1.1
2046 358201.000   34.219438656  117.140367145    41.3546   2   0   0.0423    0.0496   0.0812   0.0338   0.0339  -0.0209   0.00    1.0
2046 358202.000   34.219406330  117.140336846    41.3953   2   0   0.0411    0.0479   0.0810   0.0318   0.0331  -0.0220   0.00    1.0
2046 358203.000   34.219375187  117.140307962    41.4131   2   0   0.0406    0.0469   0.0805   0.0309   0.0321  -0.0226   0.00    1.0
2046 358204.000   34.219343181  117.140277624    41.4664   2   0   0.0402    0.0463   0.0802   0.0303   0.0317  -0.0228   0.00    1.0
2046 358205.000   34.219311009  117.140246954    41.4847   2   0   0.0400    0.0461   0.0815   0.0297   0.0323  -0.0234   0.00    1.0
2046 358206.000   34.219278588  117.140216593    41.5387   2   0   0.0398    0.0458   0.0817   0.0293   0.0323  -0.0237   0.00    1.0
2046 358207.000   34.219245774  117.140187135    41.5917   2   0   0.0397    0.0455   0.0820   0.0289   0.0324  -0.0240   0.00    1.0
2046 358208.000   34.219212229  117.140157981    41.6582   2   0   0.0395    0.0453   0.0822   0.0286   0.0324  -0.0242   0.00    1.1
2046 358209.000   34.219178375  117.140128180    41.6759   2   0   0.0394    0.0450   0.0817   0.0283   0.0318  -0.0241   0.00    1.0
2046 358210.000   34.219143045  117.140096453    41.7084   2   0   0.0392    0.0447   0.0814   0.0281   0.0315  -0.0241   0.00    1.1
2046 358211.000   34.219107125  117.140063783    41.7840   2   0   0.0391    0.0447   0.0825   0.0277   0.0322  -0.0247   0.00    1.0
2046 358212.000   34.219071344  117.140030513    41.8063   2   0   0.0390    0.0445   0.0828   0.0274   0.0323  -0.0249   0.00    1.1
2046 358213.000   34.219036542  117.139997479    41.8522   2   0   0.0389    0.0443   0.0830   0.0271   0.0323  -0.0252   0.00    1.0
2046 358214.000   34.219002391  117.139965136    41.8986   2   0   0.0388    0.0441   0.0828   0.0268   0.0322  -0.0254   0.00    1.1
2046 358215.000   34.218969776  117.139934779    41.9352   2   0   0.0386    0.0438   0.0823   0.0266   0.0318  -0.0253   0.00    1.0
2046 358216.000   34.218938050  117.139905421    41.9514   2   0   0.0385    0.0436   0.0820   0.0264   0.0314  -0.0253   0.00    1.1
2046 358217.000   34.218906672  117.139876217    41.9983   2   0   0.0384    0.0434   0.0819   0.0263   0.0313  -0.0253   0.00    1.0
2046 358218.000   34.218875391  117.139846829    42.0250   2   0   0.0383    0.0435   0.0833   0.0259   0.0323  -0.0258   0.00    1.1
2046 358219.000   34.218844126  117.139817737    42.0811   2   0   0.0382    0.0434   0.0836   0.0256   0.0324  -0.0260   0.00    1.0
2046 358220.000   34.218811474  117.139787288    42.1252   2   0   0.0382    0.0432   0.0839   0.0253   0.0325  -0.0262   0.00    1.0
2046 358221.000   34.218777107  117.139754951    42.2077   2   0   0.0381    0.0430   0.0838   0.0251   0.0323  -0.0262   0.00    1.0
2046 358222.000   34.218741707  117.139722264    42.2381   2   0   0.0380    0.0430   0.0843   0.0248   0.0327  -0.0265   0.00    1.3
2046 358223.000   34.218706850  117.139689878    42.2699   2   0   0.0379    0.0429   0.0846   0.0246   0.0329  -0.0266   0.00    1.0
2046 358224.000   34.218672970  117.139658342    42.3144   2   0   0.0378    0.0428   0.0849   0.0244   0.0332  -0.0267   0.00    1.0
2046 358225.000   34.218640240  117.139627259    42.3727   2   0   0.0377    0.0428   0.0851   0.0241   0.0333  -0.0268   0.00    1.0
2046 358226.000   34.218608530  117.139596350    42.4438   2   0   0.0376    0.0427   0.0850   0.0239   0.0334  -0.0270   0.00    1.0
2046 358227.000   34.218577105  117.139565478    42.4507   2   0   0.0376    0.0427   0.0856   0.0237   0.0337  -0.0271   0.00    1.1
2046 358228.000   34.218545515  117.139534930    42.5026   2   0   0.0375    0.0426   0.0855   0.0235   0.0338  -0.0272   0.00    1.2
2046 358229.000   34.218514159  117.139504611    42.5443   2   0   0.0374    0.0424   0.0855   0.0232   0.0337  -0.0274   0.00    1.1
2046 358230.000   34.218483021  117.139475221    42.6048   2   0   0.0373    0.0423   0.0854   0.0230   0.0336  -0.0275   0.00    1.0
2046 358231.000   34.218451547  117.139447009    42.6751   2   0   0.0372    0.0420   0.0852   0.0229   0.0332  -0.0273   0.00    1.0
2046 358232.000   34.218420222  117.139417822    42.6812   2   0   0.0371    0.0418   0.0850   0.0227   0.0329  -0.0272   0.00    1.1
2046 358233.000   34.218389123  117.139387886    42.7537   2   0   0.0371    0.0419   0.0861   0.0224   0.0337  -0.0278   0.00    1.1
2046 358234.000   34.218358257  117.139357805    42.7951   2   0   0.0370    0.0418   0.0863   0.0221   0.0338  -0.0279   0.00    1.1
2046 358235.000   34.218328230  117.139329663    42.8117   2   0   0.0369    0.0415   0.0858   0.0220   0.0333  -0.0277   0.00    1.0
2046 358236.000   34.218298519  117.139302516    42.8153   2   0   0.0368    0.0413   0.0855   0.0218   0.0329  -0.0277   0.00    1.0
2046 358237.000   34.218268693  117.139275064    42.7975   2   0   0.0367    0.0412   0.0854   0.0217   0.0327  -0.0276   0.00    1.0
2046 358238.000   34.218238015  117.139247746    42.8055   2   0   0.0366    0.0410   0.0852   0.0215   0.0326  -0.0275   0.00    1.1
2046 358239.000   34.218206653  117.139220453    42.8605   2   0   0.0366    0.0412   0.0866   0.0211   0.0337  -0.0281   0.00    1.0
2046 358240.000   34.218175050  117.139192678    42.8700   2   0   0.0365    0.0412   0.0870   0.0209   0.0340  -0.0283   0.00    1.0
2046 358241.000   34.218143636  117.139164685    42.9135   2   0   0.0364    0.0412   0.0873   0.0207   0.0343  -0.0284   0.00    1.0
2046 358242.000   34.218114708  117.139138360    42.9828   2   0   0.0364    0.0411   0.0872   0.0205   0.0341  -0.0284   0.00    1.0
2046 358243.000   34.218088129  117.139113839    43.0431   2   0   0.0363    0.0409   0.0869   0.0203   0.0340  -0.0284   0.00    1.0
2046 358244.000   34.218063696  117.139090895    43.0440   2   0   0.0362    0.0408   0.0867   0.0202   0.0339  -0.0284   0.00    1.0
2046 358245.000   34.218041196  117.139070418    43.0699   2   0   0.0361    0.0407   0.0866   0.0200   0.0338  -0.0285   0.00    1.2
2046 358246.000   34.218020854  117.139052400    43.1029   2   0   0.0360    0.0406   0.0866   0.0199   0.0338  -0.0285   0.00    1.0
2046 358247.000   34.217999216  117.139032776    43.1301   2   0   0.0360    0.0405   0.0868   0.0196   0.0340  -0.0286   0.00    1.0
2046 358248.000   34.217973912  117.139009447    43.1299   2   0   0.0359    0.0405   0.0868   0.0195   0.0340  -0.0287   0.00    1.1
2046 358249.000   34.217947633  117.138984162    43.3152   2   0   0.0359    0.0405   0.0869   0.0192   0.0343  -0.0288   0.00    1.3
2046 358250.000   34.217920836  117.138956432    43.2281   2   0   0.0358    0.0405   0.0874   0.0191   0.0344  -0.0288   0.00    1.0
2046 358251.000   34.217893687  117.138929017    43.2233   2   0   0.0358    0.0406   0.0883   0.0187   0.0351  -0.0291   0.00    1.1
2046 358252.000   34.217865988  117.138902302    43.2059   2   0   0.0357    0.0406   0.0887   0.0185   0.0354  -0.0293   0.00    1.1
2046 358253.000   34.217837500  117.138875883    43.2602   2   0   0.0357    0.0406   0.0891   0.0183   0.0357  -0.0294   0.00    1.5
2046 358254.000   34.217809090  117.138849022    43.2428   2   0   0.0356    0.0406   0.0894   0.0181   0.0359  -0.0295   0.00    1.2
2046 358255.000   34.217780534  117.138821978    43.1589   2   0   0.0357    0.0418   0.0924   0.0168   0.0391  -0.0309   0.00    1.2
2046 358256.000   34.217750129  117.138794360    43.1999   2   0   0.0356    0.0416   0.0921   0.0168   0.0387  -0.0308   0.00    1.2
2046 358257.000   34.217718971  117.138765988    43.2119   2   0   0.0356    0.0415   0.0922   0.0166   0.0387  -0.0308   0.00    1.2
2046 358258.000   34.217688002  117.138737117    43.2302   2   0   0.0356    0.0415   0.0924   0.0165   0.0389  -0.0308   0.00    1.0
2046 358259.000   34.217656777  117.138707786    43.2849   2   0   0.0356    0.0415   0.0926   0.0163   0.0390  -0.0309   0.00    1.0
2046 358260.000   34.217625981  117.138678353    43.3153   2   0   0.0355    0.0415   0.0928   0.0161   0.0392  -0.0310   0.00    1.3
2046 358261.000   34.217595195  117.138649314    43.3482   2   0   0.0355    0.0415   0.0930   0.0159   0.0393  -0.0311   0.00    1.0
2046 358262.000   34.217565358  117.138620206    43.3986   2   0   0.0355    0.0415   0.0932   0.0157   0.0395  -0.0311   0.00    1.2
2046 358263.000   34.217535464  117.138590356    43.4391   2   0   0.0354    0.0414   0.0935   0.0155   0.0396  -0.0312   0.00    1.1
2046 358264.000   34.217505436  117.138560917    43.4723   2   0   0.0353    0.0414   0.0937   0.0153   0.0398  -0.0313   0.00    1.1
2046 358265.000   34.217475504  117.138532644    43.5070   2   0   0.0353    0.0414   0.0939   0.0151   0.0399  -0.0314   0.00    1.4
2046 358266.000   34.217444479  117.138503520    43.5571   2   0   0.0353    0.0414   0.0941   0.0149   0.0400  -0.0315   0.00    1.2
2046 358267.000   34.217413199  117.138474547    43.6092   2   0   0.0353    0.0414   0.0943   0.0147   0.0402  -0.0315   0.00    1.1
2046 358268.000   34.217383557  117.138447616    43.6125   2   0   0.0352    0.0414   0.0945   0.0145   0.0403  -0.0316   0.00    1.1
2046 358269.000   34.217356141  117.138423283    43.6354   2   0   0.0352    0.0414   0.0947   0.0142   0.0405  -0.0317   0.00    1.0
2046 358270.000   34.217330420  117.138400917    43.5970   2   0   0.0351    0.0413   0.0946   0.0141   0.0403  -0.0317   0.00    1.2
2046 358271.000   34.217302666  117.138377578    43.6653   2   0   0.0351    0.0413   0.0951   0.0138   0.0407  -0.0319   0.00    1.3
2046 358272.000   34.217274778  117.138353754    43.7457   2   0   0.0350    0.0414   0.0954   0.0135   0.0409  -0.0320   0.00    1.2
2046 358273.000   34.217248486  117.138331584    43.6475   2   0   0.0350    0.0412   0.0952   0.0134   0.0407  -0.0319   0.00    1.0
2046 358274.000   34.217222395  117.138309494    43.6087   2   0   0.0349    0.0411   0.0953   0.0132   0.0407  -0.0320   0.00    1.2
2046 358275.000   34.217198581  117.138288948    43.5543   2   0   0.0349    0.0411   0.0953   0.0131   0.0407  -0.0320   0.00    1.1
2046 358276.000   34.217175547  117.138268445    43.5312   2   0   0.0349    0.0410   0.0954   0.0129   0.0407  -0.0320   0.00    1.1
2046 358277.000   34.217151658  117.138246789    43.5188   2   0   0.0348    0.0409   0.0955   0.0127   0.0407  -0.0321   0.00    1.2
2046 358278.000   34.217125805  117.138222406    43.5289   2   0   0.0348    0.0409   0.0954   0.0125   0.0407  -0.0321   0.00    1.1
2046 358279.000   34.217098387  117.138196177    43.6202   2   0   0.0347    0.0409   0.0955   0.0123   0.0408  -0.0321   0.00    1.1
2046 358280.000   34.217070829  117.138167943    43.6788   2   0   0.0347    0.0408   0.0953   0.0122   0.0406  -0.0320   0.00    1.1
2046 358281.000   34.217043154  117.138138275    43.7617   2   0   0.0346    0.0407   0.0953   0.0120   0.0406  -0.0320   0.00    1.0
2046 358282.000   34.217014486  117.138108626    43.8646   2   0   0.0346    0.0406   0.0951   0.0119   0.0403  -0.0320   0.00    1.0
2046 358283.000   34.216985431  117.138079496    43.9286   2   0   0.0346    0.0407   0.0958   0.0116   0.0408  -0.0323   0.00    1.2
2046 358284.000   34.216954288  117.138049500    43.9903   2   0   0.0346    0.0407   0.0962   0.0113   0.0411  -0.0324   0.00    1.1
2046 358285.000   34.216921949  117.138018980    44.0761   2   0   0.0346    0.0407   0.0963   0.0111   0.0411  -0.0325   0.00    1.0
2046 358286.000   34.216889502  117.137988379    44.1353   2   0   0.0346    0.0407   0.0965   0.0109   0.0413  -0.0326   0.00    1.0
2046 358287.000   34.216856945  117.137957713    44.1991   2   0   0.0346    0.0407   0.0968   0.0106   0.0415  -0.0327   0.00    1.1
2046 358288.000   34.216823900  117.137926472    44.2334   2   0   0.0346    0.0407   0.0970   0.0104   0.0416  -0.0327   0.00    1.1
2046 358289.000   34.216791693  117.137895311    44.1931   2   0   0.0345    0.0407   0.0973   0.0102   0.0418  -0.0328   0.00    1.0
2046 358290.000   34.216760449  117.137863714    44.2746   2   0   0.0345    0.0407   0.0975   0.0099   0.0419  -0.0329   0.00    1.0
2046 358291.000   34.216729437  117.137828829    44.2786   2   0   0.0345    0.0408   0.0976   0.0097   0.0421  -0.0330   0.00    1.1
2046 358292.000   34.216699012  117.137793124    44.3538   2   0   0.0345    0.0408   0.0978   0.0094   0.0422  -0.0331   0.00    1.0
2046 358293.000   34.216669004  117.137757798    44.5529   2   0   0.0345    0.0408   0.0979   0.0092   0.0423  -0.0331   0.00    1.1
2046 358294.000   34.216640113  117.137722636    44.5031   2   0   0.0346    0.0418   0.0998   0.0070   0.0445  -0.0341   0.00    1.2
2046 358295.000   34.216610697  117.137691289    44.5342   2   0   0.0346    0.0417   0.1000   0.0070   0.0444  -0.0341   0.00    1.1
2046 358296.000   34.216580707  117.137662558    44.5924   2   0   0.0347    0.0426   0.1020   0.0044   0.0464  -0.0349   0.00    1.2
2046 358297.000   34.216551408  117.137634662    44.5354   2   0   0.0347    0.0429   0.1028   0.0019   0.0471  -0.0353   0.00    1.1
2046 358298.000   34.216523209  117.137607614    44.5712   2   0   0.0346    0.0426   0.1023   0.0027   0.0466  -0.0351   0.00    1.0
2046 358299.000   34.216493347  117.137579822    44.6605   2   0   0.0345    0.0424   0.1017   0.0027   0.0462  -0.0350   0.00    1.2
2046 358300.000   34.216462916  117.137551550    44.7241   2   0   0.0345    0.0423   0.1014   0.0030   0.0460  -0.0349   0.00    1.0
2046 358301.000   34.216432171  117.137521757    44.7534   2   0   0.0345    0.0423   0.1014   0.0026   0.0459  -0.0349   0.00    1.1
2046 358302.000   34.216401727  117.137490336    44.8321   2   0   0.0345    0.0422   0.1012   0.0021   0.0458  -0.0349   0.00    1.0
2046 358303.000   34.216373682  117.137456650    44.9088   2   0   0.0344    0.0420   0.1011   0.0019   0.0456  -0.0348   0.00    1.1
2046 358304.000   34.216348341  117.137420503    44.9666   2   0   0.0344    0.0421   0.1017  -0.0022   0.0460  -0.0351   0.00    1.0
2046 358305.000   34.216324905  117.137382133    45.0338   2   0   0.0344    0.0421   0.1018  -0.0030   0.0460  -0.0352   0.00    1.0
2046 358306.000   34.216304315  117.137342110    45.1566   2   0   0.0344    0.0419   0.1014  -0.0029   0.0457  -0.0350   0.00    1.1
2046 358307.000   34.216285448  117.137300261    45.2660   2   0   0.0344    0.0419   0.1016  -0.0036   0.0458  -0.0352   0.00    1.0
2046 358308.000   34.216268754  117.137258604    45.3935   2   0   0.0343    0.0418   0.1016  -0.0041   0.0456  -0.0352   0.00    1.1
2046 358309.000   34.216253836  117.137216511    45.5280   2   0   0.0343    0.0416   0.1012  -0.0041   0.0453  -0.0350   0.00    1.0
2046 358310.000   34.216240231  117.137173039    45.6929   2   0   0.0343    0.0415   0.1013  -0.0047   0.0453  -0.0352   0.00    1.1
2046 358311.000   34.216229155  117.137130373    45.7679   2   0   0.0342    0.0414   0.1013  -0.0050   0.0452  -0.0352   0.00    1.0
2046 358312.000   34.216220409  117.137088468    45.8136   2   0   0.0342    0.0413   0.1012  -0.0053   0.0451  -0.0352   0.00    1.0
2046 358313.000   34.216213338  117.137044916    45.9262   2   0   0.0342    0.0412   0.1011  -0.0055   0.0450  -0.0352   0.00    1.0
2046 358314.000   34.216207476  117.137000535    45.9855   2   0   0.0341    0.0411   0.1011  -0.0057   0.0449  -0.0352   0.00    1.1
2046 358315.000   34.216202328  117.136955415    46.1143   2   0   0.0341    0.0410   0.1010  -0.0059   0.0447  -0.0352   0.00    1.0
2046 358316.000   34.216198051  117.136909275    46.1942   2   0   0.0341    0.0409   0.1010  -0.0061   0.0446  -0.0353   0.00    1.1
2046 358317.000   34.216194338  117.136863242    46.3133   2   0   0.0341    0.0408   0.1010  -0.0062   0.0445  -0.0353   0.00    1.1
2046 358318.000   34.216190457  117.136817122    46.4238   2   0   0.0341    0.0407   0.1009  -0.0064   0.0443  -0.0354   0.00    1.0
2046 358319.000   34.216186154  117.136770602    46.5443   2   0   0.0341    0.0406   0.1009  -0.0065   0.0442  -0.0354   0.00    1.0
2046 358320.000   34.216181513  117.136724606    46.6551   2   0   0.0341    0.0406   0.1008  -0.0066   0.0441  -0.0355   0.00    1.0
2046 358321.000   34.216175829  117.136677917    46.7571   2   0   0.0341    0.0405   0.1008  -0.0068   0.0440  -0.0355   0.00    1.0
2046 358322.000   34.216169876  117.136630641    46.8198   2   0   0.0340    0.0404   0.1004  -0.0069   0.0437  -0.0355   0.00    1.1
2046 358323.000   34.216163589  117.136581011    46.9119   2   0   0.0340    0.0403   0.1002  -0.0070   0.0435  -0.0356   0.00    1.1
2046 358324.000   34.216156068  117.136527171    46.9786   2   0   0.0341    0.0402   0.0999  -0.0070   0.0434  -0.0356   0.00    1.0
2046 358325.000   34.216145965  117.136471228    47.0487   2   0   0.0341    0.0401   0.0997  -0.0071   0.0432  -0.0357   0.00    1.0
2046 358326.000   34.216133372  117.136414264    47.0918   2   0   0.0341    0.0400   0.0996  -0.0072   0.0430  -0.0357   0.00    1.0
2046 358327.000   34.216117909  117.136355409    47.2941   2   0   0.0341    0.0400   0.1000  -0.0073   0.0431  -0.0357   0.00    1.0
2046 358328.000   34.216100174  117.136294123    47.3192   2   0   0.0341    0.0399   0.0997  -0.0074   0.0429  -0.0357   0.00    1.0
2046 358329.000   34.216080971  117.136231912    47.3463   2   0   0.0340    0.0398   0.0995  -0.0075   0.0428  -0.0357   0.00    1.0
2046 358330.000   34.216059716  117.136169666    47.4565   2   0   0.0340    0.0398   0.0998  -0.0076   0.0429  -0.0357   0.00    1.0
2046 358331.000   34.216035822  117.136107574    47.4872   2   0   0.0340    0.0397   0.0994  -0.0077   0.0427  -0.0357   0.00    1.0
2046 358332.000   34.216009136  117.136046898    47.5494   2   0   0.0340    0.0396   0.0992  -0.0078   0.0425  -0.0357   0.00    1.1
2046 358333.000   34.215980039  117.135987712    47.6575   2   0   0.0340    0.0395   0.0996  -0.0079   0.0426  -0.0357   0.00    1.0
2046 358334.000   34.215949583  117.135931731    47.7269   2   0   0.0340    0.0395   0.0996  -0.0080   0.0425  -0.0357   0.00    1.1
2046 358335.000   34.215918814  117.135879640    47.7709   2   0   0.0339    0.0394   0.0996  -0.0081   0.0426  -0.0357   0.00    1.0
2046 358336.000   34.215887206  117.135828148    47.7918   2   0   0.0339    0.0394   0.0993  -0.0083   0.0425  -0.0357   0.00    1.1
2046 358337.000   34.215857132  117.135778822    47.8356   2   0   0.0339    0.0394   0.0997  -0.0084   0.0426  -0.0357   0.00    1.0
2046 358338.000   34.215828065  117.135733072    47.8969   2   0   0.0339    0.0394   0.0997  -0.0085   0.0426  -0.0357   0.00    1.0
2046 358339.000   34.215797064  117.135689430    47.9039   2   0   0.0339    0.0394   0.0998  -0.0087   0.0427  -0.0358   0.00    1.0
2046 358340.000   34.215762458  117.135646744    47.9269   2   0   0.0338    0.0394   0.0997  -0.0087   0.0427  -0.0357   0.00    1.1
2046 358341.000   34.215725163  117.135607029    47.8824   2   0   0.0338    0.0394   0.0996  -0.0087   0.0426  -0.0356   0.00    1.1
2046 358342.000   34.215685977  117.135570789    47.8230   2   0   0.0338    0.0395   0.1002  -0.0092   0.0431  -0.0359   0.00    1.2
2046 358343.000   34.215643136  117.135536070    47.7742   2   0   0.0338    0.0395   0.1004  -0.0093   0.0432  -0.0359   0.00    1.1
2046 358344.000   34.215597977  117.135502012    47.5599   2   0   0.0338    0.0398   0.1062  -0.0097   0.0451  -0.0363   0.00    1.0
2046 358345.000   34.215552314  117.135469248    47.4572   2   0   0.0338    0.0399   0.1082  -0.0099   0.0458  -0.0365   0.00    1.0
2046 358346.000   34.215504358  117.135436418    47.3237   2   0   0.0338    0.0400   0.1099  -0.0101   0.0464  -0.0366   0.00    1.1
2046 358347.000   34.215453405  117.135405111    47.1919   2   0   0.0338    0.0401   0.1114  -0.0103   0.0469  -0.0367   0.00    1.1
2046 358348.000   34.215400249  117.135375967    47.0490   2   0   0.0338    0.0402   0.1127  -0.0105   0.0474  -0.0369   0.00    1.1
2046 358349.000   34.215345582  117.135349210    47.0870   2   0   0.0338    0.0401   0.1115  -0.0106   0.0471  -0.0369   0.00    1.1
2046 358350.000   34.215290375  117.135324532    47.7103   2   0   0.0444    0.0445   0.5384   0.0205   0.1103   0.1174   0.00    0.0
2046 358351.000   34.215234084  117.135302319    47.5680   2   0   0.0648    0.0546   1.0221   0.0437   0.1992   0.2339   0.00    0.0
2046 358352.000   34.215178685  117.135283757    47.4211   2   0   0.0736    0.0597   1.2115   0.0524   0.2352   0.2784   0.00    0.0
2046 358353.000   34.215122010  117.135267577    47.2795   2   0   0.0744    0.0604   1.2299   0.0533   0.2391   0.2825   0.00    0.0
2046 358354.000   34.215064570  117.135254271    47.3824   2   0   0.0558    0.0503   0.8237   0.0344   0.1630   0.1865   0.00    0.0
2046 358355.000   34.215008776  117.135245093    47.5834   2   0   0.0603    0.0529   0.9345   0.0394   0.1840   0.2117   0.00    0.0
2046 358356.000   34.214955731  117.135239047    47.7032   2   0   0.0497    0.0474   0.6840   0.0272   0.1373   0.1518   0.00    0.0
2046 358357.000   34.214905726  117.135235132    47.8201   2   0   0.0471    0.0462   0.6197   0.0238   0.1254   0.1359   0.00    0.0
2046 358358.000   34.214857962  117.135232681    47.8288   2   0   0.0452    0.0452   0.5657   0.0210   0.1157   0.1228   0.00    0.0
2046 358359.000   34.214808172  117.135231460    47.8401   2   0   0.0438    0.0445   0.5247   0.0187   0.1084   0.1128   0.00    0.0
2046 358360.000   34.214754767  117.135230573    47.6745   2   0   0.0428    0.0440   0.4966   0.0168   0.1031   0.1056   0.00    0.0
2046 358361.000   34.214698372  117.135230782    47.5377   2   0   0.0422    0.0438   0.4757   0.0154   0.0992   0.1006   0.00    0.0
2046 358362.000   34.214639530  117.135230660    47.4928   2   0   0.0570    0.0517   0.8617   0.0357   0.1717   0.1939   0.00    0.0
2046 358363.000   34.214579781  117.135230221    48.4624   2   0   0.0658    0.0563   1.0570   0.0448   0.2076   0.2404   0.00    0.0
2046 358364.000   34.214520681  117.135230004    49.3257   2   0   0.0729    0.0603   1.2077   0.0518   0.2361   0.2759   0.00    0.0
2046 358365.000   34.214464058  117.135230012    48.7436   2   0   0.0531    0.0487   0.7570   0.0300   0.1492   0.1705   0.00    0.0
2046 358366.000   34.214410563  117.135230134    48.7084   2   0   0.0481    0.0459   0.6279   0.0232   0.1245   0.1399   0.00    0.0
2046 358367.000   34.214359663  117.135230691    48.8433   2   0   0.0457    0.0445   0.5589   0.0193   0.1113   0.1235   0.00    0.0
2046 358368.000   34.214310832  117.135231183    48.6509   2   0   0.0442    0.0439   0.5183   0.0169   0.1042   0.1134   0.00    0.0
2046 358369.000   34.214264358  117.135231983    48.8422   2   0   0.0432    0.0433   0.4841   0.0146   0.0974   0.1054   0.00    0.0
2046 358370.000   34.214220311  117.135232854    48.8273   2   0   0.0423    0.0429   0.4575   0.0128   0.0930   0.0987   0.00    0.0
2046 358371.000   34.214178879  117.135233245    48.5541   2   0   0.0419    0.0428   0.4406   0.0114   0.0903   0.0944   0.00    0.0
2046 358372.000   34.214139238  117.135233289    48.3404   2   0   0.0413    0.0425   0.4259   0.0104   0.0880   0.0906   0.00    0.0
2046 358373.000   34.214099620  117.135232867    48.0966   2   0   0.0407    0.0423   0.4067   0.0088   0.0848   0.0856   0.00    0.0
2046 358374.000   34.214057074  117.135230797    47.9908   2   0   0.0403    0.0422   0.3909   0.0068   0.0823   0.0814   0.00    0.0
2046 358375.000   34.214011197  117.135228110    47.7339   2   0   0.0400    0.0421   0.3778   0.0045   0.0803   0.0779   0.00    1.2
2046 358376.000   34.213964339  117.135225762    47.5491   2   0   0.0396    0.0420   0.3656  -0.0012   0.0783   0.0746   0.00    1.1
2046 358377.000   34.213916695  117.135224341    47.3610   2   0   0.0394    0.0419   0.3546  -0.0045   0.0766   0.0717   0.00    1.2
2046 358378.000   34.213869128  117.135223736    47.2083   2   0   0.0391    0.0418   0.3448  -0.0061   0.0752   0.0689   0.00    1.1
2046 358379.000   34.213822669  117.135223648    47.1798   2   0   0.0388    0.0417   0.3353  -0.0072   0.0739   0.0662   0.00    1.0
2046 358380.000   34.213775166  117.135223409    47.0787   2   0   0.0387    0.0417   0.3290  -0.0082   0.0729   0.0641   0.00    1.3
2046 358381.000   34.213726513  117.135222661    46.9751   2   0   0.0385    0.0416   0.3246  -0.0088   0.0721   0.0626   0.00    1.0
2046 358382.000   34.213677492  117.135222462    46.9148   2   0   0.0384    0.0416   0.3209  -0.0093   0.0716   0.0613   0.00    1.1
2046 358383.000   34.213629518  117.135221949    46.7718   2   0   0.0383    0.0416   0.3152  -0.0099   0.0708   0.0592   0.00    1.2
2046 358384.000   34.213583103  117.135221449    46.6614   2   0   0.0381    0.0415   0.3097  -0.0105   0.0700   0.0573   0.00    1.2
2046 358385.000   34.213537977  117.135220831    46.6019   2   0   0.0380    0.0415   0.3046  -0.0110   0.0693   0.0555   0.00    1.1
2046 358386.000   34.213493782  117.135219514    46.5596   2   0   0.0379    0.0415   0.3017  -0.0114   0.0689   0.0543   0.00    1.6
2046 358387.000   34.213451452  117.135217736    46.3582   2   0   0.0378    0.0415   0.2958  -0.0118   0.0680   0.0525   0.00    1.1
2046 358388.000   34.213407523  117.135216119    46.3031   2   0   0.0377    0.0414   0.2902  -0.0121   0.0674   0.0507   0.00    1.1
2046 358389.000   34.213361830  117.135215467    46.1206   2   0   0.0376    0.0414   0.2866  -0.0125   0.0668   0.0498   0.00    1.1
2046 358390.000   34.213315410  117.135215555    45.9925   2   0   0.0375    0.0414   0.2812  -0.0128   0.0660   0.0481   0.00    1.0
2046 358391.000   34.213269189  117.135216052    45.8685   2   0   0.0374    0.0413   0.2766  -0.0132   0.0654   0.0467   0.00    1.2
2046 358392.000   34.213225009  117.135216589    45.7689   2   0   0.0374    0.0413   0.2733  -0.0134   0.0650   0.0457   0.00    1.0
2046 358393.000   34.213183128  117.135216805    45.6929   2   0   0.0373    0.0413   0.2691  -0.0137   0.0644   0.0443   0.00    1.0
2046 358394.000   34.213143288  117.135216984    45.6234   2   0   0.0372    0.0412   0.2672  -0.0137   0.0642   0.0433   0.00    1.1
2046 358395.000   34.213105622  117.135217611    45.4985   2   0   0.0371    0.0412   0.2633  -0.0138   0.0637   0.0420   0.00    1.1
2046 358396.000   34.213070063  117.135218946    45.4202   2   0   0.0370    0.0411   0.2607  -0.0139   0.0634   0.0411   0.00    1.1
2046 358397.000   34.213036398  117.135220010    45.4909   2   0   0.0369    0.0411   0.2578  -0.0140   0.0630   0.0404   0.00    1.3
2046 358398.000   34.213004579  117.135221032    45.5950   2   0   0.0368    0.0410   0.2552  -0.0141   0.0627   0.0397   0.00    1.1
2046 358399.000   34.212974103  117.135222504    45.6923   2   0   0.0368    0.0410   0.2528  -0.0142   0.0624   0.0390   0.00    1.3
2046 358400.000   34.212944490  117.135223678    45.8021   2   0   0.0367    0.0410   0.2504  -0.0143   0.0621   0.0382   0.00    1.1
2046 358401.000   34.212913174  117.135223406    45.8880   2   0   0.0366    0.0409   0.2481  -0.0144   0.0619   0.0376   0.00    1.1
2046 358402.000   34.212880633  117.135223255    45.9798   2   0   0.0366    0.0409   0.2458  -0.0145   0.0616   0.0369   0.00    1.1
2046 358403.000   34.212847932  117.135223992    45.7023   2   0   0.0365    0.0409   0.2449  -0.0146   0.0615   0.0358   0.00    1.1
2046 358404.000   34.212816454  117.135225354    45.5910   2   0   0.0365    0.0408   0.2435  -0.0147   0.0613   0.0349   0.00    1.3
2046 358405.000   34.212786708  117.135227572    45.5085   2   0   0.0364    0.0408   0.2421  -0.0148   0.0611   0.0341   0.00    1.3
2046 358406.000   34.212757233  117.135230052    45.4375   2   0   0.0364    0.0408   0.2408  -0.0149   0.0610   0.0333   0.00    1.0
2046 358407.000   34.212722801  117.135232121    45.3608   2   0   0.0363    0.0407   0.2395  -0.0150   0.0608   0.0324   0.00    1.0
2046 358408.000   34.212686094  117.135233282    45.3053   2   0   0.0363    0.0407   0.2381  -0.0150   0.0605   0.0316   0.00    1.1
2046 358409.000   34.212648399  117.135233631    45.3427   2   0   0.0362    0.0406   0.2366  -0.0151   0.0603   0.0308   0.00    1.1
2046 358410.000   34.212610373  117.135233045    45.1675   2   0   0.0362    0.0406   0.2356  -0.0152   0.0602   0.0300   0.00    1.2
2046 358411.000   34.212570406  117.135232443    45.0734   2   0   0.0361    0.0406   0.2344  -0.0153   0.0601   0.0292   0.00    1.1
2046 358412.000   34.212529744  117.135231321    45.0634   2   0   0.0363    0.0407   0.2333  -0.0158   0.0598   0.0285   0.00    1.1
2046 358413.000   34.212488286  117.135230228    45.0377   2   0   0.0363    0.0407   0.2322  -0.0160   0.0596   0.0278   0.00    1.1
2046 358414.000   34.212444545  117.135229242    45.0148   2   0   0.0364    0.0407   0.2309  -0.0162   0.0595   0.0270   0.00    1.2
2046 358415.000   34.212399656  117.135228341    44.9651   2   0   0.0364    0.0408   0.2298  -0.0163   0.0593   0.0263   0.00    1.0
2046 358416.000   34.212354178  117.135227861    44.9378   2   0   0.0364    0.0408   0.2286  -0.0165   0.0592   0.0255   0.00    1.0
2046 358417.000   34.212309476  117.135227736    44.8248   2   0   0.0364    0.0408   0.2279  -0.0166   0.0590   0.0247   0.00    1.3
2046 358418.000   34.212265549  117.135227415    44.7679   2   0   0.0364    0.0408   0.2269  -0.0168   0.0589   0.0239   0.00    1.1
2046 358419.000   34.212221552  117.135226778    44.7011   2   0   0.0364    0.0408   0.2259  -0.0169   0.0587   0.0231   0.00    1.0
2046 358420.000   34.212178755  117.135226110    44.6148   2   0   0.0364    0.0408   0.2249  -0.0171   0.0586   0.0223   0.00    1.1
2046 358421.000   34.212137232  117.135224660    44.5604   2   0   0.0364    0.0408   0.2240  -0.0172   0.0585   0.0215   0.00    1.5
2046 358422.000   34.212096371  117.135222389    44.4715   2   0   0.0363    0.0407   0.2230  -0.0171   0.0584   0.0205   0.00    1.2
2046 358423.000   34.212056729  117.135218419    44.3898   2   0   0.0363    0.0407   0.2219  -0.0172   0.0583   0.0195   0.00    1.0
2046 358424.000   34.212018070  117.135214082    44.3493   2   0   0.0362    0.0406   0.2208  -0.0172   0.0581   0.0186   0.00    1.1
2046 358425.000   34.211980812  117.135210951    44.3397   2   0   0.0362    0.0406   0.2192  -0.0172   0.0578   0.0179   0.00    1.1
2046 358426.000   34.211945105  117.135209777    44.3429   2   0   0.0361    0.0405   0.2181  -0.0172   0.0577   0.0170   0.00    1.3
2046 358427.000   34.211910974  117.135212418    44.3628   2   0   0.0361    0.0405   0.2170  -0.0173   0.0575   0.0161   0.00    1.1
2046 358428.000   34.211879184  117.135220419    44.4745   2   0   0.0361    0.0404   0.2151  -0.0173   0.0569   0.0151   0.00    1.0
2046 358429.000   34.211850646  117.135233517    44.4935   2   0   0.0360    0.0403   0.2131  -0.0174   0.0565   0.0143   0.00    1.0
2046 358430.000   34.211825533  117.135251483    44.6089   2   0   0.0360    0.0402   0.2108  -0.0174   0.0559   0.0138   0.00    1.3
2046 358431.000   34.211803760  117.135273386    44.6900   2   0   0.0359    0.0400   0.2086  -0.0174   0.0553   0.0132   0.00    1.0
2046 358432.000   34.211785638  117.135298983    44.7606   2   0   0.0359    0.0399   0.2064  -0.0175   0.0547   0.0127   0.00    1.0
2046 358433.000   34.211771928  117.135328491    44.8053   2   0   0.0358    0.0398   0.2043  -0.0175   0.0541   0.0121   0.00    1.1
2046 358434.000   34.211764135  117.135361167    44.8236   2   0   0.0357    0.0396   0.2023  -0.0174   0.0536   0.0115   0.00    1.1
2046 358435.000   34.211761265  117.135397746    44.7461   2   0   0.0357    0.0396   0.2006  -0.0175   0.0531   0.0116   0.00    1.3
2046 358436.000   34.211760929  117.135440224    44.6833   2   0   0.0357    0.0395   0.1995  -0.0175   0.0525   0.0108   0.00    1.1
2046 358437.000   34.211762699  117.135483546    44.5206   2   0   0.0357    0.0394   0.1983  -0.0175   0.0520   0.0104   0.00    1.1
2046 358438.000   34.211764943  117.135527871    43.3452   2   0   0.0365    0.0406   0.2041  -0.0193   0.0564  -0.0157   0.00    1.0
2046 358439.000   34.211765594  117.135574690    42.6204   2   0   0.0367    0.0410   0.2057  -0.0198   0.0579  -0.0197   0.00    1.0
2046 358440.000   34.211763744  117.135622940    42.1854   2   0   0.0365    0.0410   0.2053  -0.0196   0.0578  -0.0189   0.00    1.0
2046 358441.000   34.211761635  117.135672465    42.0032   2   0   0.0365    0.0408   0.2042  -0.0195   0.0572  -0.0184   0.00    1.1
2046 358442.000   34.211760923  117.135722993    41.9352   2   0   0.0365    0.0407   0.2033  -0.0195   0.0569  -0.0183   0.00    1.5
2046 358443.000   34.211761479  117.135775180    41.7303   2   0   0.0364    0.0407   0.2027  -0.0195   0.0566  -0.0184   0.00    1.1
2046 358444.000   34.211762939  117.135828054    41.6148   2   0   0.0367    0.0407   0.2023  -0.0198   0.0561  -0.0171   0.00    1.0
2046 358445.000   34.211764360  117.135880487    41.4947   2   0   0.0368    0.0407   0.2018  -0.0199   0.0558  -0.0169   0.00    1.0
2046 358446.000   34.211765070  117.135932398    41.3930   2   0   0.0369    0.0407   0.2012  -0.0200   0.0555  -0.0167   0.00    1.0
2046 358447.000   34.211765344  117.135983765    41.2758   2   0   0.0369    0.0406   0.2008  -0.0201   0.0553  -0.0167   0.00    1.2
2046 358448.000   34.211764752  117.136034798    41.1599   2   0   0.0370    0.0406   0.2002  -0.0202   0.0550  -0.0167   0.00    1.0
2046 358449.000   34.211763778  117.136084907    41.0657   2   0   0.0370    0.0406   0.1997  -0.0203   0.0548  -0.0167   0.00    1.1
2046 358450.000   34.211763595  117.136134586    40.9817   2   0   0.0371    0.0406   0.1991  -0.0204   0.0546  -0.0167   0.00    1.2
2046 358451.000   34.211763236  117.136185097    40.8657   2   0   0.0371    0.0406   0.1986  -0.0204   0.0544  -0.0167   0.00    1.0
2046 358452.000   34.211763489  117.136235847    40.7620   2   0   0.0370    0.0405   0.1980  -0.0204   0.0542  -0.0174   0.00    1.3
2046 358453.000   34.211764301  117.136286839    40.6487   2   0   0.0372    0.0405   0.1972  -0.0205   0.0539  -0.0165   0.00    1.1
2046 358454.000   34.211765383  117.136338066    40.5363   2   0   0.0372    0.0405   0.1967  -0.0206   0.0536  -0.0164   0.00    1.1
2046 358455.000   34.211766124  117.136389424    40.4104   2   0   0.0372    0.0405   0.1961  -0.0207   0.0534  -0.0164   0.00    1.1
2046 358456.000   34.211767205  117.136440915    40.3142   2   0   0.0373    0.0405   0.1956  -0.0207   0.0532  -0.0165   0.00    1.5
2046 358457.000   34.211768390  117.136492931    40.1891   2   0   0.0372    0.0404   0.1949  -0.0207   0.0530  -0.0171   0.00    1.3
2046 358458.000   34.211769535  117.136545309    40.0880   2   0   0.0371    0.0403   0.1940  -0.0207   0.0529  -0.0178   0.00    1.1
2046 358459.000   34.211770238  117.136597904    39.9790   2   0   0.0371    0.0403   0.1933  -0.0206   0.0526  -0.0179   0.00    1.2
2046 358460.000   34.211770579  117.136650375    39.8893   2   0   0.0370    0.0402   0.1924  -0.0206   0.0524  -0.0184   0.00    1.2
2046 358461.000   34.211770738  117.136702689    39.7751   2   0   0.0370    0.0402   0.1918  -0.0206   0.0522  -0.0185   0.00    1.1
2046 358462.000   34.211770699  117.136754190    39.6654   2   0   0.0370    0.0401   0.1912  -0.0206   0.0519  -0.0186   0.00    1.1
2046 358463.000   34.211770175  117.136805200    39.5493   2   0   0.0370    0.0400   0.1907  -0.0206   0.0517  -0.0188   0.00    1.0
2046 358464.000   34.211769138  117.136855948    39.3275   2   0   0.0369    0.0400   0.1904  -0.0206   0.0517  -0.0188   0.00    1.0
2046 358465.000   34.211768314  117.136906102    39.2834   2   0   0.0369    0.0399   0.1890  -0.0205   0.0512  -0.0191   0.00    1.0
2046 358466.000   34.211768459  117.136955257    39.2565   2   0   0.0369    0.0398   0.1876  -0.0205   0.0507  -0.0193   0.00    1.1
2046 358467.000   34.211769514  117.137003081    39.2161   2   0   0.0368    0.0397   0.1862  -0.0205   0.0501  -0.0191   0.00    1.1
2046 358468.000   34.211770854  117.137049486    39.1027   2   0   0.0368    0.0397   0.1857  -0.0205   0.0500  -0.0192   0.00    1.4
2046 358469.000   34.211771431  117.137094836    38.9568   2   0   0.0368    0.0396   0.1852  -0.0205   0.0498  -0.0193   0.00    1.0
2046 358470.000   34.211771915  117.137139510    38.8610   2   0   0.0368    0.0396   0.1847  -0.0204   0.0496  -0.0194   0.00    1.0
2046 358471.000   34.211772413  117.137183551    38.7460   2   0   0.0367    0.0395   0.1842  -0.0204   0.0494  -0.0195   0.00    1.0
2046 358472.000   34.211772551  117.137227044    38.6648   2   0   0.0367    0.0395   0.1837  -0.0204   0.0492  -0.0196   0.00    1.0
2046 358473.000   34.211772310  117.137270021    38.5296   2   0   0.0367    0.0394   0.1832  -0.0204   0.0490  -0.0196   0.00    1.0
2046 358474.000   34.211772153  117.137312900    38.4566   2   0   0.0367    0.0393   0.1822  -0.0204   0.0485  -0.0196   0.00    1.0
2046 358475.000   34.211772117  117.137355529    38.3997   2   0   0.0367    0.0392   0.1813  -0.0204   0.0481  -0.0196   0.00    1.1
2046 358476.000   34.211772106  117.137398158    38.4469   2   0   0.0366    0.0391   0.1802  -0.0203   0.0475  -0.0197   0.00    1.1
2046 358477.000   34.211772081  117.137440123    38.4743   2   0   0.0366    0.0390   0.1792  -0.0203   0.0470  -0.0197   0.00    1.0
2046 358478.000   34.211771989  117.137481304    38.4738   2   0   0.0366    0.0389   0.1782  -0.0203   0.0466  -0.0197   0.00    1.0
2046 358479.000   34.211771855  117.137521988    38.4162   2   0   0.0366    0.0389   0.1778  -0.0203   0.0464  -0.0198   0.00    1.1
2046 358480.000   34.211771904  117.137561809    38.1309   2   0   0.0365    0.0389   0.1775  -0.0203   0.0465  -0.0199   0.00    1.0
2046 358481.000   34.211771919  117.137602792    38.1580   2   0   0.0365    0.0388   0.1765  -0.0202   0.0460  -0.0200   0.00    1.0
2046 358482.000   34.211771922  117.137644296    38.1520   2   0   0.0365    0.0386   0.1755  -0.0202   0.0455  -0.0200   0.00    1.3
2046 358483.000   34.211772218  117.137686289    38.1137   2   0   0.0365    0.0386   0.1746  -0.0202   0.0451  -0.0200   0.00    1.1
2046 358484.000   34.211772536  117.137728007    37.8476   2   0   0.0364    0.0385   0.1739  -0.0202   0.0449  -0.0201   0.00    1.1
2046 358485.000   34.211772516  117.137770115    37.2480   2   0   0.0365    0.0391   0.1767  -0.0205   0.0472  -0.0215   0.00    1.0
2046 358486.000   34.211771381  117.137814834    37.5977   2   0   0.0364    0.0384   0.1724  -0.0201   0.0441  -0.0199   0.00    1.0
2046 358487.000   34.211769963  117.137858835    37.4627   2   0   0.0364    0.0383   0.1716  -0.0201   0.0437  -0.0199   0.00    1.3
2046 358488.000   34.211768308  117.137903220    37.4068   2   0   0.0363    0.0382   0.1704  -0.0201   0.0434  -0.0200   0.00    1.0
2046 358489.000   34.211767084  117.137947815    37.3079   2   0   0.0363    0.0382   0.1695  -0.0200   0.0430  -0.0202   0.00    1.1
2046 358490.000   34.211766282  117.137992521    37.2540   2   0   0.0363    0.0381   0.1687  -0.0200   0.0429  -0.0205   0.00    1.0
2046 358491.000   34.211765624  117.138037166    37.2387   2   0   0.0362    0.0381   0.1681  -0.0200   0.0428  -0.0208   0.00    1.0
2046 358492.000   34.211765909  117.138081911    37.0558   2   0   0.0362    0.0380   0.1675  -0.0200   0.0424  -0.0205   0.00    1.2
2046 358493.000   34.211766850  117.138126575    36.9788   2   0   0.0362    0.0379   0.1668  -0.0199   0.0420  -0.0205   0.00    1.1
2046 358494.000   34.211767246  117.138171005    36.8569   2   0   0.0362    0.0379   0.1663  -0.0199   0.0418  -0.0206   0.00    1.2
2046 358495.000   34.211766897  117.138215348    36.7807   2   0   0.0362    0.0378   0.1654  -0.0199   0.0415  -0.0208   0.00    1.1
2046 358496.000   34.211766475  117.138259629    36.7189   2   0   0.0361    0.0377   0.1646  -0.0199   0.0412  -0.0210   0.00    1.2
2046 358497.000   34.211765774  117.138303665    36.6754   2   0   0.0361    0.0377   0.1639  -0.0199   0.0411  -0.0213   0.00    1.3
2046 358498.000   34.211763796  117.138347046    36.5927   2   0   0.0361    0.0377   0.1634  -0.0198   0.0410  -0.0216   0.00    1.7
2046 358499.000   34.211760506  117.138391190    36.6184   2   0   0.0360    0.0376   0.1629  -0.0198   0.0409  -0.0219   0.00    1.4
2046 358500.000   34.211757438  117.138436215    36.4811   2   0   0.0360    0.0376   0.1625  -0.0198   0.0409  -0.0222   0.00    1.2
2046 358501.000   34.211755281  117.138481305    36.4281   2   0   0.0360    0.0375   0.1617  -0.0197   0.0406  -0.0223   0.00    1.1
2046 358502.000   34.211754373  117.138526573    36.4309   2   0   0.0359    0.0375   0.1606  -0.0197   0.0403  -0.0222   0.00    1.1
2046 358503.000   34.211754571  117.138573758    36.3480   2   0   0.0359    0.0374   0.1599  -0.0196   0.0400  -0.0224   0.00    1.0
2046 358504.000   34.211755722  117.138621052    36.2845   2   0   0.0358    0.0373   0.1591  -0.0196   0.0398  -0.0225   0.00    1.0
2046 358505.000   34.211757554  117.138667959    36.2793   2   0   0.0358    0.0372   0.1583  -0.0195   0.0395  -0.0226   0.00    1.0
2046 358506.000   34.211759805  117.138715695    36.2637   2   0   0.0357    0.0371   0.1574  -0.0195   0.0392  -0.0226   0.00    1.0
2046 358507.000   34.211762093  117.138764681    36.2313   2   0   0.0357    0.0371   0.1565  -0.0194   0.0390  -0.0226   0.00    1.0
2046 358508.000   34.211763864  117.138813800    36.0329   2   0   0.0357    0.0371   0.1564  -0.0195   0.0388  -0.0225   0.00    1.5
2046 358509.000   34.211764815  117.138863179    35.9261   2   0   0.0357    0.0370   0.1559  -0.0194   0.0385  -0.0224   0.00    1.1
2046 358510.000   34.211765381  117.138912576    35.8645   2   0   0.0357    0.0369   0.1549  -0.0194   0.0381  -0.0223   0.00    1.1
2046 358511.000   34.211766319  117.138962177    35.7699   2   0   0.0356    0.0369   0.1544  -0.0194   0.0378  -0.0223   0.00    1.1
2046 358512.000   34.211768679  117.139012116    35.6960   2   0   0.0356    0.0368   0.1535  -0.0193   0.0373  -0.0220   0.00    1.1
2046 358513.000   34.211772820  117.139062334    35.6103   2   0   0.0356    0.0367   0.1530  -0.0193   0.0370  -0.0220   0.00    1.0
2046 358514.000   34.211778529  117.139112053    35.5401   2   0   0.0356    0.0367   0.1525  -0.0193   0.0368  -0.0220   0.00    1.2
2046 358515.000   34.211785541  117.139160865    35.4899   2   0   0.0356    0.0366   0.1520  -0.0193   0.0365  -0.0220   0.00    1.1
2046 358516.000   34.211793454  117.139208348    35.4612   2   0   0.0355    0.0366   0.1514  -0.0192   0.0363  -0.0221   0.00    1.0
2046 358517.000   34.211801664  117.139254603    35.4052   2   0   0.0355    0.0365   0.1509  -0.0192   0.0360  -0.0221   0.00    1.2
2046 358518.000   34.211810051  117.139299845    35.3728   2   0   0.0355    0.0365   0.1503  -0.0192   0.0358  -0.0222   0.00    1.0
2046 358519.000   34.211818472  117.139344690    35.2906   2   0   0.0358    0.0365   0.1500  -0.0195   0.0353  -0.0212   0.00    1.4
2046 358520.000   34.211827039  117.139389901    35.2397   2   0   0.0358    0.0365   0.1494  -0.0196   0.0350  -0.0210   0.00    1.1
2046 358521.000   34.211835560  117.139435765    35.1815   2   0   0.0358    0.0365   0.1486  -0.0196   0.0348  -0.0212   0.00    1.1
2046 358522.000   34.211844503  117.139481648    35.1488   2   0   0.0357    0.0364   0.1478  -0.0195   0.0347  -0.0214   0.00    1.0
2046 358523.000   34.211853668  117.139527052    35.1498   2   0   0.0357    0.0364   0.1470  -0.0195   0.0344  -0.0216   0.00    1.0
2046 358524.000   34.211863382  117.139574157    35.0909   2   0   0.0356    0.0363   0.1466  -0.0195   0.0343  -0.0217   0.00    1.1
2046 358525.000   34.211873462  117.139622818    34.9836   2   0   0.0356    0.0363   0.1463  -0.0195   0.0341  -0.0217   0.00    1.2
2046 358526.000   34.211884118  117.139671221    34.9182   2   0   0.0356    0.0362   0.1457  -0.0194   0.0338  -0.0218   0.00    1.0
2046 358527.000   34.211895197  117.139719380    34.8526   2   0   0.0356    0.0362   0.1452  -0.0194   0.0337  -0.0219   0.00    1.2
2046 358528.000   34.211906834  117.139767121    34.8697   2   0   0.0355    0.0361   0.1443  -0.0194   0.0334  -0.0220   0.00    1.2
2046 358529.000   34.211918798  117.139814355    34.8507   2   0   0.0356    0.0361   0.1440  -0.0193   0.0333  -0.0218   0.00    1.0
2046 358530.000   34.211931552  117.139861286    34.7756   2   0   0.0355    0.0361   0.1434  -0.0193   0.0331  -0.0216   0.00    1.1
2046 358531.000   34.211945042  117.139907640    34.7242   2   0   0.0355    0.0360   0.1428  -0.0193   0.0328  -0.0215   0.00    1.2
2046 358532.000   34.211959177  117.139954141    34.7224   2   0   0.0355    0.0360   0.1425  -0.0192   0.0326  -0.0216   0.00    1.1
2046 358533.000   34.211974015  117.140001228    34.6575   2   0   0.0355    0.0360   0.1421  -0.0192   0.0324  -0.0216   0.00    1.0
2046 358534.000   34.211989338  117.140048056    34.6430   2   0   0.0355    0.0359   0.1418  -0.0191   0.0322  -0.0216   0.00    1.3
2046 358535.000   34.212004501  117.140095333    34.5348   2   0   0.0355    0.0359   0.1414  -0.0191   0.0320  -0.0216   0.00    1.0
2046 358536.000   34.212020441  117.140142572    34.5018   2   0   0.0355    0.0359   0.1410  -0.0191   0.0318  -0.0216   0.00    1.1
2046 358537.000   34.212037466  117.140189339    34.4844   2   0   0.0355    0.0358   0.1405  -0.0190   0.0316  -0.0215   0.00    1.1
2046 358538.000   34.212055782  117.140235517    34.4609   2   0   0.0355    0.0358   0.1400  -0.0190   0.0314  -0.0214   0.00    1.1
2046 358539.000   34.212075535  117.140280842    34.5903   2   0   0.0357    0.0360   0.1402  -0.0195   0.0304  -0.0201   0.00    1.0
2046 358540.000   34.212096296  117.140325492    34.5828   2   0   0.0358    0.0361   0.1397  -0.0196   0.0301  -0.0199   0.00    1.3
2046 358541.000   34.212118779  117.140368735    34.5924   2   0   0.0358    0.0362   0.1393  -0.0197   0.0298  -0.0196   0.00    1.4
2046 358542.000   34.212143062  117.140410855    34.5661   2   0   0.0358    0.0361   0.1384  -0.0197   0.0299  -0.0201   0.00    1.2
2046 358543.000   34.212167748  117.140452568    34.5268   2   0   0.0357    0.0361   0.1378  -0.0196   0.0298  -0.0201   0.00    1.1
2046 358544.000   34.212192080  117.140494187    34.5298   2   0   0.0357    0.0360   0.1371  -0.0196   0.0296  -0.0200   0.00    1.0
2046 358545.000   34.212215261  117.140536250    34.5425   2   0   0.0357    0.0360   0.1365  -0.0195   0.0294  -0.0199   0.00    1.0
2046 358546.000   34.212238695  117.140577298    34.5870   2   0   0.0357    0.0360   0.1360  -0.0195   0.0292  -0.0198   0.00    1.2
2046 358547.000   34.212262774  117.140617893    34.5441   2   0   0.0357    0.0359   0.1358  -0.0195   0.0292  -0.0199   0.00    1.0
2046 358548.000   34.212288084  117.140658708    34.5058   2   0   0.0357    0.0359   0.1353  -0.0195   0.0290  -0.0198   0.00    1.0
2046 358549.000   34.212314019  117.140698647    34.5031   2   0   0.0356    0.0359   0.1349  -0.0194   0.0288  -0.0197   0.00    1.1
2046 358550.000   34.212340725  117.140736810    34.5662   2   0   0.0356    0.0358   0.1344  -0.0194   0.0287  -0.0196   0.00    1.2
2046 358551.000   34.212367634  117.140774073    34.6279   2   0   0.0356    0.0358   0.1340  -0.0194   0.0285  -0.0195   0.00    1.1
2046 358552.000   34.212395126  117.140812049    34.6381   2   0   0.0356    0.0358   0.1336  -0.0194   0.0283  -0.0195   0.00    1.0
2046 358553.000   34.212423052  117.140849952    34.7145   2   0   0.0356    0.0357   0.1332  -0.0193   0.0282  -0.0194   0.00    1.0
2046 358554.000   34.212451030  117.140887569    34.7457   2   0   0.0356    0.0357   0.1327  -0.0193   0.0280  -0.0194   0.00    1.2
2046 358555.000   34.212478746  117.140924921    34.7634   2   0   0.0355    0.0357   0.1322  -0.0193   0.0279  -0.0193   0.00    1.0
2046 358556.000   34.212506353  117.140961998    34.7469   2   0   0.0355    0.0356   0.1319  -0.0193   0.0277  -0.0192   0.00    1.0
2046 358557.000   34.212533997  117.140998852    34.7553   2   0   0.0355    0.0356   0.1315  -0.0192   0.0275  -0.0191   0.00    1.3
2046 358558.000   34.212562022  117.141035373    34.7821   2   0   0.0355    0.0356   0.1310  -0.0192   0.0274  -0.0192   0.00    1.2
2046 358559.000   34.212590232  117.141071142    34.8199   2   0   0.0355    0.0355   0.1306  -0.0191   0.0273  -0.0191   0.00    1.1
2046 358560.000   34.212617954  117.141106168    34.9191   2   0   0.0354    0.0355   0.1298  -0.0191   0.0272  -0.0192   0.00    1.1
2046 358561.000   34.212645960  117.141139991    34.8667   2   0   0.0354    0.0355   0.1293  -0.0191   0.0271  -0.0193   0.00    1.1
2046 358562.000   34.212674641  117.141172576    34.9197   2   0   0.0354    0.0354   0.1288  -0.0190   0.0270  -0.0194   0.00    1.2
2046 358563.000   34.212704093  117.141204584    35.0068   2   0   0.0353    0.0354   0.1283  -0.0190   0.0269  -0.0194   0.00    1.1
2046 358564.000   34.212734869  117.141235309    35.0852   2   0   0.0353    0.0353   0.1278  -0.0189   0.0268  -0.0195   0.00    1.1
2046 358565.000   34.212765561  117.141266145    35.0733   2   0   0.0353    0.0353   0.1280  -0.0189   0.0267  -0.0193   0.00    1.2
2046 358566.000   34.212795936  117.141297828    35.0809   2   0   0.0353    0.0353   0.1276  -0.0189   0.0266  -0.0192   0.00    1.0
2046 358567.000   34.212827228  117.141328800    35.1681   2   0   0.0353    0.0352   0.1272  -0.0188   0.0265  -0.0192   0.00    1.0
2046 358568.000   34.212859057  117.141358975    35.2092   2   0   0.0352    0.0352   0.1268  -0.0188   0.0263  -0.0192   0.00    1.1
2046 358569.000   34.212891206  117.141388893    35.2170   2   0   0.0352    0.0352   0.1266  -0.0188   0.0263  -0.0191   0.00    1.2
2046 358570.000   34.212924147  117.141418270    35.3135   2   0   0.0352    0.0352   0.1262  -0.0187   0.0262  -0.0191   0.00    1.0
2046 358571.000   34.212956034  117.141445641    35.4097   2   0   0.0353    0.0359   0.1310  -0.0191   0.0308  -0.0212   0.00    1.0
2046 358572.000   34.212987001  117.141470627    35.4992   2   0   0.0352    0.0357   0.1298  -0.0191   0.0302  -0.0211   0.00    1.3
2046 358573.000   34.213017461  117.141494382    35.5702   2   0   0.0353    0.0360   0.1292  -0.0186   0.0300  -0.0211   0.00    1.1
2046 358574.000   34.213046014  117.141514778    35.6446   2   0   0.0352    0.0357   0.1287  -0.0188   0.0299  -0.0211   0.00    1.2
2046 358575.000   34.213073675  117.141534645    35.7134   2   0   0.0352    0.0357   0.1283  -0.0188   0.0297  -0.0213   0.00    1.0
2046 358576.000   34.213101392  117.141554035    35.8312   2   0   0.0353    0.0357   0.1284  -0.0187   0.0300  -0.0220   0.00    1.0
2046 358577.000   34.213131295  117.141573768    36.1345   2   0   0.0352    0.0357   0.1288  -0.0188   0.0301  -0.0217   0.00    1.0
2046 358578.000   34.213162892  117.141593079    36.1026   2   0   0.0352    0.0365   0.1329  -0.0191   0.0340  -0.0229   0.00    1.0
2046 358579.000   34.213194597  117.141612661    36.2791   2   0   0.0352    0.0363   0.1319  -0.0190   0.0334  -0.0226   0.00    1.2
2046 358580.000   34.213227352  117.141631868    36.2120   2   0   0.0351    0.0367   0.1331  -0.0192   0.0348  -0.0233   0.00    1.1
2046 358581.000   34.213259140  117.141651351    36.3489   2   0   0.0351    0.0365   0.1323  -0.0191   0.0343  -0.0231   0.00    1.0
2046 358582.000   34.213289943  117.141670478    36.4853   2   0   0.0351    0.0364   0.1319  -0.0191   0.0341  -0.0231   0.00    1.1
2046 358583.000   34.213320687  117.141688951    36.6048   2   0   0.0351    0.0364   0.1317  -0.0191   0.0341  -0.0232   0.00    1.0
2046 358584.000   34.213351928  117.141707226    36.8366   2   0   0.0351    0.0364   0.1319  -0.0191   0.0342  -0.0233   0.00    1.0
2046 358585.000   34.213383180  117.141725693    36.9978   2   0   0.0350    0.0364   0.1316  -0.0191   0.0343  -0.0235   0.00    1.2
2046 358586.000   34.213413803  117.141744619    37.1332   2   0   0.0350    0.0363   0.1313  -0.0191   0.0344  -0.0236   0.00    1.1
2046 358587.000   34.213444526  117.141763679    37.2311   2   0   0.0350    0.0363   0.1309  -0.0190   0.0343  -0.0236   0.00    1.1
2046 358588.000   34.213474960  117.141783228    37.4108   2   0   0.0350    0.0363   0.1309  -0.0191   0.0345  -0.0239   0.00    1.0
2046 358589.000   34.213505649  117.141802664    37.5309   2   0   0.0349    0.0363   0.1307  -0.0191   0.0347  -0.0240   0.00    1.0
2046 358590.000   34.213536719  117.141821916    37.5890   2   0   0.0349    0.0366   0.1310  -0.0193   0.0356  -0.0245   0.00    1.1
2046 358591.000   34.213567465  117.141841595    37.7089   2   0   0.0349    0.0366   0.1308  -0.0193   0.0355  -0.0247   0.00    1.0
2046 358592.000   34.213599281  117.141861356    37.7909   2   0   0.0349    0.0368   0.1309  -0.0194   0.0361  -0.0250   0.00    1.0
2046 358593.000   34.213631922  117.141882106    37.9116   2   0   0.0348    0.0366   0.1304  -0.0192   0.0357  -0.0248   0.00    1.0
2046 358594.000   34.213663623  117.141903218    37.8813   2   0   0.0349    0.0372   0.1352  -0.0195   0.0388  -0.0259   0.00    1.1
2046 358595.000   34.213694729  117.141924661    37.8968   2   0   0.0349    0.0374   0.1367  -0.0196   0.0399  -0.0264   0.00    1.0
2046 358596.000   34.213725305  117.141946007    37.9264   2   0   0.0349    0.0376   0.1378  -0.0197   0.0406  -0.0267   0.00    1.0
2046 358597.000   34.213755301  117.141967776    37.5173   2   0   0.0351    0.0373   0.1371  -0.0196   0.0390  -0.0247   0.00    1.1
2046 358598.000   34.213786134  117.141990527    37.3766   2   0   0.0352    0.0372   0.1365  -0.0197   0.0385  -0.0244   0.00    1.1
2046 358599.000   34.213816037  117.142012544    37.3324   2   0   0.0352    0.0372   0.1360  -0.0197   0.0381  -0.0240   0.00    1.1
2046 358600.000   34.213845487  117.142033734    37.3269   2   0   0.0352    0.0371   0.1354  -0.0198   0.0376  -0.0237   0.00    1.3
2046 358601.000   34.213874348  117.142054749    37.4037   2   0   0.0352    0.0371   0.1351  -0.0198   0.0373  -0.0238   0.00    1.1
2046 358602.000   34.213902996  117.142075813    37.4267   2   0   0.0352    0.0371   0.1348  -0.0199   0.0370  -0.0237   0.00    1.0
2046 358603.000   34.213931471  117.142096437    37.4658   2   0   0.0353    0.0370   0.1345  -0.0199   0.0369  -0.0239   0.00    1.0
2046 358604.000   34.213958292  117.142116549    37.4586   2   0   0.0353    0.0370   0.1340  -0.0200   0.0365  -0.0236   0.00    1.1
2046 358605.000   34.213983812  117.142135722    37.4494   2   0   0.0353    0.0370   0.1334  -0.0200   0.0362  -0.0236   0.00    1.0
2046 358606.000   34.214011317  117.142155111    37.4272   2   0   0.0353    0.0369   0.1332  -0.0199   0.0362  -0.0238   0.00    1.1
2046 358607.000   34.214039644  117.142175123    37.3032   2   0   0.0354    0.0370   0.1331  -0.0200   0.0359  -0.0237   0.00    1.1
2046 358608.000   34.214066463  117.142193971    37.3366   2   0   0.0354    0.0369   0.1329  -0.0201   0.0358  -0.0235   0.00    1.1
2046 358609.000   34.214092912  117.142212137    37.2808   2   0   0.0354    0.0369   0.1327  -0.0201   0.0357  -0.0235   0.00    1.1
2046 358610.000   34.214120674  117.142230702    37.2768   2   0   0.0355    0.0369   0.1324  -0.0200   0.0356  -0.0235   0.00    1.6
2046 358611.000   34.214150085  117.142250189    37.2808   2   0   0.0354    0.0369   0.1322  -0.0199   0.0355  -0.0237   0.00    1.2
2046 358612.000   34.214178094  117.142270098    37.2200   2   0   0.0354    0.0368   0.1322  -0.0198   0.0355  -0.0239   0.00    1.1
2046 358613.000   34.214204350  117.142291048    37.0839   2   0   0.0357    0.0370   0.1320  -0.0202   0.0352  -0.0237   0.00    1.1
2046 358614.000   34.214226910  117.142313143    37.1155   2   0   0.0355    0.0369   0.1315  -0.0201   0.0350  -0.0234   0.00    1.5
2046 358615.000   34.214247918  117.142337178    37.0572   2   0   0.0354    0.0368   0.1310  -0.0200   0.0349  -0.0235   0.00    1.1
2046 358616.000   34.214268411  117.142360675    36.9807   2   0   0.0355    0.0368   0.1304  -0.0201   0.0345  -0.0231   0.00    1.0
2046 358617.000   34.214288559  117.142382759    36.9570   2   0   0.0353    0.0366   0.1298  -0.0199   0.0344  -0.0231   0.00    1.0
2046 358618.000   34.214307510  117.142404175    36.9094   2   0   0.0353    0.0365   0.1289  -0.0198   0.0340  -0.0229   0.00    1.1
2046 358619.000   34.214325561  117.142424178    36.8674   2   0   0.0352    0.0364   0.1282  -0.0197   0.0337  -0.0227   0.00    1.1
2046 358620.000   34.214344888  117.142441381    36.8421   2   0   0.0361    0.0367   0.1276  -0.0206   0.0332  -0.0223   0.00    1.1
2046 358621.000   34.214367789  117.142457098    36.8465   2   0   0.0385    0.0372   0.1271  -0.0226   0.0330  -0.0220   0.00    1.0
2046 358622.000   34.214389223  117.142476734    36.7796   2   0   0.0357    0.0365   0.1271  -0.0202   0.0332  -0.0227   0.00    1.0
2046 358623.000   34.214414693  117.142495848    36.7296   2   0   0.0363    0.0366   0.1265  -0.0207   0.0321  -0.0203   0.00    1.1
2046 358624.000   34.214439736  117.142518751    36.7130   2   0   0.0357    0.0363   0.1263  -0.0201   0.0328  -0.0223   0.00    1.1
2046 358625.000   34.214467882  117.142540620    36.5775   2   0   0.0356    0.0364   0.1258  -0.0200   0.0327  -0.0221   0.00    1.1
2046 358626.000   34.214496242  117.142563679    36.5557   2   0   0.0356    0.0363   0.1253  -0.0200   0.0326  -0.0222   0.00    1.0
2046 358627.000   34.214524837  117.142589276    36.5275   2   0   0.0356    0.0363   0.1248  -0.0199   0.0325  -0.0222   0.00    1.0
2046 358628.000   34.214553209  117.142616502    36.5392   2   0   0.0356    0.0362   0.1244  -0.0199   0.0324  -0.0222   0.00    1.1
2046 358629.000   34.214581179  117.142644682    36.4484   2   0   0.0355    0.0362   0.1241  -0.0199   0.0323  -0.0222   0.00    1.0
2046 358630.000   34.214608592  117.142673744    36.4068   2   0   0.0355    0.0361   0.1238  -0.0198   0.0323  -0.0223   0.00    1.2
2046 358631.000   34.214635941  117.142703066    36.4707   2   0   0.0355    0.0361   0.1234  -0.0198   0.0322  -0.0223   0.00    1.0
2046 358632.000   34.214663033  117.142732365    36.1795   2   0   0.0354    0.0360   0.1235  -0.0197   0.0321  -0.0221   0.00    1.1
2046 358633.000   34.214689794  117.142762624    36.1900   2   0   0.0354    0.0364   0.1245  -0.0200   0.0335  -0.0230   0.00    1.0
2046 358634.000   34.214716348  117.142793000    36.1757   2   0   0.0355    0.0369   0.1286  -0.0202   0.0363  -0.0241   0.00    1.1
2046 358635.000   34.214741861  117.142823798    35.8914   2   0   0.0355    0.0371   0.1302  -0.0203   0.0375  -0.0246   0.00    1.0
2046 358636.000   34.214766529  117.142855232    35.7888   2   0   0.0355    0.0373   0.1315  -0.0205   0.0385  -0.0250   0.00    1.1
2046 358637.000   34.214790522  117.142886396    35.6594   2   0   0.0355    0.0375   0.1324  -0.0205   0.0393  -0.0253   0.00    1.0
2046 358638.000   34.214814170  117.142917544    35.5361   2   0   0.0355    0.0375   0.1323  -0.0206   0.0394  -0.0255   0.00    1.2
2046 358639.000   34.214838060  117.142948015    35.3946   2   0   0.0355    0.0377   0.1341  -0.0207   0.0406  -0.0259   0.00    1.0
2046 358640.000   34.214861542  117.142978390    35.2706   2   0   0.0354    0.0379   0.1349  -0.0208   0.0412  -0.0262   0.00    1.2
2046 358641.000   34.214884087  117.143008924    35.1920   2   0   0.0354    0.0380   0.1356  -0.0208   0.0417  -0.0265   0.00    1.1
2046 358642.000   34.214904839  117.143040257    35.1772   2   0   0.0354    0.0378   0.1343  -0.0207   0.0410  -0.0261   0.00    1.1
2046 358643.000   34.214924218  117.143071788    35.0303   2   0   0.0354    0.0377   0.1336  -0.0207   0.0405  -0.0259   0.00    1.1
2046 358644.000   34.214943446  117.143102844    34.9498   2   0   0.0353    0.0376   0.1330  -0.0207   0.0402  -0.0258   0.00    1.1
2046 358645.000   34.214962467  117.143134227    34.8588   2   0   0.0353    0.0375   0.1325  -0.0206   0.0399  -0.0257   0.00    1.2
2046 358646.000   34.214982187  117.143166363    34.8169   2   0   0.0353    0.0375   0.1320  -0.0206   0.0396  -0.0256   0.00    1.2
2046 358647.000   34.215003860  117.143200077    34.7200   2   0   0.0353    0.0381   0.1360  -0.0209   0.0425  -0.0269   0.00    1.1
2046 358648.000   34.215026164  117.143233810    34.4131   2   0   0.0353    0.0383   0.1371  -0.0211   0.0433  -0.0273   0.00    1.0
2046 358649.000   34.215048714  117.143267690    34.2916   2   0   0.0353    0.0384   0.1380  -0.0211   0.0439  -0.0276   0.00    1.0
2046 358650.000   34.215071120  117.143301636    34.1872   2   0   0.0353    0.0386   0.1388  -0.0212   0.0445  -0.0279   0.00    1.0
2046 358651.000   34.215093327  117.143335525    34.0253   2   0   0.0353    0.0387   0.1395  -0.0213   0.0450  -0.0282   0.00    1.0
2046 358652.000   34.215115279  117.143369323    33.9131   2   0   0.0353    0.0388   0.1402  -0.0214   0.0455  -0.0284   0.00    1.0
2046 358653.000   34.215136975  117.143402799    33.7574   2   0   0.0353    0.0389   0.1408  -0.0214   0.0460  -0.0287   0.00    1.1
2046 358654.000   34.215158602  117.143436309    33.6474   2   0   0.0353    0.0390   0.1414  -0.0215   0.0464  -0.0289   0.00    1.1
2046 358655.000   34.215180137  117.143469874    33.5457   2   0   0.0353    0.0391   0.1419  -0.0216   0.0468  -0.0291   0.00    1.0
2046 358656.000   34.215201485  117.143503591    33.4594   2   0   0.0353    0.0392   0.1425  -0.0216   0.0472  -0.0293   0.00    1.1
2046 358657.000   34.215222964  117.143536942    33.2861   2   0   0.0353    0.0393   0.1429  -0.0217   0.0476  -0.0295   0.00    1.0
2046 358658.000   34.215244436  117.143570288    33.2135   2   0   0.0353    0.0390   0.1414  -0.0215   0.0467  -0.0290   0.00    1.0
2046 358659.000   34.215265416  117.143603807    33.1390   2   0   0.0352    0.0389   0.1405  -0.0215   0.0461  -0.0287   0.00    1.0
2046 358660.000   34.215285479  117.143638052    33.0757   2   0   0.0352    0.0388   0.1397  -0.0214   0.0457  -0.0285   0.00    1.2
2046 358661.000   34.215305486  117.143672494    33.0162   2   0   0.0352    0.0387   0.1391  -0.0213   0.0454  -0.0283   0.00    1.1
2046 358662.000   34.215326250  117.143706489    32.9105   2   0   0.0352    0.0387   0.1388  -0.0214   0.0452  -0.0283   0.00    1.1
2046 358663.000   34.215347495  117.143741586    32.8533   2   0   0.0351    0.0386   0.1383  -0.0213   0.0450  -0.0282   0.00    1.0
2046 358664.000   34.215369356  117.143776919    32.8005   2   0   0.0351    0.0385   0.1377  -0.0213   0.0447  -0.0281   0.00    1.2
2046 358665.000   34.215392443  117.143811254    32.7017   2   0   0.0351    0.0384   0.1371  -0.0212   0.0444  -0.0280   0.00    1.1
2046 358666.000   34.215416586  117.143844586    32.6534   2   0   0.0350    0.0383   0.1365  -0.0212   0.0441  -0.0279   0.00    1.2
2046 358667.000   34.215441395  117.143876818    32.6453   2   0   0.0350    0.0382   0.1357  -0.0211   0.0438  -0.0278   0.00    1.0
2046 358668.000   34.215466757  117.143908535    32.6465   2   0   0.0350    0.0382   0.1352  -0.0211   0.0436  -0.0279   0.00    1.2
2046 358669.000   34.215492542  117.143939670    32.6138   2   0   0.0350    0.0382   0.1351  -0.0210   0.0434  -0.0277   0.00    1.0
2046 358670.000   34.215519686  117.143970985    32.6546   2   0   0.0350    0.0381   0.1346  -0.0210   0.0432  -0.0276   0.00    1.0
2046 358671.000   34.215546206  117.144002768    32.6588   2   0   0.0352    0.0383   0.1349  -0.0213   0.0425  -0.0267   0.00    1.0
2046 358672.000   34.215573240  117.144034506    32.6167   2   0   0.0352    0.0382   0.1340  -0.0212   0.0424  -0.0269   0.00    1.0
2046 358673.000   34.215600616  117.144066313    32.6375   2   0   0.0352    0.0385   0.1358  -0.0214   0.0437  -0.0277   0.00    1.2
2046 358674.000   34.215627968  117.144098363    32.6005   2   0   0.0352    0.0387   0.1365  -0.0214   0.0443  -0.0280   0.00    1.0
2046 358675.000   34.215655148  117.144130413    32.5472   2   0   0.0351    0.0385   0.1356  -0.0213   0.0438  -0.0279   0.00    1.1
2046 358676.000   34.215682492  117.144161364    32.5647   2   0   0.0351    0.0384   0.1354  -0.0213   0.0437  -0.0278   0.00    1.1
2046 358677.000   34.215710858  117.144191067    32.5587   2   0   0.0351    0.0384   0.1350  -0.0212   0.0434  -0.0276   0.00    1.3
2046 358678.000   34.215740205  117.144219815    32.5165   2   0   0.0350    0.0383   0.1346  -0.0212   0.0432  -0.0275   0.00    1.0
2046 358679.000   34.215771642  117.144248041    32.5005   2   0   0.0350    0.0382   0.1341  -0.0212   0.0429  -0.0274   0.00    1.0
2046 358680.000   34.215804060  117.144276261    32.5779   2   0   0.0350    0.0382   0.1337  -0.0211   0.0427  -0.0273   0.00    1.1
2046 358681.000   34.215836082  117.144304290    32.5359   2   0   0.0350    0.0381   0.1334  -0.0210   0.0426  -0.0272   0.00    1.2
2046 358682.000   34.215866810  117.144332830    32.5503   2   0   0.0350    0.0381   0.1332  -0.0210   0.0424  -0.0271   0.00    1.1
2046 358683.000   34.215896647  117.144361948    32.5614   2   0   0.0350    0.0380   0.1326  -0.0209   0.0421  -0.0269   0.00    1.1
2046 358684.000   34.215926393  117.144390833    32.5300   2   0   0.0350    0.0380   0.1321  -0.0209   0.0418  -0.0267   0.00    1.1
2046 358685.000   34.215956257  117.144418925    32.5174   2   0   0.0350    0.0379   0.1319  -0.0209   0.0417  -0.0268   0.00    1.0
2046 358686.000   34.215986133  117.144446966    32.5742   2   0   0.0349    0.0379   0.1315  -0.0208   0.0415  -0.0267   0.00    1.0
2046 358687.000   34.216015661  117.144475500    32.4979   2   0   0.0350    0.0386   0.1360  -0.0212   0.0445  -0.0283   0.00    1.0
2046 358688.000   34.216045204  117.144504083    32.5445   2   0   0.0350    0.0384   0.1351  -0.0212   0.0440  -0.0281   0.00    1.0
2046 358689.000   34.216074157  117.144531919    32.6537   2   0   0.0350    0.0389   0.1379  -0.0215   0.0459  -0.0289   0.00    1.0
2046 358690.000   34.216102107  117.144558634    32.6386   2   0   0.0350    0.0391   0.1391  -0.0216   0.0467  -0.0293   0.00    1.1
2046 358691.000   34.216128693  117.144584241    32.5154   2   0   0.0350    0.0392   0.1392  -0.0216   0.0469  -0.0295   0.00    1.1
2046 358692.000   34.216154236  117.144609108    32.6167   2   0   0.0350    0.0390   0.1382  -0.0215   0.0463  -0.0294   0.00    1.1
2046 358693.000   34.216178914  117.144632379    32.6893   2   0   0.0349    0.0389   0.1377  -0.0215   0.0461  -0.0294   0.00    1.0
2046 358694.000   34.216202837  117.144653851    32.7538   2   0   0.0349    0.0388   0.1373  -0.0215   0.0460  -0.0295   0.00    1.1
2046 358695.000   34.216225817  117.144674019    32.8377   2   0   0.0349    0.0388   0.1371  -0.0215   0.0460  -0.0295   0.00    1.1
2046 358696.000   34.216249709  117.144695120    32.9159   2   0   0.0349    0.0388   0.1368  -0.0215   0.0460  -0.0296   0.00    1.1
2046 358697.000   34.216275033  117.144718130    33.1135   2   0   0.0349    0.0388   0.1371  -0.0215   0.0460  -0.0297   0.00    1.1
2046 358698.000   34.216300679  117.144741976    33.1133   2   0   0.0348    0.0387   0.1364  -0.0215   0.0459  -0.0297   0.00    1.1
2046 358699.000   34.216327054  117.144766866    33.1180   2   0   0.0348    0.0387   0.1359  -0.0214   0.0458  -0.0298   0.00    1.1
2046 358700.000   34.216354341  117.144792236    33.1207   2   0   0.0348    0.0386   0.1354  -0.0214   0.0456  -0.0297   0.00    1.1
2046 358701.000   34.216380838  117.144816064    33.0427   2   0   0.0347    0.0386   0.1349  -0.0214   0.0455  -0.0298   0.00    1.0
2046 358702.000   34.216406446  117.144839792    33.1187   2   0   0.0347    0.0385   0.1343  -0.0213   0.0453  -0.0297   0.00    1.0
2046 358703.000   34.216432476  117.144864404    33.0862   2   0   0.0349    0.0385   0.1343  -0.0215   0.0448  -0.0292   0.00    1.0
2046 358704.000   34.216460767  117.144888300    31.8121   2   0   0.0350    0.0395   0.1462  -0.0214   0.0500  -0.0282   0.00    1.4
2046 358705.000   34.216490080  117.144913970    31.6655   2   0   0.0349    0.0396   0.1458  -0.0216   0.0503  -0.0292   0.00    1.2
2046 358706.000   34.216519028  117.144939952    31.7632   2   0   0.0349    0.0398   0.1461  -0.0218   0.0508  -0.0298   0.00    1.1
2046 358707.000   34.216547507  117.144965738    31.9752   2   0   0.0349    0.0400   0.1470  -0.0219   0.0514  -0.0302   0.00    1.5
2046 358708.000   34.216574902  117.144991389    31.9148   2   0   0.0349    0.0401   0.1478  -0.0219   0.0520  -0.0306   0.00    1.0
2046 358709.000   34.216601577  117.145017772    32.1080   2   0   0.0349    0.0399   0.1468  -0.0219   0.0513  -0.0303   0.00    1.9
2046 358710.000   34.216628093  117.145043228    32.0463   2   0   0.0349    0.0403   0.1488  -0.0221   0.0527  -0.0311   0.00    1.1
2046 358711.000   34.216654629  117.145068903    32.2105   2   0   0.0349    0.0401   0.1477  -0.0220   0.0521  -0.0309   0.00    1.0
2046 358712.000   34.216681222  117.145094315    32.4042   2   0   0.0349    0.0400   0.1472  -0.0219   0.0518  -0.0308   0.00    1.0
2046 358713.000   34.216708081  117.145118371    32.0969   2   0   0.0348    0.0400   0.1467  -0.0219   0.0517  -0.0306   0.00    1.1
2046 358714.000   34.216734589  117.145143390    32.1761   2   0   0.0348    0.0399   0.1465  -0.0219   0.0515  -0.0306   0.00    1.1
2046 358715.000   34.216760906  117.145168543    32.4104   2   0   0.0348    0.0399   0.1468  -0.0219   0.0516  -0.0308   0.00    1.2
2046 358716.000   34.216787152  117.145193594    32.5915   2   0   0.0348    0.0399   0.1467  -0.0219   0.0516  -0.0308   0.00    1.2
2046 358717.000   34.216813532  117.145217854    32.4195   2   0   0.0348    0.0406   0.1501  -0.0223   0.0539  -0.0318   0.00    1.2
2046 358718.000   34.216839551  117.145243344    32.4468   2   0   0.0350    0.0404   0.1500  -0.0223   0.0533  -0.0310   0.00    1.0
2046 358719.000   34.216867858  117.145273326    34.1435   2   0   0.0538    0.1174   0.5410   0.0633   0.2451   0.1422   0.00    0.0
2046 358720.000   34.216893090  117.145294151    32.2758   2   0   0.0352    0.0414   0.1582  -0.0217   0.0570  -0.0285   0.00    1.1
2046 358721.000   34.216919996  117.145319198    32.1690   2   0   0.0351    0.0411   0.1551  -0.0219   0.0561  -0.0298   0.00    1.0
2046 358722.000   34.216947793  117.145343391    32.0959   2   0   0.0350    0.0410   0.1542  -0.0219   0.0557  -0.0300   0.00    1.1
2046 358723.000   34.216975744  117.145367755    32.0934   2   0   0.0350    0.0409   0.1535  -0.0219   0.0554  -0.0301   0.00    1.0
2046 358724.000   34.217003390  117.145392686    32.0757   2   0   0.0349    0.0408   0.1526  -0.0219   0.0550  -0.0301   0.00    1.2
2046 358725.000   34.217030638  117.145418554    32.1026   2   0   0.0349    0.0407   0.1517  -0.0218   0.0546  -0.0300   0.00    1.2
2046 358726.000   34.217058010  117.145444812    32.0832   2   0   0.0348    0.0405   0.1509  -0.0218   0.0543  -0.0300   0.00    1.0
2046 358727.000   34.217084999  117.145471299    32.1384   2   0   0.0349    0.0407   0.1508  -0.0220   0.0546  -0.0305   0.00    1.0
2046 358728.000   34.217111743  117.145497503    32.0845   2   0   0.0349    0.0412   0.1545  -0.0222   0.0565  -0.0314   0.00    1.3
2046 358729.000   34.217138416  117.145523526    32.1336   2   0   0.0349    0.0414   0.1557  -0.0224   0.0572  -0.0318   0.00    1.1
2046 358730.000   34.217166090  117.145548262    32.0896   2   0   0.0349    0.0416   0.1564  -0.0225   0.0578  -0.0321   0.00    1.0
2046 358731.000   34.217195899  117.145571866    32.1835   2   0   0.0349    0.0414   0.1552  -0.0224   0.0570  -0.0318   0.00    1.0
2046 358732.000   34.217226629  117.145593517    32.2925   2   0   0.0348    0.0412   0.1546  -0.0223   0.0567  -0.0316   0.00    1.0
2046 358733.000   34.217257848  117.145614410    32.2444   2   0   0.0349    0.0418   0.1576  -0.0226   0.0585  -0.0327   0.00    1.2
2046 358734.000   34.217289981  117.145636752    32.3410   2   0   0.0349    0.0416   0.1565  -0.0225   0.0579  -0.0324   0.00    1.1
2046 358735.000   34.217321538  117.145660124    32.5606   2   0   0.0348    0.0415   0.1562  -0.0225   0.0577  -0.0325   0.00    1.1
2046 358736.000   34.217352762  117.145683235    32.7160   2   0   0.0348    0.0415   0.1559  -0.0225   0.0576  -0.0325   0.00    1.0
2046 358737.000   34.217384184  117.145705754    32.8206   2   0   0.0348    0.0415   0.1554  -0.0225   0.0576  -0.0326   0.00    1.2
2046 358738.000   34.217415855  117.145726325    32.8798   2   0   0.0348    0.0417   0.1555  -0.0227   0.0580  -0.0330   0.00    1.0
2046 358739.000   34.217447307  117.145746707    33.0521   2   0   0.0348    0.0416   0.1550  -0.0226   0.0579  -0.0331   0.00    1.1
2046 358740.000   34.217478628  117.145767277    33.2506   2   0   0.0348    0.0416   0.1546  -0.0226   0.0578  -0.0331   0.00    1.1
2046 358741.000   34.217510030  117.145787365    33.3807   2   0   0.0348    0.0415   0.1542  -0.0226   0.0577  -0.0332   0.00    1.1
2046 358742.000   34.217541858  117.145806780    33.5854   2   0   0.0348    0.0415   0.1549  -0.0226   0.0577  -0.0332   0.00    1.2
2046 358743.000   34.217573496  117.145826212    33.7012   2   0   0.0347    0.0415   0.1551  -0.0226   0.0577  -0.0334   0.00    1.2
2046 358744.000   34.217605220  117.145844747    33.8367   2   0   0.0347    0.0415   0.1552  -0.0226   0.0577  -0.0334   0.00    1.1
2046 358745.000   34.217636712  117.145863084    33.9583   2   0   0.0347    0.0414   0.1553  -0.0226   0.0577  -0.0335   0.00    1.0
2046 358746.000   34.217668779  117.145880758    34.0639   2   0   0.0347    0.0414   0.1554  -0.0226   0.0576  -0.0336   0.00    1.7
2046 358747.000   34.217701402  117.145898205    34.1432   2   0   0.0347    0.0413   0.1552  -0.0226   0.0575  -0.0336   0.00    1.0
2046 358748.000   34.217734901  117.145914724    34.2571   2   0   0.0347    0.0413   0.1550  -0.0226   0.0574  -0.0336   0.00    1.0
2046 358749.000   34.217768916  117.145930552    34.3231   2   0   0.0347    0.0412   0.1546  -0.0225   0.0572  -0.0335   0.00    1.1
2046 358750.000   34.217802629  117.145945111    34.3881   2   0   0.0347    0.0412   0.1543  -0.0225   0.0571  -0.0336   0.00    1.0
2046 358751.000   34.217835570  117.145958450    34.4216   2   0   0.0346    0.0411   0.1538  -0.0225   0.0570  -0.0335   0.00    1.1
2046 358752.000   34.217868148  117.145970816    34.4412   2   0   0.0346    0.0411   0.1534  -0.0225   0.0568  -0.0335   0.00    1.1
2046 358753.000   34.217902034  117.145983306    34.6197   2   0   0.0346    0.0410   0.1532  -0.0225   0.0567  -0.0337   0.00    1.0
2046 358754.000   34.217936512  117.145995289    34.7465   2   0   0.0346    0.0409   0.1527  -0.0224   0.0564  -0.0337   0.00    1.0
2046 358755.000   34.217970477  117.146006292    34.7802   2   0   0.0345    0.0408   0.1520  -0.0224   0.0561  -0.0335   0.00    1.0
2046 358756.000   34.218003635  117.146016060    34.8267   2   0   0.0345    0.0408   0.1515  -0.0224   0.0560  -0.0336   0.00    1.1
2046 358757.000   34.218035791  117.146025374    34.8898   2   0   0.0345    0.0407   0.1506  -0.0223   0.0556  -0.0335   0.00    1.0
2046 358758.000   34.218066987  117.146034608    34.8726   2   0   0.0344    0.0405   0.1499  -0.0223   0.0553  -0.0334   0.00    1.1
2046 358759.000   34.218099125  117.146044609    35.0424   2   0   0.0345    0.0405   0.1494  -0.0223   0.0552  -0.0336   0.00    1.0
2046 358760.000   34.218130284  117.146054090    35.1202   2   0   0.0344    0.0404   0.1487  -0.0222   0.0549  -0.0335   0.00    1.0
2046 358761.000   34.218161424  117.146062663    35.1271   2   0   0.0344    0.0403   0.1480  -0.0222   0.0545  -0.0334   0.00    1.1
2046 358762.000   34.218192930  117.146070465    35.1459   2   0   0.0344    0.0401   0.1474  -0.0221   0.0542  -0.0334   0.00    1.2
2046 358763.000   34.218224575  117.146078069    35.1588   2   0   0.0343    0.0400   0.1467  -0.0220   0.0539  -0.0334   0.00    1.1
2046 358764.000   34.218256314  117.146085247    35.1649   2   0   0.0343    0.0399   0.1462  -0.0220   0.0537  -0.0334   0.00    1.3
2046 358765.000   34.218288162  117.146091846    35.2473   2   0   0.0343    0.0399   0.1457  -0.0220   0.0534  -0.0334   0.00    1.1
2046 358766.000   34.218320105  117.146097771    35.4161   2   0   0.0343    0.0399   0.1463  -0.0221   0.0536  -0.0337   0.00    1.0
2046 358767.000   34.218352068  117.146102729    35.5062   2   0   0.0343    0.0399   0.1463  -0.0221   0.0536  -0.0338   0.00    1.0
2046 358768.000   34.218384095  117.146107346    35.6249   2   0   0.0343    0.0399   0.1463  -0.0221   0.0537  -0.0339   0.00    1.1
2046 358769.000   34.218416090  117.146111527    35.7926   2   0   0.0343    0.0399   0.1469  -0.0221   0.0538  -0.0343   0.00    1.0
2046 358770.000   34.218448211  117.146115190    35.9300   2   0   0.0343    0.0399   0.1471  -0.0222   0.0539  -0.0345   0.00    1.2
2046 358771.000   34.218480721  117.146118191    36.0387   2   0   0.0343    0.0399   0.1472  -0.0222   0.0539  -0.0346   0.00    1.5
2046 358772.000   34.218513528  117.146120788    36.1653   2   0   0.0343    0.0399   0.1473  -0.0222   0.0540  -0.0348   0.00    1.0
2046 358773.000   34.218546292  117.146123290    36.2416   2   0   0.0343    0.0399   0.1473  -0.0222   0.0540  -0.0349   0.00    1.0
2046 358774.000   34.218578378  117.146125764    36.3290   2   0   0.0343    0.0399   0.1474  -0.0222   0.0540  -0.0351   0.00    1.3
2046 358775.000   34.218611282  117.146127792    36.3760   2   0   0.0343    0.0399   0.1474  -0.0222   0.0541  -0.0353   0.00    1.1
2046 358776.000   34.218645379  117.146128953    36.3193   2   0   0.0343    0.0398   0.1473  -0.0223   0.0541  -0.0355   0.00    1.3
2046 358777.000   34.218679817  117.146129560    36.3963   2   0   0.0343    0.0398   0.1473  -0.0223   0.0541  -0.0356   0.00    1.1
2046 358778.000   34.218714240  117.146129935    36.4004   2   0   0.0343    0.0398   0.1472  -0.0223   0.0541  -0.0358   0.00    1.5
2046 358779.000   34.218749828  117.146131318    36.5368   2   0   0.0343    0.0398   0.1474  -0.0223   0.0542  -0.0359   0.00    1.4
2046 358780.000   34.218787641  117.146135432    36.6573   2   0   0.0343    0.0398   0.1473  -0.0223   0.0542  -0.0360   0.00    1.2
2046 358781.000   34.218827147  117.146140762    36.8173   2   0   0.0343    0.0398   0.1472  -0.0223   0.0542  -0.0360   0.00    1.1
2046 358782.000   34.218867598  117.146145854    36.9552   2   0   0.0343    0.0398   0.1471  -0.0223   0.0542  -0.0361   0.00    1.0
2046 358783.000   34.218907832  117.146150838    36.9929   2   0   0.0344    0.0399   0.1471  -0.0225   0.0540  -0.0359   0.00    1.3
2046 358784.000   34.218948613  117.146154221    37.0663   2   0   0.0345    0.0399   0.1471  -0.0226   0.0540  -0.0358   0.00    1.1
2046 358785.000   34.218989413  117.146156258    37.1535   2   0   0.0345    0.0399   0.1471  -0.0227   0.0539  -0.0358   0.00    1.1
2046 358786.000   34.219029760  117.146157779    37.2375   2   0   0.0345    0.0399   0.1472  -0.0227   0.0539  -0.0359   0.00    1.1
2046 358787.000   34.219070211  117.146158750    37.2636   2   0   0.0347    0.0400   0.1476  -0.0227   0.0538  -0.0364   0.00    1.1
2046 358788.000   34.219110716  117.146161212    37.1229   2   0   0.0347    0.0400   0.1477  -0.0227   0.0537  -0.0365   0.00    1.0
2046 358789.000   34.219150789  117.146163297    37.1391   2   0   0.0348    0.0400   0.1476  -0.0228   0.0536  -0.0364   0.00    1.3
2046 358790.000   34.219190715  117.146165670    37.1650   2   0   0.0348    0.0400   0.1475  -0.0228   0.0536  -0.0364   0.00    2.0
2046 358791.000   34.219230162  117.146167514    37.3377   2   0   0.0348    0.0400   0.1480  -0.0229   0.0537  -0.0365   0.00    1.2
2046 358792.000   34.219267848  117.146166298    37.4928   2   0   0.0349    0.0400   0.1482  -0.0229   0.0537  -0.0366   0.00    1.7
2046 358793.000   34.219304023  117.146161870    37.4979   2   0   0.0349    0.0400   0.1482  -0.0230   0.0536  -0.0365   0.00    1.1
2046 358794.000   34.219339293  117.146153780    37.5465   2   0   0.0348    0.0399   0.1480  -0.0229   0.0536  -0.0366   0.00    1.0
2046 358795.000   34.219373272  117.146142953    37.5977   2   0   0.0349    0.0399   0.1479  -0.0229   0.0535  -0.0365   0.00    1.2
2046 358796.000   34.219407423  117.146129771    37.5532   2   0   0.0348    0.0399   0.1478  -0.0229   0.0534  -0.0365   0.00    1.0
2046 358797.000   34.219441303  117.146114625    37.5648   2   0   0.0348    0.0399   0.1474  -0.0229   0.0533  -0.0364   0.00    1.1
2046 358798.000   34.219473362  117.146098788    37.5864   2   0   0.0348    0.0398   0.1471  -0.0229   0.0532  -0.0363   0.00    1.7
2046 358799.000   34.219504881  117.146083108    37.5458   2   0   0.0348    0.0399   0.1468  -0.0230   0.0533  -0.0364   0.00    1.1
2046 358800.000   34.219536248  117.146066954    37.5686   2   0   0.0349    0.0399   0.1465  -0.0231   0.0532  -0.0362   0.00    1.3
2046 358801.000   34.219566957  117.146049553    37.5700   2   0   0.0349    0.0399   0.1461  -0.0231   0.0531  -0.0361   0.00    1.3
2046 358802.000   34.219597779  117.146032708    37.2422   2   0   0.0908    0.1831   0.5189   0.1201  -0.2934  -0.2074   0.00    0.0
2046 358803.000   34.219625890  117.146004318    38.9578   2   0   0.1523    0.3183   0.8934   0.2150  -0.5248  -0.3632   0.00    0.0
2046 358804.000   34.219654576  117.145974700    40.2240   2   0   0.1719    0.3605   1.0114   0.2444  -0.5964  -0.4119   0.00    0.0
2046 358805.000   34.219682674  117.145947539    40.5230   2   0   0.1749    0.3672   1.0305   0.2490  -0.6078  -0.4197   0.00    0.0
2046 358806.000   34.219709149  117.145920123    40.4744   2   0   0.1755    0.3686   1.0353   0.2499  -0.6104  -0.4214   0.00    0.0
2046 358807.000   34.219734032  117.145891268    40.6905   2   0   0.1163    0.2384   0.6731   0.1597  -0.3892  -0.2723   0.00    0.0
2046 358808.000   34.219757699  117.145864818    40.7265   2   0   0.0985    0.1986   0.5630   0.1318  -0.3206  -0.2267   0.00    0.0
2046 358809.000   34.219781905  117.145836216    40.5935   2   0   0.0880    0.1754   0.4972   0.1150  -0.2797  -0.1992   0.00    0.0
2046 358810.000   34.219804803  117.145805635    40.4203   2   0   0.0808    0.1591   0.4512   0.1032  -0.2507  -0.1798   0.00    0.0
2046 358811.000   34.219824087  117.145773951    40.4577   2   0   0.0754    0.1469   0.4168   0.0943  -0.2288  -0.1654   0.00    0.0
2046 358812.000   34.219842360  117.145740732    40.5143   2   0   0.0716    0.1379   0.3926   0.0877  -0.2127  -0.1552   0.00    0.0
2046 358813.000   34.219859754  117.145705289    40.6155   2   0   0.0684    0.1301   0.3719   0.0821  -0.1987  -0.1463   0.00    0.0
2046 358814.000   34.219876405  117.145668349    40.6733   2   0   0.0660    0.1240   0.3559   0.0776  -0.1878  -0.1396   0.00    1.1
2046 358815.000   34.219891600  117.145630359    40.7556   2   0   0.0638    0.1186   0.3418   0.0736  -0.1779  -0.1335   0.00    1.4
2046 358816.000   34.219904950  117.145591811    40.8178   2   0   0.0620    0.1139   0.3295   0.0701  -0.1693  -0.1283   0.00    1.0
2046 358817.000   34.219917016  117.145552958    40.8547   2   0   0.0604    0.1098   0.3189   0.0670  -0.1617  -0.1237   0.00    1.1
2046 358818.000   34.219927858  117.145513364    40.9976   2   0   0.0591    0.1067   0.3113   0.0646  -0.1560  -0.1202   0.00    1.3
2046 358819.000   34.219937555  117.145473266    41.0398   2   0   0.0581    0.1040   0.3048   0.0625  -0.1510  -0.1173   0.00    1.0
2046 358820.000   34.219945715  117.145433371    41.1121   2   0   0.0570    0.1014   0.2985   0.0605  -0.1462  -0.1144   0.00    1.2
2046 358821.000   34.219953465  117.145393146    41.2253   2   0   0.0561    0.0990   0.2930   0.0586  -0.1418  -0.1118   0.00    1.0
2046 358822.000   34.219961332  117.145352026    41.3270   2   0   0.0553    0.0968   0.2879   0.0569  -0.1377  -0.1095   0.00    1.8
2046 358823.000   34.219969034  117.145310837    41.4000   2   0   0.0545    0.0947   0.2829   0.0552  -0.1336  -0.1071   0.00    1.3
2046 358824.000   34.219976674  117.145269740    41.4788   2   0   0.0538    0.0929   0.2788   0.0537  -0.1302  -0.1052   0.00    1.0
2046 358825.000   34.219984220  117.145229128    41.5396   2   0   0.0531    0.0911   0.2745   0.0522  -0.1267  -0.1032   0.00    1.1
2046 358826.000   34.219991361  117.145188647    41.6391   2   0   0.0524    0.0894   0.2704   0.0509  -0.1235  -0.1013   0.00    1.0
2046 358827.000   34.219998297  117.145148637    41.6879   2   0   0.0518    0.0878   0.2666   0.0496  -0.1205  -0.0996   0.00    1.0
2046 358828.000   34.220004861  117.145110678    41.8192   2   0   0.0513    0.0863   0.2631   0.0483  -0.1176  -0.0980   0.00    1.0
2046 358829.000   34.220011021  117.145073772    41.9648   2   0   0.0508    0.0850   0.2597   0.0472  -0.1149  -0.0964   0.00    1.2
2046 358830.000   34.220017651  117.145035944    41.9951   2   0   0.0499    0.0831   0.2539   0.0454  -0.1107  -0.0938   0.00    1.2
2046 358831.000   34.220024254  117.144997227    42.0851   2   0   0.0495    0.0818   0.2510   0.0444  -0.1083  -0.0924   0.00    1.2
2046 358832.000   34.220031659  117.144958262    41.9546   2   0   0.0488    0.0802   0.2464   0.0428  -0.1045  -0.0903   0.00    1.2
2046 358833.000   34.220038902  117.144919003    41.9480   2   0   0.0481    0.0788   0.2420   0.0414  -0.1011  -0.0882   0.00    1.2
2046 358834.000   34.220045145  117.144879197    42.1773   2   0   0.0479    0.0778   0.2404   0.0406  -0.0992  -0.0874   0.00    1.0
2046 358835.000   34.220051791  117.144839657    42.2370   2   0   0.0475    0.0769   0.2385   0.0398  -0.0972  -0.0865   0.00    1.2
2046 358836.000   34.220058818  117.144799582    42.2878   2   0   0.0473    0.0760   0.2369   0.0390  -0.0955  -0.0856   0.00    1.3
2046 358837.000   34.220066343  117.144759532    42.2504   2   0   0.0470    0.0752   0.2349   0.0383  -0.0938  -0.0847   0.00    1.1
2046 358838.000   34.220073449  117.144720210    42.3133   2   0   0.0467    0.0743   0.2332   0.0375  -0.0920  -0.0839   0.00    1.0
2046 358839.000   34.220080186  117.144681620    42.3541   2   0   0.0464    0.0735   0.2316   0.0368  -0.0903  -0.0831   0.00    1.0
2046 358840.000   34.220087370  117.144642510    42.3934   2   0   0.0462    0.0728   0.2300   0.0361  -0.0887  -0.0823   0.00    1.1
2046 358841.000   34.220094873  117.144603431    42.4369   2   0   0.0459    0.0720   0.2285   0.0354  -0.0870  -0.0815   0.00    1.1
2046 358842.000   34.220103043  117.144563674    42.4148   2   0   0.0457    0.0713   0.2271   0.0347  -0.0855  -0.0808   0.00    1.2
2046 358843.000   34.220111379  117.144523285    42.4380   2   0   0.0454    0.0706   0.2255   0.0340  -0.0839  -0.0801   0.00    1.1
2046 358844.000   34.220118954  117.144484474    42.5007   2   0   0.0452    0.0699   0.2241   0.0334  -0.0825  -0.0794   0.00    1.0
2046 358845.000   34.220126631  117.144447216    42.5637   2   0   0.0450    0.0693   0.2227   0.0328  -0.0811  -0.0787   0.00    1.2
2046 358846.000   34.220134998  117.144409938    42.6634   2   0   0.0448    0.0687   0.2214   0.0323  -0.0798  -0.0781   0.00    1.8
2046 358847.000   34.220144388  117.144372545    42.7201   2   0   0.0446    0.0681   0.2201   0.0317  -0.0786  -0.0775   0.00    1.1
2046 358848.000   34.220154786  117.144334997    42.8040   2   0   0.0444    0.0675   0.2187   0.0312  -0.0774  -0.0769   0.00    1.3
2046 358849.000   34.220166032  117.144298275    42.8218   2   0   0.0442    0.0670   0.2174   0.0307  -0.0763  -0.0763   0.00    1.0
2046 358850.000   34.220177650  117.144262570    42.9609   2   0   0.0440    0.0664   0.2161   0.0302  -0.0751  -0.0757   0.00    1.2
2046 358851.000   34.220189044  117.144226924    43.0449   2   0   0.0438    0.0659   0.2148   0.0296  -0.0740  -0.0751   0.00    1.0
2046 358852.000   34.220201002  117.144192807    43.0325   2   0   0.0436    0.0654   0.2125   0.0291  -0.0729  -0.0741   0.00    1.2
2046 358853.000   34.220215997  117.144164363    42.9806   2   0   0.0433    0.0648   0.2101   0.0286  -0.0716  -0.0731   0.00    1.1
2046 358854.000   34.220235799  117.144141337    42.9388   2   0   0.0431    0.0642   0.2075   0.0281  -0.0704  -0.0721   0.00    1.0
2046 358855.000   34.220258753  117.144124214    42.9611   2   0   0.0429    0.0637   0.2057   0.0277  -0.0693  -0.0715   0.00    1.0
2046 358856.000   34.220285609  117.144111689    42.9759   2   0   0.0427    0.0631   0.2038   0.0272  -0.0681  -0.0708   0.00    1.3
2046 358857.000   34.220312655  117.144104395    42.9642   2   0   0.0425    0.0626   0.2019   0.0266  -0.0669  -0.0701   0.00    1.1
2046 358858.000   34.220339884  117.144104025    42.9728   2   0   0.0424    0.0621   0.2003   0.0263  -0.0659  -0.0695   0.00    1.1
2046 358859.000   34.220369697  117.144108829    42.9033   2   0   0.0422    0.0616   0.1983   0.0258  -0.0649  -0.0687   0.00    1.0
2046 358860.000   34.220401377  117.144116065    42.8234   2   0   0.0419    0.0611   0.1963   0.0254  -0.0639  -0.0679   0.00    1.3
2046 358861.000   34.220434647  117.144123358    42.7518   2   0   0.0417    0.0606   0.1942   0.0250  -0.0629  -0.0671   0.00    1.1
2046 358862.000   34.220468878  117.144131578    42.6608   2   0   0.0415    0.0602   0.1923   0.0246  -0.0619  -0.0663   0.00    1.1
2046 358863.000   34.220501887  117.144140896    42.5656   2   0   0.0413    0.0597   0.1904   0.0242  -0.0610  -0.0656   0.00    1.5
2046 358864.000   34.220534450  117.144150211    42.5418   2   0   0.0411    0.0594   0.1888   0.0239  -0.0603  -0.0649   0.00    1.1
2046 358865.000   34.220566188  117.144159123    42.5434   2   0   0.0409    0.0590   0.1873   0.0235  -0.0596  -0.0642   0.00    1.3
2046 358866.000   34.220598029  117.144167295    42.5084   2   0   0.0407    0.0585   0.1852   0.0230  -0.0585  -0.0633   0.00    1.2
2046 358867.000   34.220630852  117.144175477    42.4388   2   0   0.0404    0.0581   0.1829   0.0225  -0.0573  -0.0623   0.00    1.1
2046 358868.000   34.220662644  117.144184398    42.3573   2   0   0.0402    0.0576   0.1807   0.0219  -0.0561  -0.0614   0.00    1.0
2046 358869.000   34.220693688  117.144193805    42.2811   2   0   0.0400    0.0571   0.1786   0.0215  -0.0549  -0.0605   0.00    1.1
2046 358870.000   34.220724435  117.144202145    42.1801   2   0   0.0397    0.0567   0.1766   0.0210  -0.0538  -0.0597   0.00    1.1
2046 358871.000   34.220754330  117.144208533    42.1033   2   0   0.0395    0.0562   0.1746   0.0205  -0.0528  -0.0589   0.00    1.1
2046 358872.000   34.220783152  117.144212267    42.1384   2   0   0.0394    0.0558   0.1731   0.0201  -0.0517  -0.0583   0.00    1.0
2046 358873.000   34.220811667  117.144207805    41.9941   2   0   0.0393    0.0555   0.1716   0.0195  -0.0507  -0.0577   0.00    1.1
2046 358874.000   34.220834907  117.144190018    41.8650   2   0   0.0391    0.0551   0.1701   0.0191  -0.0497  -0.0571   0.00    1.1
2046 358875.000   34.220846172  117.144161670    41.7569   2   0   0.0390    0.0547   0.1684   0.0186  -0.0488  -0.0564   0.00    1.1
2046 358876.000   34.220845436  117.144129635    41.7061   2   0   0.0387    0.0543   0.1668   0.0183  -0.0479  -0.0557   0.00    1.0
2046 358877.000   34.220836443  117.144101184    41.6373   2   0   0.0386    0.0540   0.1653   0.0179  -0.0471  -0.0549   0.00    1.1
2046 358878.000   34.220822402  117.144075188    41.5291   2   0   0.0386    0.0537   0.1639   0.0173  -0.0464  -0.0541   0.00    1.0
2046 358879.000   34.220803846  117.144052810    41.4973   2   0   0.0384    0.0534   0.1624   0.0168  -0.0457  -0.0534   0.00    1.1
2046 358880.000   34.220781856  117.144033908    41.4409   2   0   0.0384    0.0531   0.1612   0.0163  -0.0448  -0.0530   0.00    1.0
2046 358881.000   34.220756641  117.144017828    41.3294   2   0   0.0383    0.0528   0.1600   0.0158  -0.0440  -0.0526   0.00    1.0
2046 358882.000   34.220728417  117.144003285    41.2356   2   0   0.0382    0.0525   0.1588   0.0153  -0.0432  -0.0521   0.00    1.2
2046 358883.000   34.220699298  117.143991063    41.1510   2   0   0.0381    0.0522   0.1577   0.0149  -0.0424  -0.0517   0.00    1.1
2046 358884.000   34.220669231  117.143982016    41.0629   2   0   0.0380    0.0519   0.1566   0.0146  -0.0416  -0.0513   0.00    1.0
2046 358885.000   34.220638726  117.143975305    40.9567   2   0   0.0379    0.0516   0.1555   0.0143  -0.0409  -0.0509   0.00    1.2
2046 358886.000   34.220608135  117.143970208    40.8630   2   0   0.0377    0.0513   0.1545   0.0139  -0.0399  -0.0504   0.00    1.1
2046 358887.000   34.220578000  117.143966180    40.8605   2   0   0.0376    0.0511   0.1536   0.0137  -0.0394  -0.0500   0.00    1.0
2046 358888.000   34.220548483  117.143962163    40.7931   2   0   0.0375    0.0509   0.1529   0.0135  -0.0389  -0.0497   0.00    1.2
2046 358889.000   34.220518730  117.143958799    40.7888   2   0   0.0374    0.0507   0.1522   0.0134  -0.0383  -0.0494   0.00    1.1
2046 358890.000   34.220489691  117.143955284    40.5209   2   0   0.0374    0.0505   0.1527   0.0129  -0.0373  -0.0495   0.00    1.1
2046 358891.000   34.220461035  117.143951588    40.3977   2   0   0.0374    0.0503   0.1525   0.0126  -0.0365  -0.0494   0.00    1.1
2046 358892.000   34.220432439  117.143947259    40.2968   2   0   0.0373    0.0501   0.1519   0.0123  -0.0359  -0.0493   0.00    1.0
2046 358893.000   34.220404228  117.143942633    40.1139   2   0   0.0373    0.0500   0.1519   0.0119  -0.0351  -0.0494   0.00    1.0
2046 358894.000   34.220377127  117.143938667    40.0768   2   0   0.0373    0.0498   0.1511   0.0117  -0.0348  -0.0491   0.00    1.2
2046 358895.000   34.220349590  117.143934808    39.8708   2   0   0.0372    0.0496   0.1507   0.0114  -0.0341  -0.0491   0.00    1.3
2046 358896.000   34.220322069  117.143933472    39.7363   2   0   0.0372    0.0494   0.1501   0.0112  -0.0338  -0.0489   0.00    1.0
2046 358897.000   34.220295279  117.143936375    39.6624   2   0   0.0371    0.0491   0.1492   0.0108  -0.0333  -0.0484   0.00    1.1
2046 358898.000   34.220269587  117.143944726    39.5695   2   0   0.0370    0.0489   0.1483   0.0105  -0.0327  -0.0481   0.00    1.2
2046 358899.000   34.220245716  117.143956684    39.5322   2   0   0.0369    0.0487   0.1472   0.0102  -0.0322  -0.0476   0.00    1.1
2046 358900.000   34.220221649  117.143970528    39.4702   2   0   0.0368    0.0484   0.1462   0.0099  -0.0317  -0.0471   0.00    1.0
2046 358901.000   34.220196699  117.143984857    39.4119   2   0   0.0366    0.0482   0.1451   0.0096  -0.0312  -0.0467   0.00    1.0
2046 358902.000   34.220171282  117.143998497    39.3454   2   0   0.0365    0.0480   0.1441   0.0093  -0.0307  -0.0463   0.00    1.1
2046 358903.000   34.220146004  117.144010807    39.3001   2   0   0.0364    0.0478   0.1431   0.0090  -0.0303  -0.0459   0.00    1.0
2046 358904.000   34.220121444  117.144021702    39.2673   2   0   0.0363    0.0476   0.1422   0.0087  -0.0298  -0.0454   0.00    1.0
2046 358905.000   34.220095580  117.144034560    39.2269   2   0   0.0362    0.0474   0.1412   0.0084  -0.0294  -0.0450   0.00    1.0
2046 358906.000   34.220069646  117.144048527    39.2130   2   0   0.0362    0.0472   0.1403   0.0080  -0.0290  -0.0446   0.00    1.1
2046 358907.000   34.220042856  117.144060300    39.1884   2   0   0.0361    0.0470   0.1394   0.0076  -0.0286  -0.0442   0.00    1.0
2046 358908.000   34.220015375  117.144069269    39.1815   2   0   0.0360    0.0468   0.1385   0.0072  -0.0282  -0.0439   0.00    1.0
2046 358909.000   34.219987543  117.144074393    39.2209   2   0   0.0359    0.0466   0.1379   0.0069  -0.0275  -0.0435   0.00    1.2
2046 358910.000   34.219959645  117.144075164    39.2989   2   0   0.0358    0.0465   0.1372   0.0066  -0.0271  -0.0431   0.00    1.0
2046 358911.000   34.219931474  117.144072093    39.4166   2   0   0.0358    0.0464   0.1368   0.0059  -0.0270  -0.0426   0.00    1.1
2046 358912.000   34.219902745  117.144067575    39.3885   2   0   0.0357    0.0462   0.1361   0.0059  -0.0265  -0.0424   0.00    1.0
2046 358913.000   34.219875100  117.144061118    39.4950   2   0   0.0356    0.0460   0.1355   0.0055  -0.0262  -0.0420   0.00    1.1
2046 358914.000   34.219847019  117.144053007    39.6008   2   0   0.0355    0.0459   0.1349   0.0051  -0.0258  -0.0416   0.00    1.0
2046 358915.000   34.219818187  117.144043822    39.6891   2   0   0.0354    0.0457   0.1343   0.0047  -0.0255  -0.0413   0.00    1.1
2046 358916.000   34.219789241  117.144033574    39.7207   2   0   0.0354    0.0456   0.1337   0.0041  -0.0251  -0.0409   0.00    1.1
2046 358917.000   34.219761725  117.144020719    39.8484   2   0   0.0353    0.0455   0.1332   0.0030  -0.0249  -0.0405   0.00    1.2
2046 358918.000   34.219734586  117.144006337    39.9338   2   0   0.0353    0.0454   0.1327   0.0019  -0.0245  -0.0401   0.00    1.0
2046 358919.000   34.219708037  117.143988962    39.9925   2   0   0.0352    0.0453   0.1322  -0.0013  -0.0242  -0.0398   0.00    1.4
2046 358920.000   34.219683424  117.143968630    40.0382   2   0   0.0352    0.0451   0.1317  -0.0026  -0.0238  -0.0394   0.00    1.4
2046 358921.000   34.219661076  117.143945420    40.0409   2   0   0.0351    0.0450   0.1312  -0.0034  -0.0234  -0.0391   0.00    1.1
2046 358922.000   34.219640545  117.143920100    40.0347   2   0   0.0352    0.0450   0.1308  -0.0047  -0.0233  -0.0386   0.00    1.2
2046 358923.000   34.219624065  117.143891953    40.0224   2   0   0.0352    0.0449   0.1304  -0.0053  -0.0230  -0.0382   0.00    1.1
2046 358924.000   34.219613768  117.143861703    39.9808   2   0   0.0351    0.0448   0.1299  -0.0059  -0.0228  -0.0378   0.00    1.2
2046 358925.000   34.219611120  117.143830926    39.9555   2   0   0.0351    0.0447   0.1294  -0.0063  -0.0224  -0.0375   0.00    1.1
2046 358926.000   34.219614524  117.143800111    39.9425   2   0   0.0351    0.0446   0.1289  -0.0067  -0.0221  -0.0372   0.00    1.1
2046 358927.000   34.219623843  117.143769308    39.9893   2   0   0.0351    0.0446   0.1287  -0.0076  -0.0211  -0.0371   0.00    1.3
2046 358928.000   34.219638738  117.143742268    39.9881   2   0   0.0351    0.0445   0.1283  -0.0080  -0.0206  -0.0368   0.00    1.6
2046 358929.000   34.219658004  117.143720377    39.9840   2   0   0.0351    0.0445   0.1295  -0.0085  -0.0193  -0.0371   0.00    1.9
2046 358930.000   34.219680621  117.143704862    40.1356   2   0   0.0351    0.0444   0.1291  -0.0088  -0.0187  -0.0369   0.00    1.1
2046 358931.000   34.219707338  117.143694083    40.0151   2   0   0.0352    0.0445   0.1290  -0.0090  -0.0172  -0.0364   0.00    1.2
2046 358932.000   34.219736539  117.143689850    39.9353   2   0   0.0351    0.0445   0.1288  -0.0090  -0.0164  -0.0363   0.00    1.1
2046 358933.000   34.219766723  117.143692626    39.8648   2   0   0.0350    0.0444   0.1285  -0.0091  -0.0157  -0.0361   0.00    1.0
2046 358934.000   34.219795879  117.143700816    39.9795   2   0   0.0350    0.0444   0.1290  -0.0093  -0.0140  -0.0361   0.00    1.3
2046 358935.000   34.219824132  117.143712433    39.9256   2   0   0.0349    0.0442   0.1283  -0.0093  -0.0141  -0.0358   0.00    1.2
2046 358936.000   34.219851183  117.143727826    39.8808   2   0   0.0348    0.0441   0.1277  -0.0093  -0.0138  -0.0355   0.00    1.0
2046 358937.000   34.219876913  117.143745854    39.8279   2   0   0.0347    0.0439   0.1271  -0.0093  -0.0133  -0.0353   0.00    1.3
2046 358938.000   34.219901000  117.143766462    39.7822   2   0   0.0346    0.0438   0.1266  -0.0094  -0.0128  -0.0350   0.00    1.0
2046 358939.000   34.219924110  117.143789564    39.6969   2   0   0.0346    0.0436   0.1261  -0.0094  -0.0123  -0.0348   0.00    1.1
2046 358940.000   34.219947111  117.143813457    39.6111   2   0   0.0345    0.0435   0.1256  -0.0094  -0.0117  -0.0346   0.00    1.0
2046 358941.000   34.219969671  117.143837359    39.5372   2   0   0.0344    0.0434   0.1250  -0.0094  -0.0112  -0.0344   0.00    1.1
2046 358942.000   34.219991681  117.143861237    39.4544   2   0   0.0344    0.0433   0.1246  -0.0095  -0.0106  -0.0342   0.00    1.1
2046 358943.000   34.220013091  117.143884934    39.3854   2   0   0.0343    0.0431   0.1241  -0.0095  -0.0100  -0.0340   0.00    1.1
2046 358944.000   34.220034554  117.143908338    39.2852   2   0   0.0342    0.0430   0.1236  -0.0095  -0.0094  -0.0338   0.00    1.2
2046 358945.000   34.220057033  117.143930150    39.1948   2   0   0.0342    0.0429   0.1231  -0.0096  -0.0088  -0.0336   0.00    1.0
2046 358946.000   34.220080447  117.143950272    39.0873   2   0   0.0341    0.0428   0.1226  -0.0096  -0.0082  -0.0334   0.00    1.1
2046 358947.000   34.220105010  117.143968260    38.9930   2   0   0.0340    0.0427   0.1222  -0.0096  -0.0075  -0.0332   0.00    1.0
2046 358948.000   34.220130862  117.143982062    38.9094   2   0   0.0340    0.0425   0.1217  -0.0096  -0.0068  -0.0330   0.00    1.0
2046 358949.000   34.220156078  117.143990536    38.8508   2   0   0.0339    0.0424   0.1212  -0.0097  -0.0060  -0.0328   0.00    1.2
2046 358950.000   34.220179627  117.143994210    38.8279   2   0   0.0338    0.0423   0.1208  -0.0097  -0.0052  -0.0326   0.00    1.1
2046 358951.000   34.220201138  117.143991109    38.8730   2   0   0.0338    0.0422   0.1205  -0.0099  -0.0023  -0.0326   0.00    1.1
2046 358952.000   34.220218846  117.143981852    38.8892   2   0   0.0337    0.0421   0.1202  -0.0099   0.0031  -0.0325   0.00    1.3
2046 358953.000   34.220236296  117.143968036    38.9154   2   0   0.0337    0.0420   0.1199  -0.0100   0.0049  -0.0324   0.00    1.1
2046 358954.000   34.220252614  117.143950233    38.9503   2   0   0.0337    0.0419   0.1195  -0.0102   0.0058  -0.0323   0.00    1.1
2046 358955.000   34.220266572  117.143930182    38.9586   2   0   0.0336    0.0418   0.1191  -0.0102   0.0068  -0.0322   0.00    1.0
2046 358956.000   34.220277140  117.143906794    38.9933   2   0   0.0336    0.0417   0.1187  -0.0103   0.0070  -0.0321   0.00    1.1
2046 358957.000   34.220284126  117.143883067    39.0188   2   0   0.0335    0.0416   0.1183  -0.0104   0.0073  -0.0320   0.00    1.1
2046 358958.000   34.220288822  117.143859477    39.0392   2   0   0.0335    0.0414   0.1179  -0.0105   0.0077  -0.0318   0.00    1.0
2046 358959.000   34.220291949  117.143835672    39.0554   2   0   0.0335    0.0413   0.1175  -0.0105   0.0081  -0.0318   0.00    1.1
2046 358960.000   34.220294023  117.143808425    39.0851   2   0   0.0334    0.0412   0.1170  -0.0106   0.0081  -0.0316   0.00    1.1
2046 358961.000   34.220294837  117.143780035    39.1717   2   0   0.0333    0.0411   0.1166  -0.0105   0.0087  -0.0314   0.00    1.0
2046 358962.000   34.220294644  117.143750275    39.1345   2   0   0.0333    0.0410   0.1163  -0.0105   0.0081  -0.0313   0.00    1.0
2046 358963.000   34.220294563  117.143719294    39.1451   2   0   0.0333    0.0409   0.1160  -0.0104   0.0081  -0.0312   0.00    1.0
2046 358964.000   34.220295643  117.143688051    39.2061   2   0   0.0332    0.0408   0.1156  -0.0104   0.0080  -0.0311   0.00    1.2
2046 358965.000   34.220297988  117.143657004    39.3441   2   0   0.0333    0.0407   0.1158  -0.0106   0.0094  -0.0314   0.00    1.2
2046 358966.000   34.220301537  117.143625987    39.4621   2   0   0.0332    0.0407   0.1156  -0.0106   0.0097  -0.0314   0.00    1.0
2046 358967.000   34.220306363  117.143592568    39.5686   2   0   0.0332    0.0406   0.1154  -0.0106   0.0099  -0.0314   0.00    1.0
2046 358968.000   34.220312304  117.143557237    39.6680   2   0   0.0332    0.0405   0.1153  -0.0106   0.0104  -0.0314   0.00    1.1
2046 358969.000   34.220318818  117.143520987    39.7499   2   0   0.0332    0.0404   0.1151  -0.0107   0.0108  -0.0315   0.00    1.1
2046 358970.000   34.220325653  117.143484504    39.8378   2   0   0.0331    0.0403   0.1149  -0.0107   0.0113  -0.0314   0.00    1.1
2046 358971.000   34.220332604  117.143447977    39.9256   2   0   0.0331    0.0403   0.1148  -0.0108   0.0117  -0.0315   0.00    1.1
2046 358972.000   34.220339405  117.143411447    40.0208   2   0   0.0331    0.0402   0.1147  -0.0108   0.0121  -0.0315   0.00    1.2
2046 358973.000   34.220346588  117.143374009    40.1150   2   0   0.0331    0.0401   0.1146  -0.0108   0.0124  -0.0315   0.00    1.4
2046 358974.000   34.220354496  117.143335526    40.2321   2   0   0.0331    0.0401   0.1145  -0.0109   0.0127  -0.0316   0.00    1.2
2046 358975.000   34.220362780  117.143296801    40.1898   2   0   0.0331    0.0400   0.1146  -0.0109   0.0129  -0.0315   0.00    1.0
2046 358976.000   34.220370702  117.143256967    40.4977   2   0   0.0332    0.0400   0.1147  -0.0107   0.0124  -0.0317   0.00    1.2
2046 358977.000   34.220377624  117.143217422    40.6477   2   0   0.0332    0.0399   0.1146  -0.0107   0.0127  -0.0318   0.00    1.0
2046 358978.000   34.220382684  117.143180009    40.7563   2   0   0.0332    0.0399   0.1144  -0.0108   0.0131  -0.0318   0.00    1.1
2046 358979.000   34.220386690  117.143145309    40.8304   2   0   0.0331    0.0398   0.1142  -0.0108   0.0134  -0.0318   0.00    1.1
2046 358980.000   34.220391115  117.143111352    40.9112   2   0   0.0331    0.0397   0.1141  -0.0109   0.0137  -0.0319   0.00    1.0
2046 358981.000   34.220396347  117.143076693    41.0419   2   0   0.0331    0.0397   0.1140  -0.0109   0.0140  -0.0319   0.00    1.3
2046 358982.000   34.220401770  117.143043471    41.0834   2   0   0.0331    0.0396   0.1139  -0.0109   0.0142  -0.0319   0.00    1.3
2046 358983.000   34.220407496  117.143010358    41.1539   2   0   0.0331    0.0395   0.1137  -0.0110   0.0145  -0.0320   0.00    1.4
2046 358984.000   34.220413264  117.142978007    41.2166   2   0   0.0331    0.0395   0.1136  -0.0110   0.0147  -0.0320   0.00    1.0
2046 358985.000   34.220418843  117.142946514    41.3050   2   0   0.0331    0.0394   0.1135  -0.0110   0.0150  -0.0320   0.00    1.2
2046 358986.000   34.220424024  117.142914876    41.3462   2   0   0.0330    0.0393   0.1134  -0.0110   0.0152  -0.0320   0.00    1.3
2046 358987.000   34.220429249  117.142883067    41.4267   2   0   0.0330    0.0393   0.1132  -0.0111   0.0155  -0.0320   0.00    1.1
2046 358988.000   34.220435110  117.142850686    41.4968   2   0   0.0330    0.0392   0.1130  -0.0111   0.0157  -0.0320   0.00    1.2
2046 358989.000   34.220441760  117.142816932    41.5093   2   0   0.0330    0.0391   0.1129  -0.0111   0.0160  -0.0320   0.00    1.4
2046 358990.000   34.220448393  117.142784214    41.5256   2   0   0.0330    0.0391   0.1131  -0.0112   0.0161  -0.0320   0.00    1.1
2046 358991.000   34.220455303  117.142750519    41.6426   2   0   0.0330    0.0390   0.1132  -0.0112   0.0161  -0.0319   0.00    1.4
2046 358992.000   34.220462744  117.142715661    41.7423   2   0   0.0330    0.0390   0.1133  -0.0113   0.0161  -0.0319   0.00    1.0
2046 358993.000   34.220470523  117.142680460    41.8611   2   0   0.0329    0.0389   0.1132  -0.0114   0.0162  -0.0318   0.00    1.0
2046 358994.000   34.220478642  117.142645192    41.9162   2   0   0.0329    0.0389   0.1132  -0.0114   0.0163  -0.0318   0.00    1.1
2046 358995.000   34.220485777  117.142609499    42.0060   2   0   0.0329    0.0388   0.1132  -0.0115   0.0164  -0.0318   0.00    1.0
2046 358996.000   34.220492859  117.142573943    42.0919   2   0   0.0329    0.0388   0.1130  -0.0115   0.0163  -0.0317   0.00    1.1
2046 358997.000   34.220500141  117.142538485    42.1490   2   0   0.0329    0.0387   0.1128  -0.0115   0.0163  -0.0315   0.00    1.3
2046 358998.000   34.220507363  117.142503320    42.2213   2   0   0.0329    0.0386   0.1127  -0.0116   0.0163  -0.0315   0.00    1.1
2046 358999.000   34.220514251  117.142467201    42.3110   2   0   0.0329    0.0386   0.1126  -0.0116   0.0163  -0.0314   0.00    1.0
2046 359000.000   34.220521238  117.142430063    42.4098   2   0   0.0328    0.0385   0.1124  -0.0117   0.0164  -0.0313   0.00    1.2
2046 359001.000   34.220528565  117.142395190    42.4802   2   0   0.0328    0.0385   0.1122  -0.0117   0.0163  -0.0312   0.00    1.0
2046 359002.000   34.220535989  117.142360740    42.5493   2   0   0.0328    0.0384   0.1119  -0.0116   0.0160  -0.0311   0.00    1.2
2046 359003.000   34.220543645  117.142325452    42.6050   2   0   0.0328    0.0383   0.1120  -0.0117   0.0161  -0.0310   0.00    1.0
2046 359004.000   34.220550984  117.142291297    42.6685   2   0   0.0327    0.0383   0.1117  -0.0117   0.0162  -0.0309   0.00    1.2
2046 359005.000   34.220558181  117.142257858    42.7260   2   0   0.0327    0.0382   0.1115  -0.0118   0.0162  -0.0308   0.00    1.3
2046 359006.000   34.220565552  117.142224468    42.8230   2   0   0.0327    0.0381   0.1114  -0.0118   0.0161  -0.0308   0.00    1.0
2046 359007.000   34.220573994  117.142188482    42.8864   2   0   0.0327    0.0381   0.1112  -0.0118   0.0160  -0.0307   0.00    1.3
2046 359008.000   34.220582627  117.142151338    42.9713   2   0   0.0327    0.0380   0.1111  -0.0118   0.0159  -0.0306   0.00    1.0
2046 359009.000   34.220590453  117.142114000    43.0480   2   0   0.0326    0.0379   0.1108  -0.0118   0.0157  -0.0304   0.00    1.0
2046 359010.000   34.220596769  117.142078261    43.1149   2   0   0.0326    0.0379   0.1105  -0.0119   0.0158  -0.0303   0.00    1.1
2046 359011.000   34.220602178  117.142041996    43.1652   2   0   0.0325    0.0378   0.1099  -0.0119   0.0156  -0.0299   0.00    1.0
2046 359012.000   34.220607044  117.142004052    43.2592   2   0   0.0325    0.0378   0.1095  -0.0119   0.0156  -0.0297   0.00    1.2
2046 359013.000   34.220611785  117.141965582    43.3424   2   0   0.0325    0.0377   0.1092  -0.0119   0.0156  -0.0295   0.00    1.0
2046 359014.000   34.220617033  117.141928361    43.4348   2   0   0.0324    0.0376   0.1089  -0.0119   0.0156  -0.0293   0.00    1.0
2046 359015.000   34.220622115  117.141891978    43.5069   2   0   0.0324    0.0376   0.1086  -0.0119   0.0156  -0.0291   0.00    1.2
2046 359016.000   34.220627411  117.141854177    43.6000   2   0   0.0323    0.0375   0.1083  -0.0119   0.0156  -0.0289   0.00    1.1
2046 359017.000   34.220633646  117.141815597    43.6256   2   0   0.0324    0.0375   0.1088  -0.0120   0.0157  -0.0291   0.00    1.3
2046 359018.000   34.220639628  117.141777251    43.6562   2   0   0.0323    0.0374   0.1085  -0.0120   0.0156  -0.0291   0.00    1.1
2046 359019.000   34.220644508  117.141738740    43.6869   2   0   0.0323    0.0373   0.1083  -0.0119   0.0154  -0.0290   0.00    1.0
2046 359020.000   34.220647663  117.141699796    43.7264   2   0   0.0323    0.0373   0.1082  -0.0119   0.0153  -0.0289   0.00    1.1
2046 359021.000   34.220648060  117.141660712    43.7521   2   0   0.0323    0.0372   0.1079  -0.0119   0.0152  -0.0288   0.00    1.1
2046 359022.000   34.220645719  117.141621865    43.8039   2   0   0.0323    0.0371   0.1078  -0.0119   0.0151  -0.0288   0.00    1.0
2046 359023.000   34.220639452  117.141583698    43.8661   2   0   0.0322    0.0371   0.1075  -0.0119   0.0151  -0.0287   0.00    1.1
2046 359024.000   34.220629090  117.141547166    43.9158   2   0   0.0322    0.0370   0.1073  -0.0120   0.0151  -0.0286   0.00    1.0
2046 359025.000   34.220615151  117.141512975    43.8663   2   0   0.0321    0.0369   0.1067  -0.0119   0.0147  -0.0284   0.00    1.1
2046 359026.000   34.220596858  117.141482135    43.9075   2   0   0.0321    0.0368   0.1062  -0.0118   0.0146  -0.0282   0.00    1.1
2046 359027.000   34.220576394  117.141455386    43.9327   2   0   0.0320    0.0367   0.1059  -0.0118   0.0146  -0.0281   0.00    1.0
2046 359028.000   34.220554878  117.141430138    43.9753   2   0   0.0320    0.0366   0.1055  -0.0117   0.0145  -0.0279   0.00    1.0
2046 359029.000   34.220531099  117.141404947    44.0026   2   0   0.0319    0.0366   0.1052  -0.0117   0.0145  -0.0278   0.00    1.1
2046 359030.000   34.220505849  117.141380600    44.0409   2   0   0.0319    0.0365   0.1049  -0.0117   0.0145  -0.0277   0.00    1.2
2046 359031.000   34.220479878  117.141357068    44.0020   2   0   0.0318    0.0365   0.1047  -0.0117   0.0147  -0.0276   0.00    1.0
2046 359032.000   34.220454378  117.141334119    43.7821   2   0   0.0320    0.0366   0.1054  -0.0121   0.0164  -0.0283   0.00    1.1
2046 359033.000   34.220428706  117.141311486    43.6413   2   0   0.0320    0.0366   0.1056  -0.0122   0.0171  -0.0285   0.00    1.1
2046 359034.000   34.220402517  117.141288439    43.5484   2   0   0.0320    0.0365   0.1057  -0.0123   0.0177  -0.0287   0.00    1.3
2046 359035.000   34.220376395  117.141265328    43.4506   2   0   0.0320    0.0365   0.1056  -0.0124   0.0180  -0.0288   0.00    1.1
2046 359036.000   34.220350450  117.141242461    43.4309   2   0   0.0319    0.0365   0.1054  -0.0124   0.0181  -0.0287   0.00    1.0
2046 359037.000   34.220324395  117.141219347    43.4230   2   0   0.0319    0.0364   0.1051  -0.0124   0.0181  -0.0287   0.00    1.0
2046 359038.000   34.220298353  117.141196047    43.3650   2   0   0.0319    0.0364   0.1050  -0.0125   0.0184  -0.0287   0.00    1.1
2046 359039.000   34.220273016  117.141172378    43.3640   2   0   0.0319    0.0363   0.1048  -0.0125   0.0184  -0.0286   0.00    1.1
2046 359040.000   34.220248356  117.141148768    43.2541   2   0   0.0319    0.0363   0.1051  -0.0127   0.0192  -0.0290   0.00    1.0
2046 359041.000   34.220222937  117.141123973    43.2058   2   0   0.0319    0.0363   0.1051  -0.0128   0.0195  -0.0291   0.00    1.0
2046 359042.000   34.220197593  117.141099389    43.1688   2   0   0.0319    0.0362   0.1049  -0.0128   0.0196  -0.0291   0.00    1.1
2046 359043.000   34.220172264  117.141075121    43.1420   2   0   0.0319    0.0362   0.1047  -0.0129   0.0198  -0.0291   0.00    1.0
2046 359044.000   34.220147427  117.141051407    43.1556   2   0   0.0319    0.0361   0.1045  -0.0129   0.0198  -0.0291   0.00    1.1
2046 359045.000   34.220123358  117.141028444    43.1620   2   0   0.0318    0.0361   0.1043  -0.0129   0.0199  -0.0291   0.00    1.1
2046 359046.000   34.220098954  117.141004388    43.1749   2   0   0.0318    0.0360   0.1042  -0.0129   0.0201  -0.0291   0.00    1.2
2046 359047.000   34.220075109  117.140979304    43.0333   2   0   0.0318    0.0361   0.1044  -0.0131   0.0208  -0.0293   0.00    1.0
2046 359048.000   34.220051940  117.140955055    43.0453   2   0   0.0318    0.0360   0.1039  -0.0130   0.0205  -0.0291   0.00    1.1
2046 359049.000   34.220028395  117.140928710    42.9099   2   0   0.0318    0.0360   0.1044  -0.0132   0.0213  -0.0295   0.00    1.3
2046 359050.000   34.220004939  117.140903165    42.9871   2   0   0.0320    0.0360   0.1045  -0.0132   0.0214  -0.0299   0.00    1.0
2046 359051.000   34.219983118  117.140881206    42.8266   2   0   0.0318    0.0360   0.1043  -0.0134   0.0218  -0.0297   0.00    1.0
2046 359052.000   34.219960996  117.140860655    42.7581   2   0   0.0318    0.0360   0.1043  -0.0135   0.0222  -0.0298   0.00    1.1
2046 359053.000   34.219939049  117.140840501    42.7445   2   0   0.0318    0.0360   0.1043  -0.0135   0.0224  -0.0299   0.00    1.2
2046 359054.000   34.219916163  117.140820816    42.7972   2   0   0.0320    0.0360   0.1044  -0.0135   0.0225  -0.0302   0.00    1.0
2046 359055.000   34.219893310  117.140802212    42.7910   2   0   0.0320    0.0359   0.1044  -0.0135   0.0227  -0.0304   0.00    1.1
2046 359056.000   34.219869756  117.140782711    42.7713   2   0   0.0320    0.0359   0.1042  -0.0135   0.0227  -0.0303   0.00    1.1
2046 359057.000   34.219845591  117.140761835    42.7657   2   0   0.0319    0.0358   0.1040  -0.0136   0.0228  -0.0303   0.00    1.0
2046 359058.000   34.219820723  117.140739743    42.7856   2   0   0.0319    0.0358   0.1038  -0.0136   0.0228  -0.0303   0.00    1.1
2046 359059.000   34.219794838  117.140716789    42.7930   2   0   0.0319    0.0357   0.1036  -0.0136   0.0229  -0.0303   0.00    1.0
2046 359060.000   34.219768366  117.140693231    42.7181   2   0   0.0319    0.0357   0.1037  -0.0137   0.0233  -0.0304   0.00    1.0
2046 359061.000   34.219742075  117.140669275    42.8295   2   0   0.0319    0.0357   0.1034  -0.0136   0.0231  -0.0302   0.00    1.6
2046 359062.000   34.219717050  117.140643299    42.6646   2   0   0.0319    0.0357   0.1038  -0.0138   0.0239  -0.0306   0.00    1.3
2046 359063.000   34.219692114  117.140617165    42.6154   2   0   0.0319    0.0357   0.1038  -0.0139   0.0241  -0.0306   0.00    1.7
2046 359064.000   34.219667063  117.140591087    42.6130   2   0   0.0319    0.0357   0.1037  -0.0139   0.0242  -0.0307   0.00    1.2
2046 359065.000   34.219641470  117.140565329    42.6134   2   0   0.0319    0.0357   0.1036  -0.0140   0.0244  -0.0307   0.00    1.1
2046 359066.000   34.219615355  117.140539367    42.6425   2   0   0.0319    0.0356   0.1034  -0.0140   0.0245  -0.0307   0.00    1.2
2046 359067.000   34.219589695  117.140513935    42.6739   2   0   0.0318    0.0356   0.1033  -0.0140   0.0245  -0.0307   0.00    1.3
2046 359068.000   34.219564012  117.140488914    42.7098   2   0   0.0318    0.0355   0.1031  -0.0140   0.0245  -0.0306   0.00    1.0
2046 359069.000   34.219537468  117.140464044    42.6561   2   0   0.0318    0.0355   0.1031  -0.0140   0.0247  -0.0307   0.00    1.2
2046 359070.000   34.219510900  117.140438993    42.5203   2   0   0.0318    0.0356   0.1034  -0.0142   0.0253  -0.0310   0.00    1.0
2046 359071.000   34.219483948  117.140414508    42.4544   2   0   0.0319    0.0356   0.1034  -0.0143   0.0255  -0.0311   0.00    1.0
2046 359072.000   34.219456883  117.140390175    42.4295   2   0   0.0318    0.0355   0.1033  -0.0143   0.0255  -0.0311   0.00    1.1
2046 359073.000   34.219429814  117.140365699    42.4218   2   0   0.0318    0.0355   0.1031  -0.0143   0.0256  -0.0311   0.00    1.1
2046 359074.000   34.219402348  117.140341547    42.4455   2   0   0.0318    0.0354   0.1029  -0.0144   0.0256  -0.0311   0.00    1.0
2046 359075.000   34.219374850  117.140317543    42.4616   2   0   0.0318    0.0354   0.1028  -0.0144   0.0256  -0.0311   0.00    1.0
2046 359076.000   34.219347487  117.140293225    42.4706   2   0   0.0318    0.0353   0.1026  -0.0144   0.0256  -0.0310   0.00    1.0
2046 359077.000   34.219320057  117.140268674    42.5021   2   0   0.0317    0.0353   0.1024  -0.0144   0.0256  -0.0310   0.00    1.1
2046 359078.000   34.219292607  117.140244165    42.5265   2   0   0.0317    0.0352   0.1022  -0.0144   0.0256  -0.0310   0.00    1.0
2046 359079.000   34.219265269  117.140219762    42.5656   2   0   0.0317    0.0352   0.1020  -0.0144   0.0256  -0.0310   0.00    1.0
2046 359080.000   34.219237992  117.140195449    42.6168   2   0   0.0317    0.0351   0.1018  -0.0144   0.0256  -0.0309   0.00    1.0
2046 359081.000   34.219210689  117.140171086    42.7035   2   0   0.0317    0.0351   0.1016  -0.0144   0.0256  -0.0309   0.00    1.1
2046 359082.000   34.219183137  117.140146546    42.7091   2   0   0.0317    0.0350   0.1019  -0.0144   0.0255  -0.0308   0.00    1.0
2046 359083.000   34.219155117  117.140122070    42.7588   2   0   0.0316    0.0350   0.1017  -0.0144   0.0253  -0.0306   0.00    1.1
2046 359084.000   34.219127341  117.140097305    42.8191   2   0   0.0316    0.0349   0.1015  -0.0143   0.0252  -0.0305   0.00    1.0
2046 359085.000   34.219099647  117.140072295    42.9512   2   0   0.0315    0.0348   0.1009  -0.0142   0.0248  -0.0301   0.00    1.1
2046 359086.000   34.219072129  117.140046735    42.9656   2   0   0.0315    0.0348   0.1007  -0.0143   0.0249  -0.0302   0.00    1.0
2046 359087.000   34.219044684  117.140020880    42.9686   2   0   0.0315    0.0348   0.1005  -0.0143   0.0249  -0.0302   0.00    1.1
2046 359088.000   34.219017015  117.139994975    43.1137   2   0   0.0314    0.0347   0.0999  -0.0141   0.0246  -0.0299   0.00    1.0
2046 359089.000   34.218989463  117.139969154    43.1448   2   0   0.0314    0.0346   0.0996  -0.0141   0.0244  -0.0297   0.00    1.0
2046 359090.000   34.218962302  117.139942944    43.0681   2   0   0.0314    0.0346   0.0998  -0.0142   0.0247  -0.0300   0.00    1.1
2046 359091.000   34.218934949  117.139916992    43.1010   2   0   0.0314    0.0346   0.0996  -0.0142   0.0248  -0.0300   0.00    1.1
2046 359092.000   34.218907653  117.139891058    43.1227   2   0   0.0314    0.0345   0.0994  -0.0142   0.0247  -0.0300   0.00    1.0
2046 359093.000   34.218880540  117.139864782    42.9214   2   0   0.0315    0.0346   0.1000  -0.0144   0.0254  -0.0304   0.00    1.2
2046 359094.000   34.218853097  117.139839003    42.8119   2   0   0.0315    0.0346   0.1001  -0.0145   0.0257  -0.0305   0.00    1.0
2046 359095.000   34.218825761  117.139813532    42.7104   2   0   0.0315    0.0346   0.1001  -0.0146   0.0259  -0.0307   0.00    1.0
2046 359096.000   34.218799145  117.139788057    42.6850   2   0   0.0315    0.0346   0.1000  -0.0146   0.0259  -0.0307   0.00    1.1
2046 359097.000   34.218773572  117.139763033    42.7384   2   0   0.0314    0.0345   0.0999  -0.0146   0.0260  -0.0307   0.00    1.0
2046 359098.000   34.218748266  117.139738014    42.7917   2   0   0.0314    0.0345   0.0998  -0.0146   0.0260  -0.0307   0.00    1.1
2046 359099.000   34.218722283  117.139712400    42.7983   2   0   0.0314    0.0345   0.1003  -0.0147   0.0261  -0.0306   0.00    1.0
2046 359100.000   34.218696273  117.139686493    42.8178   2   0   0.0314    0.0344   0.1002  -0.0147   0.0260  -0.0305   0.00    1.0
2046 359101.000   34.218670224  117.139660501    42.8670   2   0   0.0314    0.0344   0.1001  -0.0147   0.0260  -0.0305   0.00    1.0
2046 359102.000   34.218643959  117.139634523    42.9013   2   0   0.0314    0.0344   0.1001  -0.0147   0.0260  -0.0304   0.00    1.1
2046 359103.000   34.218617945  117.139608492    42.6445   2   0   0.0314    0.0345   0.1008  -0.0149   0.0268  -0.0309   0.00    1.1
2046 359104.000   34.218592666  117.139584213    42.5286   2   0   0.0314    0.0345   0.1010  -0.0150   0.0271  -0.0310   0.00    1.1
2046 359105.000   34.218566416  117.139559663    42.4324   2   0   0.0315    0.0345   0.1011  -0.0150   0.0274  -0.0311   0.00    1.0
2046 359106.000   34.218539224  117.139534556    42.3054   2   0   0.0315    0.0345   0.1012  -0.0151   0.0276  -0.0313   0.00    1.2
2046 359107.000   34.218511498  117.139509035    42.2466   2   0   0.0315    0.0345   0.1012  -0.0152   0.0278  -0.0314   0.00    1.1
2046 359108.000   34.218484031  117.139483628    42.2120   2   0   0.0314    0.0345   0.1011  -0.0152   0.0278  -0.0313   0.00    1.0
2046 359109.000   34.218456812  117.139458890    42.2270   2   0   0.0314    0.0344   0.1010  -0.0152   0.0278  -0.0313   0.00    1.0
2046 359110.000   34.218429761  117.139434301    42.2349   2   0   0.0314    0.0344   0.1008  -0.0152   0.0278  -0.0313   0.00    1.0
2046 359111.000   34.218402814  117.139410133    42.3044   2   0   0.0314    0.0343   0.1007  -0.0152   0.0278  -0.0313   0.00    1.1
2046 359112.000   34.218375595  117.139386013    42.3160   2   0   0.0314    0.0343   0.1010  -0.0152   0.0277  -0.0312   0.00    1.0
2046 359113.000   34.218349776  117.139362300    42.3452   2   0   0.0314    0.0343   0.1009  -0.0151   0.0276  -0.0311   0.00    1.0
2046 359114.000   34.218324429  117.139338836    42.4078   2   0   0.0313    0.0342   0.1006  -0.0151   0.0274  -0.0309   0.00    1.0
2046 359115.000   34.218298250  117.139314888    42.5144   2   0   0.0313    0.0341   0.1001  -0.0150   0.0271  -0.0306   0.00    1.0
2046 359116.000   34.218272324  117.139290888    42.5295   2   0   0.0313    0.0341   0.1001  -0.0150   0.0270  -0.0305   0.00    1.0
2046 359117.000   34.218246286  117.139266750    42.6393   2   0   0.0312    0.0340   0.0996  -0.0149   0.0268  -0.0303   0.00    1.0
2046 359118.000   34.218220721  117.139243156    42.7287   2   0   0.0312    0.0340   0.0994  -0.0149   0.0266  -0.0301   0.00    1.0
2046 359119.000   34.218195005  117.139218224    42.4077   2   0   0.0313    0.0341   0.1012  -0.0152   0.0278  -0.0308   0.00    1.1
2046 359120.000   34.218168993  117.139192917    42.3064   2   0   0.0313    0.0341   0.1016  -0.0153   0.0281  -0.0310   0.00    1.0
2046 359121.000   34.218143010  117.139167684    42.2344   2   0   0.0313    0.0342   0.1018  -0.0153   0.0283  -0.0311   0.00    1.0
2046 359122.000   34.218116381  117.139142260    42.2226   2   0   0.0313    0.0341   0.1017  -0.0154   0.0283  -0.0311   0.00    1.0
2046 359123.000   34.218088458  117.139116193    42.2538   2   0   0.0313    0.0341   0.1016  -0.0154   0.0283  -0.0311   0.00    1.1
2046 359124.000   34.218061236  117.139089771    42.1815   2   0   0.0313    0.0341   0.1016  -0.0154   0.0284  -0.0310   0.00    1.0
2046 359125.000   34.218034198  117.139063120    42.0763   2   0   0.0313    0.0341   0.1021  -0.0155   0.0288  -0.0313   0.00    1.2
2046 359126.000   34.218006675  117.139036560    42.0611   2   0   0.0313    0.0341   0.1022  -0.0156   0.0289  -0.0314   0.00    1.0
2046 359127.000   34.217978716  117.139009854    42.1653   2   0   0.0313    0.0341   0.1018  -0.0155   0.0287  -0.0313   0.00    1.0
2046 359128.000   34.217951252  117.138982026    42.0718   2   0   0.0313    0.0341   0.1023  -0.0157   0.0291  -0.0315   0.00    1.0
2046 359129.000   34.217923290  117.138954578    42.0568   2   0   0.0313    0.0341   0.1024  -0.0157   0.0293  -0.0316   0.00    1.0
2046 359130.000   34.217894773  117.138927820    41.9929   2   0   0.0313    0.0341   0.1025  -0.0158   0.0295  -0.0317   0.00    1.0
2046 359131.000   34.217865949  117.138901453    41.7692   2   0   0.0313    0.0342   0.1035  -0.0159   0.0299  -0.0319   0.00    1.0
2046 359132.000   34.217837245  117.138874967    41.6082   2   0   0.0314    0.0342   0.1040  -0.0159   0.0302  -0.0320   0.00    1.1
2046 359133.000   34.217809109  117.138848462    41.4878   2   0   0.0314    0.0342   0.1045  -0.0160   0.0305  -0.0322   0.00    1.4
2046 359134.000   34.217781749  117.138822338    41.3859   2   0   0.0314    0.0342   0.1049  -0.0160   0.0308  -0.0323   0.00    1.7
2046 359135.000   34.217755031  117.138796185    41.3013   2   0   0.0314    0.0342   0.1053  -0.0161   0.0311  -0.0324   0.00    1.0
2046 359136.000   34.217728479  117.138770643    41.1995   2   0   0.0314    0.0343   0.1058  -0.0162   0.0313  -0.0325   0.00    1.3
2046 359137.000   34.217701910  117.138745888    41.1030   2   0   0.0314    0.0343   0.1061  -0.0162   0.0316  -0.0326   0.00    1.1
2046 359138.000   34.217675383  117.138721604    41.0041   2   0   0.0314    0.0343   0.1065  -0.0163   0.0318  -0.0327   0.00    1.0
2046 359139.000   34.217649985  117.138698881    41.0799   2   0   0.0314    0.0343   0.1058  -0.0163   0.0316  -0.0326   0.00    1.1
2046 359140.000   34.217624452  117.138675982    41.0898   2   0   0.0314    0.0343   0.1056  -0.0163   0.0317  -0.0327   0.00    1.0
2046 359141.000   34.217598819  117.138652325    40.9708   2   0   0.0314    0.0343   0.1059  -0.0164   0.0320  -0.0329   0.00    1.0
2046 359142.000   34.217574297  117.138629160    40.9145   2   0   0.0314    0.0343   0.1060  -0.0164   0.0322  -0.0330   0.00    1.0
2046 359143.000   34.217549571  117.138605201    40.8733   2   0   0.0314    0.0343   0.1059  -0.0165   0.0323  -0.0331   0.00    1.0
2046 359144.000   34.217524179  117.138580593    40.8378   2   0   0.0314    0.0343   0.1059  -0.0165   0.0324  -0.0331   0.00    1.1
2046 359145.000   34.217499230  117.138556907    40.8529   2   0   0.0314    0.0343   0.1057  -0.0165   0.0324  -0.0331   0.00    1.0
2046 359146.000   34.217475622  117.138534635    40.9085   2   0   0.0314    0.0342   0.1055  -0.0165   0.0323  -0.0331   0.00    1.2
2046 359147.000   34.217452336  117.138513108    40.9273   2   0   0.0314    0.0342   0.1054  -0.0165   0.0323  -0.0331   0.00    1.0
2046 359148.000   34.217428946  117.138491821    40.9870   2   0   0.0314    0.0342   0.1052  -0.0165   0.0323  -0.0330   0.00    1.2
2046 359149.000   34.217404535  117.138469975    40.9759   2   0   0.0314    0.0342   0.1051  -0.0165   0.0323  -0.0330   0.00    1.0
2046 359150.000   34.217379735  117.138446956    40.8341   2   0   0.0314    0.0342   0.1055  -0.0167   0.0328  -0.0333   0.00    1.0
2046 359151.000   34.217354682  117.138423718    40.7794   2   0   0.0314    0.0343   0.1056  -0.0167   0.0330  -0.0335   0.00    1.2
2046 359152.000   34.217329940  117.138399986    40.6978   2   0   0.0314    0.0343   0.1057  -0.0168   0.0332  -0.0336   0.00    1.0
2046 359153.000   34.217305355  117.138376007    40.6974   2   0   0.0314    0.0343   0.1065  -0.0168   0.0335  -0.0337   0.00    1.1
2046 359154.000   34.217281458  117.138352557    40.4795   2   0   0.0314    0.0344   0.1074  -0.0169   0.0339  -0.0339   0.00    1.3
2046 359155.000   34.217256720  117.138329157    40.3327   2   0   0.0315    0.0344   0.1080  -0.0170   0.0342  -0.0340   0.00    1.1
2046 359156.000   34.217231364  117.138304992    40.2006   2   0   0.0315    0.0344   0.1084  -0.0170   0.0344  -0.0341   0.00    1.0
2046 359157.000   34.217205802  117.138280707    40.0939   2   0   0.0315    0.0344   0.1088  -0.0171   0.0346  -0.0342   0.00    1.1
2046 359158.000   34.217179899  117.138256315    40.0127   2   0   0.0315    0.0345   0.1092  -0.0172   0.0348  -0.0343   0.00    1.2
2046 359159.000   34.217153693  117.138232063    39.9119   2   0   0.0315    0.0345   0.1096  -0.0172   0.0350  -0.0344   0.00    1.1
2046 359160.000   34.217127180  117.138207996    39.8251   2   0   0.0315    0.0345   0.1100  -0.0173   0.0353  -0.0345   0.00    1.1
2046 359161.000   34.217099890  117.138183689    39.9020   2   0   0.0315    0.0345   0.1096  -0.0172   0.0351  -0.0344   0.00    1.1
2046 359162.000   34.217072264  117.138157853    39.8252   2   0   0.0315    0.0345   0.1098  -0.0173   0.0352  -0.0344   0.00    1.0
2046 359163.000   34.217043562  117.138130887    39.8741   2   0   0.0315    0.0344   0.1096  -0.0173   0.0351  -0.0344   0.00    1.0
2046 359164.000   34.217014811  117.138103684    39.9167   2   0   0.0315    0.0344   0.1095  -0.0173   0.0350  -0.0343   0.00    1.2
2046 359165.000   34.216986316  117.138077289    39.9868   2   0   0.0315    0.0344   0.1093  -0.0172   0.0349  -0.0342   0.00    1.0
2046 359166.000   34.216957634  117.138050256    40.0941   2   0   0.0315    0.0343   0.1092  -0.0172   0.0348  -0.0341   0.00    1.1
2046 359167.000   34.216928532  117.138022231    40.2514   2   0   0.0314    0.0343   0.1090  -0.0172   0.0347  -0.0341   0.00    1.0
2046 359168.000   34.216899262  117.137993409    40.3841   2   0   0.0314    0.0343   0.1087  -0.0172   0.0346  -0.0339   0.00    1.0
2046 359169.000   34.216869862  117.137963630    40.0159   2   0   0.0315    0.0344   0.1103  -0.0174   0.0354  -0.0345   0.00    1.1
2046 359170.000   34.216839399  117.137934682    39.9846   2   0   0.0317    0.0357   0.1161  -0.0183   0.0401  -0.0363   0.00    1.0
2046 359171.000   34.216807824  117.137904619    39.8764   2   0   0.0318    0.0362   0.1182  -0.0187   0.0416  -0.0370   0.00    1.2
2046 359172.000   34.216776061  117.137874433    39.7936   2   0   0.0319    0.0366   0.1199  -0.0189   0.0428  -0.0375   0.00    1.2
2046 359173.000   34.216744510  117.137844329    39.7374   2   0   0.0319    0.0369   0.1215  -0.0192   0.0440  -0.0380   0.00    1.2
2046 359174.000   34.216712679  117.137813887    39.7119   2   0   0.0320    0.0372   0.1229  -0.0194   0.0450  -0.0385   0.00    1.0
2046 359175.000   34.216680228  117.137782926    39.7696   2   0   0.0320    0.0373   0.1229  -0.0195   0.0451  -0.0386   0.00    1.1
2046 359176.000   34.216648015  117.137751644    39.8533   2   0   0.0320    0.0374   0.1230  -0.0196   0.0453  -0.0386   0.00    1.1
2046 359177.000   34.216615953  117.137720140    39.8917   2   0   0.0321    0.0375   0.1232  -0.0197   0.0456  -0.0388   0.00    1.1
2046 359178.000   34.216584029  117.137689266    39.9958   2   0   0.0321    0.0376   0.1233  -0.0197   0.0458  -0.0389   0.00    1.0
2046 359179.000   34.216552524  117.137657683    39.8862   2   0   0.0322    0.0382   0.1265  -0.0201   0.0477  -0.0398   0.00    1.0
2046 359180.000   34.216520709  117.137625602    39.8868   2   0   0.0322    0.0384   0.1277  -0.0203   0.0486  -0.0401   0.00    1.1
2046 359181.000   34.216488646  117.137593587    40.0680   2   0   0.0321    0.0378   0.1248  -0.0199   0.0466  -0.0392   0.00    1.2
2046 359182.000   34.216456862  117.137560145    40.2065   2   0   0.0321    0.0377   0.1242  -0.0198   0.0463  -0.0390   0.00    1.1
2046 359183.000   34.216427864  117.137525473    40.3725   2   0   0.0321    0.0376   0.1237  -0.0197   0.0460  -0.0389   0.00    1.0
2046 359184.000   34.216401090  117.137486263    40.4277   2   0   0.0321    0.0376   0.1230  -0.0196   0.0457  -0.0387   0.00    1.1
2046 359185.000   34.216376586  117.137445255    40.5699   2   0   0.0320    0.0375   0.1225  -0.0196   0.0455  -0.0386   0.00    1.0
2046 359186.000   34.216353994  117.137405601    40.6597   2   0   0.0320    0.0375   0.1225  -0.0195   0.0454  -0.0385   0.00    1.2
2046 359187.000   34.216332074  117.137367205    40.7695   2   0   0.0320    0.0374   0.1219  -0.0195   0.0451  -0.0384   0.00    1.0
2046 359188.000   34.216311973  117.137328378    40.8659   2   0   0.0320    0.0373   0.1214  -0.0194   0.0449  -0.0383   0.00    1.0
2046 359189.000   34.216293717  117.137290689    40.9876   2   0   0.0320    0.0373   0.1210  -0.0194   0.0447  -0.0382   0.00    1.1
2046 359190.000   34.216277020  117.137252296    41.0367   2   0   0.0320    0.0371   0.1206  -0.0194   0.0445  -0.0381   0.00    1.0
2046 359191.000   34.216261994  117.137212875    41.1271   2   0   0.0319    0.0371   0.1202  -0.0193   0.0443  -0.0380   0.00    1.1
2046 359192.000   34.216248618  117.137171838    41.2555   2   0   0.0319    0.0370   0.1198  -0.0192   0.0442  -0.0379   0.00    1.1
2046 359193.000   34.216237280  117.137129755    41.2849   2   0   0.0319    0.0370   0.1199  -0.0192   0.0440  -0.0378   0.00    1.2
2046 359194.000   34.216227546  117.137085868    41.3646   2   0   0.0319    0.0369   0.1196  -0.0191   0.0438  -0.0377   0.00    1.2
2046 359195.000   34.216218920  117.137042068    41.6512   2   0   0.0319    0.0370   0.1195  -0.0191   0.0438  -0.0376   0.00    1.0
2046 359196.000   34.216211700  117.136999192    41.9668   2   0   0.0322    0.0382   0.1254  -0.0201   0.0477  -0.0396   0.00    1.1
2046 359197.000   34.216205858  117.136954393    42.2648   2   0   0.0323    0.0385   0.1273  -0.0204   0.0489  -0.0403   0.00    1.3
2046 359198.000   34.216201443  117.136909263    42.3948   2   0   0.0322    0.0384   0.1265  -0.0203   0.0484  -0.0401   0.00    1.6
2046 359199.000   34.216197853  117.136864298    42.4128   2   0   0.0322    0.0382   0.1257  -0.0202   0.0479  -0.0399   0.00    1.0
2046 359200.000   34.216194067  117.136818865    42.4888   2   0   0.0322    0.0381   0.1252  -0.0201   0.0477  -0.0399   0.00    1.1
2046 359201.000   34.216189877  117.136775039    42.5777   2   0   0.0322    0.0380   0.1250  -0.0201   0.0476  -0.0399   0.00    1.0
2046 359202.000   34.216185308  117.136732673    42.6963   2   0   0.0322    0.0379   0.1246  -0.0201   0.0474  -0.0398   0.00    1.1
2046 359203.000   34.216180285  117.136689598    42.8159   2   0   0.0322    0.0379   0.1242  -0.0200   0.0471  -0.0398   0.00    1.0
2046 359204.000   34.216174728  117.136645078    42.9514   2   0   0.0322    0.0378   0.1237  -0.0200   0.0469  -0.0397   0.00    1.1
2046 359205.000   34.216168694  117.136600284    43.0844   2   0   0.0322    0.0378   0.1233  -0.0200   0.0467  -0.0397   0.00    1.0
2046 359206.000   34.216162520  117.136555314    43.1433   2   0   0.0322    0.0377   0.1230  -0.0199   0.0465  -0.0396   0.00    1.1
2046 359207.000   34.216155435  117.136509434    43.2211   2   0   0.0322    0.0377   0.1226  -0.0198   0.0463  -0.0396   0.00    1.1
2046 359208.000   34.216147270  117.136462511    43.2967   2   0   0.0322    0.0376   0.1222  -0.0198   0.0461  -0.0396   0.00    1.2
2046 359209.000   34.216137241  117.136415501    43.3650   2   0   0.0322    0.0375   0.1219  -0.0197   0.0459  -0.0395   0.00    1.1
2046 359210.000   34.216125787  117.136368544    43.4307   2   0   0.0322    0.0375   0.1215  -0.0197   0.0458  -0.0395   0.00    1.0
2046 359211.000   34.216113340  117.136323072    43.4847   2   0   0.0322    0.0374   0.1212  -0.0196   0.0456  -0.0394   0.00    1.1
2046 359212.000   34.216100343  117.136278941    43.4841   2   0   0.0321    0.0374   0.1209  -0.0196   0.0454  -0.0394   0.00    1.1
2046 359213.000   34.216087346  117.136234921    43.5954   2   0   0.0321    0.0373   0.1205  -0.0196   0.0452  -0.0393   0.00    1.0
2046 359214.000   34.216073476  117.136190821    43.6290   2   0   0.0321    0.0372   0.1202  -0.0195   0.0450  -0.0393   0.00    1.0
2046 359215.000   34.216058133  117.136147126    43.6616   2   0   0.0321    0.0372   0.1199  -0.0195   0.0449  -0.0393   0.00    1.1
2046 359216.000   34.216040895  117.136103087    43.6976   2   0   0.0321    0.0371   0.1195  -0.0194   0.0447  -0.0393   0.00    1.0
2046 359217.000   34.216022088  117.136059908    43.9309   2   0   0.0321    0.0371   0.1193  -0.0193   0.0446  -0.0392   0.00    1.1
2046 359218.000   34.216002407  117.136017225    44.0326   2   0   0.0321    0.0371   0.1192  -0.0193   0.0445  -0.0392   0.00    1.0
2046 359219.000   34.215982075  117.135975530    44.1191   2   0   0.0321    0.0370   0.1190  -0.0193   0.0445  -0.0392   0.00    1.0
2046 359220.000   34.215960677  117.135934779    44.1452   2   0   0.0321    0.0370   0.1188  -0.0193   0.0444  -0.0391   0.00    1.3
2046 359221.000   34.215938163  117.135894692    44.1757   2   0   0.0321    0.0370   0.1186  -0.0192   0.0444  -0.0391   0.00    1.0
2046 359222.000   34.215914566  117.135855051    44.1885   2   0   0.0321    0.0370   0.1184  -0.0192   0.0443  -0.0390   0.00    1.0
2046 359223.000   34.215890638  117.135816271    44.1957   2   0   0.0321    0.0369   0.1182  -0.0192   0.0442  -0.0390   0.00    1.1
2046 359224.000   34.215867572  117.135777943    44.2488   2   0   0.0321    0.0369   0.1180  -0.0191   0.0442  -0.0389   0.00    1.0
2046 359225.000   34.215844894  117.135741007    44.2082   2   0   0.0322    0.0374   0.1189  -0.0195   0.0452  -0.0394   0.00    1.1
2046 359226.000   34.215821835  117.135706400    44.2284   2   0   0.0322    0.0376   0.1190  -0.0197   0.0455  -0.0396   0.00    1.2
2046 359227.000   34.215797184  117.135673787    44.1541   2   0   0.0322    0.0375   0.1187  -0.0196   0.0454  -0.0395   0.00    1.0
2046 359228.000   34.215769883  117.135642930    44.0778   2   0   0.0321    0.0374   0.1187  -0.0196   0.0454  -0.0394   0.00    1.0
2046 359229.000   34.215741048  117.135613795    44.0309   2   0   0.0320    0.0373   0.1186  -0.0194   0.0451  -0.0391   0.00    1.0
2046 359230.000   34.215711292  117.135584973    44.0597   2   0   0.0320    0.0373   0.1183  -0.0193   0.0449  -0.0388   0.00    1.1
2046 359231.000   34.215681295  117.135556017    43.5939   2   0   0.0321    0.0374   0.1199  -0.0195   0.0456  -0.0394   0.00    1.2
2046 359232.000   34.215650473  117.135528685    43.3586   2   0   0.0321    0.0375   0.1203  -0.0196   0.0459  -0.0396   0.00    1.1
2046 359233.000   34.215618532  117.135502187    43.2720   2   0   0.0321    0.0375   0.1203  -0.0196   0.0459  -0.0396   0.00    1.1
2046 359234.000   34.215585625  117.135476881    42.9996   2   0   0.0321    0.0375   0.1209  -0.0196   0.0462  -0.0398   0.00    1.1
2046 359235.000   34.215552571  117.135453873    42.8354   2   0   0.0321    0.0375   0.1208  -0.0197   0.0463  -0.0399   0.00    1.1
2046 359236.000   34.215519001  117.135432022    42.7310   2   0   0.0321    0.0375   0.1207  -0.0198   0.0464  -0.0399   0.00    1.2
2046 359237.000   34.215485305  117.135410826    42.6232   2   0   0.0321    0.0376   0.1207  -0.0198   0.0464  -0.0400   0.00    1.2
2046 359238.000   34.215450921  117.135390189    42.5530   2   0   0.0321    0.0376   0.1207  -0.0198   0.0465  -0.0400   0.00    1.1
2046 359239.000   34.215416822  117.135371725    42.3756   2   0   0.0322    0.0376   0.1206  -0.0199   0.0466  -0.0401   0.00    1.0
2046 359240.000   34.215382947  117.135355165    42.1898   2   0   0.0322    0.0376   0.1207  -0.0199   0.0467  -0.0401   0.00    1.1
2046 359241.000   34.215348054  117.135338875    42.0859   2   0   0.0322    0.0376   0.1214  -0.0200   0.0469  -0.0402   0.00    1.3
2046 359242.000   34.215313876  117.135322317    41.8305   2   0   0.0322    0.0377   0.1221  -0.0200   0.0471  -0.0404   0.00    1.0
2046 359243.000   34.215280610  117.135306914    41.6717   2   0   0.0322    0.0377   0.1224  -0.0201   0.0473  -0.0405   0.00    1.1
2046 359244.000   34.215248549  117.135293085    41.5800   2   0   0.0322    0.0377   0.1222  -0.0201   0.0473  -0.0406   0.00    1.1
2046 359245.000   34.215218521  117.135280380    41.4859   2   0   0.0322    0.0377   0.1221  -0.0201   0.0474  -0.0406   0.00    1.0
2046 359246.000   34.215190317  117.135268798    41.3752   2   0   0.0322    0.0377   0.1221  -0.0202   0.0475  -0.0407   0.00    1.1
2046 359247.000   34.215162119  117.135258522    41.2953   2   0   0.0322    0.0377   0.1220  -0.0202   0.0475  -0.0407   0.00    1.1
2046 359248.000   34.215131883  117.135248460    41.1594   2   0   0.0322    0.0377   0.1220  -0.0202   0.0476  -0.0408   0.00    1.0
2046 359249.000   34.215100076  117.135239591    40.9408   2   0   0.0322    0.0378   0.1231  -0.0203   0.0479  -0.0410   0.00    1.1
2046 359250.000   34.215066658  117.135232816    40.7864   2   0   0.0322    0.0378   0.1235  -0.0203   0.0481  -0.0411   0.00    1.2
2046 359251.000   34.215031911  117.135227792    40.6320   2   0   0.0323    0.0378   0.1238  -0.0204   0.0482  -0.0412   0.00    1.2
2046 359252.000   34.214996039  117.135223602    40.5042   2   0   0.0323    0.0378   0.1241  -0.0205   0.0483  -0.0414   0.00    1.0
2046 359253.000   34.214960314  117.135219587    40.5216   2   0   0.0324    0.0379   0.1246  -0.0206   0.0483  -0.0412   0.00    1.2
2046 359254.000   34.214923995  117.135216056    40.4935   2   0   0.0325    0.0379   0.1249  -0.0207   0.0484  -0.0413   0.00    1.1
2046 359255.000   34.214887262  117.135212559    40.4424   2   0   0.0325    0.0379   0.1252  -0.0208   0.0484  -0.0414   0.00    1.1
2046 359256.000   34.214849739  117.135209738    40.3717   2   0   0.0326    0.0380   0.1255  -0.0209   0.0485  -0.0414   0.00    1.0
2046 359257.000   34.214811795  117.135207817    40.2881   2   0   0.0326    0.0380   0.1258  -0.0209   0.0486  -0.0415   0.00    1.2
2046 359258.000   34.214773610  117.135206622    40.3059   2   0   0.0327    0.0380   0.1257  -0.0210   0.0485  -0.0415   0.00    1.1
2046 359259.000   34.214735358  117.135205894    40.3561   2   0   0.0327    0.0379   0.1254  -0.0210   0.0483  -0.0415   0.00    1.0
2046 359260.000   34.214697019  117.135205996    40.3432   2   0   0.0327    0.0379   0.1255  -0.0211   0.0483  -0.0415   0.00    1.0
2046 359261.000   34.214659048  117.135206438    40.3804   2   0   0.0328    0.0379   0.1254  -0.0211   0.0482  -0.0414   0.00    1.0
2046 359262.000   34.214621574  117.135206962    40.4439   2   0   0.0328    0.0379   0.1252  -0.0211   0.0481  -0.0414   0.00    1.0
2046 359263.000   34.214584984  117.135207431    40.5107   2   0   0.0328    0.0379   0.1250  -0.0211   0.0480  -0.0413   0.00    1.0
2046 359264.000   34.214548724  117.135207994    40.6219   2   0   0.0328    0.0378   0.1246  -0.0211   0.0477  -0.0412   0.00    1.0
2046 359265.000   34.214512408  117.135208462    40.7968   2   0   0.0328    0.0377   0.1240  -0.0210   0.0473  -0.0409   0.00    1.1
2046 359266.000   34.214476044  117.135208463    40.8983   2   0   0.0328    0.0376   0.1232  -0.0210   0.0469  -0.0407   0.00    1.1
2046 359267.000   34.214439556  117.135208254    41.0058   2   0   0.0328    0.0375   0.1225  -0.0209   0.0466  -0.0405   0.00    1.0
2046 359268.000   34.214402690  117.135207785    41.1230   2   0   0.0328    0.0374   0.1219  -0.0209   0.0462  -0.0403   0.00    1.1
2046 359269.000   34.214365770  117.135206660    41.1755   2   0   0.0328    0.0374   0.1221  -0.0208   0.0461  -0.0402   0.00    1.0
2046 359270.000   34.214328845  117.135205632    41.2018   2   0   0.0328    0.0374   0.1220  -0.0209   0.0461  -0.0402   0.00    1.1
2046 359271.000   34.214291972  117.135205342    41.3392   2   0   0.0328    0.0373   0.1216  -0.0208   0.0458  -0.0400   0.00    1.0
2046 359272.000   34.214255734  117.135205834    41.3543   2   0   0.0328    0.0373   0.1214  -0.0208   0.0457  -0.0399   0.00    1.1
2046 359273.000   34.214220088  117.135206898    41.3828   2   0   0.0328    0.0373   0.1213  -0.0209   0.0456  -0.0399   0.00    1.1
2046 359274.000   34.214186056  117.135207331    41.1944   2   0   0.0329    0.0374   0.1222  -0.0210   0.0460  -0.0402   0.00    1.1
2046 359275.000   34.214153492  117.135207406    40.9491   2   0   0.0329    0.0374   0.1230  -0.0210   0.0464  -0.0405   0.00    1.2
2046 359276.000   34.214122261  117.135207511    40.8311   2   0   0.0329    0.0374   0.1230  -0.0210   0.0464  -0.0406   0.00    1.2
2046 359277.000   34.214092083  117.135207935    40.6358   2   0   0.0329    0.0374   0.1237  -0.0211   0.0467  -0.0409   0.00    1.1
2046 359278.000   34.214060104  117.135208379    40.5769   2   0   0.0330    0.0375   0.1242  -0.0213   0.0468  -0.0409   0.00    1.0
2046 359279.000   34.214025330  117.135208946    40.4755   2   0   0.0331    0.0375   0.1246  -0.0213   0.0469  -0.0410   0.00    1.1
2046 359280.000   34.213988395  117.135208774    40.4088   2   0   0.0331    0.0375   0.1247  -0.0214   0.0469  -0.0410   0.00    1.1
2046 359281.000   34.213950065  117.135207639    40.2600   2   0   0.0332    0.0376   0.1253  -0.0215   0.0471  -0.0411   0.00    1.0
2046 359282.000   34.213910683  117.135205766    40.1001   2   0   0.0332    0.0376   0.1256  -0.0216   0.0472  -0.0412   0.00    1.1
2046 359283.000   34.213871355  117.135203842    40.0193   2   0   0.0332    0.0376   0.1259  -0.0216   0.0473  -0.0413   0.00    1.0
2046 359284.000   34.213831929  117.135201852    39.9201   2   0   0.0333    0.0377   0.1263  -0.0217   0.0474  -0.0415   0.00    1.1
2046 359285.000   34.213792054  117.135199953    39.8372   2   0   0.0333    0.0377   0.1266  -0.0217   0.0475  -0.0415   0.00    1.1
2046 359286.000   34.213751963  117.135198634    39.7179   2   0   0.0334    0.0377   0.1269  -0.0218   0.0476  -0.0417   0.00    1.2
2046 359287.000   34.213711742  117.135197415    39.6252   2   0   0.0334    0.0377   0.1272  -0.0219   0.0477  -0.0417   0.00    1.0
2046 359288.000   34.213671344  117.135197101    39.5146   2   0   0.0334    0.0378   0.1275  -0.0219   0.0478  -0.0419   0.00    1.1
2046 359289.000   34.213631758  117.135197497    39.4162   2   0   0.0335    0.0378   0.1278  -0.0220   0.0479  -0.0420   0.00    1.2
2046 359290.000   34.213592495  117.135199131    39.3413   2   0   0.0335    0.0378   0.1280  -0.0221   0.0480  -0.0421   0.00    1.0
2046 359291.000   34.213553579  117.135201412    39.2593   2   0   0.0336    0.0378   0.1283  -0.0221   0.0481  -0.0421   0.00    1.3
2046 359292.000   34.213514656  117.135202974    39.1535   2   0   0.0336    0.0378   0.1286  -0.0222   0.0482  -0.0422   0.00    1.1
2046 359293.000   34.213475687  117.135203587    39.0425   2   0   0.0336    0.0379   0.1289  -0.0222   0.0483  -0.0423   0.00    1.0
2046 359294.000   34.213437061  117.135203656    38.9423   2   0   0.0337    0.0379   0.1292  -0.0223   0.0484  -0.0424   0.00    1.1
2046 359295.000   34.213399149  117.135203951    38.8455   2   0   0.0337    0.0379   0.1294  -0.0224   0.0485  -0.0425   0.00    1.1
2046 359296.000   34.213362011  117.135204642    38.7730   2   0   0.0337    0.0380   0.1297  -0.0224   0.0486  -0.0426   0.00    1.0
2046 359297.000   34.213325080  117.135205320    38.6575   2   0   0.0338    0.0380   0.1300  -0.0225   0.0487  -0.0427   0.00    1.0
2046 359298.000   34.213288109  117.135205788    38.5914   2   0   0.0338    0.0380   0.1303  -0.0225   0.0488  -0.0428   0.00    1.0
2046 359299.000   34.213251242  117.135204485    38.4729   2   0   0.0339    0.0380   0.1306  -0.0226   0.0489  -0.0429   0.00    1.1
2046 359300.000   34.213214451  117.135202959    38.3690   2   0   0.0339    0.0381   0.1310  -0.0227   0.0491  -0.0430   0.00    1.1
2046 359301.000   34.213178013  117.135201816    38.2925   2   0   0.0339    0.0381   0.1312  -0.0227   0.0492  -0.0431   0.00    1.1
2046 359302.000   34.213140558  117.135201040    38.1901   2   0   0.0340    0.0381   0.1315  -0.0228   0.0493  -0.0432   0.00    1.0
2046 359303.000   34.213101654  117.135200823    38.1069   2   0   0.0340    0.0382   0.1318  -0.0229   0.0494  -0.0433   0.00    1.0
2046 359304.000   34.213062252  117.135200265    37.9879   2   0   0.0341    0.0382   0.1320  -0.0229   0.0495  -0.0434   0.00    1.0
2046 359305.000   34.213023536  117.135199920    37.8953   2   0   0.0341    0.0382   0.1323  -0.0230   0.0496  -0.0435   0.00    1.1
2046 359306.000   34.212985632  117.135200109    37.8564   2   0   0.0341    0.0382   0.1322  -0.0230   0.0496  -0.0435   0.00    1.1
2046 359307.000   34.212948067  117.135200321    37.8107   2   0   0.0341    0.0382   0.1322  -0.0231   0.0496  -0.0435   0.00    1.0
2046 359308.000   34.212910802  117.135199946    37.6655   2   0   0.0342    0.0383   0.1329  -0.0231   0.0498  -0.0438   0.00    1.0
2046 359309.000   34.212873544  117.135199071    37.5438   2   0   0.0342    0.0383   0.1332  -0.0232   0.0500  -0.0439   0.00    1.3
2046 359310.000   34.212836743  117.135198393    37.4240   2   0   0.0343    0.0383   0.1334  -0.0233   0.0500  -0.0440   0.00    1.1
2046 359311.000   34.212801174  117.135197603    37.3634   2   0   0.0343    0.0384   0.1337  -0.0233   0.0502  -0.0441   0.00    1.1
2046 359312.000   34.212766789  117.135196793    37.2913   2   0   0.0343    0.0384   0.1339  -0.0234   0.0502  -0.0442   0.00    1.1
2046 359313.000   34.212733168  117.135196315    37.1421   2   0   0.0343    0.0384   0.1341  -0.0234   0.0504  -0.0444   0.00    1.2
2046 359314.000   34.212699920  117.135196133    37.0267   2   0   0.0343    0.0384   0.1343  -0.0234   0.0505  -0.0445   0.00    1.0
2046 359315.000   34.212665363  117.135195811    37.0367   2   0   0.0344    0.0384   0.1346  -0.0235   0.0505  -0.0445   0.00    1.0
2046 359316.000   34.212629363  117.135196280    36.9784   2   0   0.0345    0.0384   0.1348  -0.0235   0.0506  -0.0446   0.00    1.2
2046 359317.000   34.212592898  117.135197088    36.8963   2   0   0.0345    0.0385   0.1350  -0.0236   0.0507  -0.0446   0.00    1.1
2046 359318.000   34.212555388  117.135197749    36.8068   2   0   0.0345    0.0385   0.1353  -0.0237   0.0508  -0.0447   0.00    1.0
2046 359319.000   34.212518241  117.135198248    36.7220   2   0   0.0346    0.0385   0.1355  -0.0237   0.0509  -0.0448   0.00    1.1
2046 359320.000   34.212481875  117.135197948    36.6914   2   0   0.0346    0.0385   0.1354  -0.0237   0.0509  -0.0448   0.00    1.1
2046 359321.000   34.212445906  117.135196706    36.5955   2   0   0.0346    0.0386   0.1359  -0.0238   0.0510  -0.0450   0.00    1.2
2046 359322.000   34.212409737  117.135195542    36.5032   2   0   0.0347    0.0386   0.1361  -0.0239   0.0511  -0.0451   0.00    1.2
2046 359323.000   34.212373158  117.135194732    36.4156   2   0   0.0347    0.0386   0.1363  -0.0239   0.0512  -0.0451   0.00    1.0
2046 359324.000   34.212336408  117.135194926    36.3901   2   0   0.0347    0.0386   0.1361  -0.0239   0.0511  -0.0451   0.00    1.1
2046 359325.000   34.212300174  117.135194935    36.2915   2   0   0.0348    0.0386   0.1367  -0.0240   0.0513  -0.0453   0.00    1.1
2046 359326.000   34.212264721  117.135194726    36.2022   2   0   0.0348    0.0387   0.1369  -0.0241   0.0514  -0.0454   0.00    1.0
2046 359327.000   34.212229437  117.135194478    36.1233   2   0   0.0348    0.0387   0.1372  -0.0241   0.0515  -0.0455   0.00    1.0
2046 359328.000   34.212194357  117.135194192    36.0476   2   0   0.0348    0.0387   0.1374  -0.0241   0.0516  -0.0455   0.00    1.1
2046 359329.000   34.212159831  117.135194504    36.0541   2   0   0.0348    0.0387   0.1371  -0.0241   0.0515  -0.0454   0.00    1.0
2046 359330.000   34.212126241  117.135195460    36.0802   2   0   0.0348    0.0387   0.1369  -0.0241   0.0514  -0.0454   0.00    1.1
2046 359331.000   34.212093418  117.135196686    35.9518   2   0   0.0349    0.0387   0.1375  -0.0242   0.0517  -0.0456   0.00    1.0
2046 359332.000   34.212059302  117.135197634    35.8881   2   0   0.0349    0.0388   0.1378  -0.0243   0.0518  -0.0457   0.00    1.0
2046 359333.000   34.212025097  117.135197452    35.8261   2   0   0.0350    0.0388   0.1380  -0.0243   0.0518  -0.0458   0.00    1.1
2046 359334.000   34.211991630  117.135196768    35.6854   2   0   0.0349    0.0388   0.1381  -0.0243   0.0520  -0.0460   0.00    1.0
2046 359335.000   34.211959027  117.135196862    35.5675   2   0   0.0349    0.0388   0.1382  -0.0243   0.0521  -0.0461   0.00    1.0
2046 359336.000   34.211928142  117.135200478    35.6420   2   0   0.0350    0.0388   0.1380  -0.0244   0.0519  -0.0459   0.00    1.0
2046 359337.000   34.211899200  117.135210553    35.7519   2   0   0.0350    0.0387   0.1374  -0.0243   0.0516  -0.0457   0.00    1.0
2046 359338.000   34.211872853  117.135224880    35.9033   2   0   0.0349    0.0386   0.1368  -0.0242   0.0512  -0.0454   0.00    1.0
2046 359339.000   34.211848471  117.135241846    35.9598   2   0   0.0349    0.0385   0.1362  -0.0242   0.0510  -0.0454   0.00    1.1
2046 359340.000   34.211826225  117.135263079    36.0192   2   0   0.0349    0.0384   0.1356  -0.0241   0.0507  -0.0452   0.00    1.0
2046 359341.000   34.211806194  117.135290047    36.0843   2   0   0.0348    0.0383   0.1348  -0.0240   0.0503  -0.0450   0.00    1.1
2046 359342.000   34.211789300  117.135322396    36.1857   2   0   0.0347    0.0383   0.1351  -0.0239   0.0504  -0.0449   0.00    1.0
2046 359343.000   34.211777717  117.135358569    36.2184   2   0   0.0347    0.0382   0.1346  -0.0238   0.0501  -0.0447   0.00    1.0
2046 359344.000   34.211772162  117.135397366    36.3333   2   0   0.0346    0.0381   0.1339  -0.0237   0.0498  -0.0443   0.00    1.4
2046 359345.000   34.211771750  117.135436763    36.4136   2   0   0.0345    0.0380   0.1335  -0.0235   0.0495  -0.0440   0.00    1.1
2046 359346.000   34.211774525  117.135477522    36.5844   2   0   0.0356    0.0380   0.1334  -0.0240   0.0490  -0.0430   0.00    1.3
2046 359347.000   34.211774200  117.135520268    36.3204   2   0   0.0409    0.0380   0.1343  -0.0247   0.0483  -0.0382   0.00    1.2
2046 359348.000   34.211772151  117.135564003    35.7776   2   0   0.0509    0.0380   0.1374  -0.0262   0.0473  -0.0224   0.00    1.0
2046 359349.000   34.211776084  117.135606945    35.5315   2   0   0.0492    0.0384   0.1380  -0.0266   0.0487  -0.0301   0.00    1.0
2046 359350.000   34.211777386  117.135649678    34.5869   2   0   0.4074    0.1959   0.4334  -0.2798   0.2847  -0.4069   0.00    0.0
2046 359351.000   34.211782434  117.135691374    33.3263   2   0   0.0691    0.0491   0.1691  -0.0456   0.0724  -0.0682   0.00    1.1
2046 359352.000   34.211783126  117.135736000    32.4141   2   0   0.0679    0.0490   0.1710  -0.0446   0.0728  -0.0664   0.00    1.1
2046 359353.000   34.211783227  117.135782460    32.1870   2   0   0.0673    0.0488   0.1694  -0.0444   0.0722  -0.0664   0.00    1.0
2046 359354.000   34.211783470  117.135828362    31.8460   2   0   0.0670    0.0489   0.1695  -0.0443   0.0724  -0.0666   0.00    1.0
2046 359355.000   34.211783910  117.135874438    31.5746   2   0   0.0666    0.0490   0.1700  -0.0442   0.0728  -0.0667   0.00    1.2
2046 359356.000   34.211784882  117.135920439    31.3787   2   0   0.0664    0.0491   0.1707  -0.0441   0.0732  -0.0669   0.00    1.4
2046 359357.000   34.211784701  117.135966480    31.1974   2   0   0.0661    0.0493   0.1715  -0.0441   0.0736  -0.0670   0.00    2.2
2046 359358.000   34.211784187  117.136012552    30.9928   2   0   0.0658    0.0494   0.1723  -0.0440   0.0741  -0.0672   0.00    1.2
2046 359359.000   34.211784221  117.136058060    30.6656   2   0   0.0656    0.0495   0.1731  -0.0439   0.0745  -0.0673   0.00    1.0
2046 359360.000   34.211783330  117.136103654    30.5448   2   0   0.0653    0.0497   0.1739  -0.0439   0.0750  -0.0674   0.00    1.1
2046 359361.000   34.211781173  117.136148376    30.1365   2   0   0.0651    0.0498   0.1745  -0.0438   0.0754  -0.0675   0.00    1.1
2046 359362.000   34.211778522  117.136193485    29.9242   2   0   0.0648    0.0499   0.1753  -0.0437   0.0758  -0.0677   0.00    1.2
2046 359363.000   34.211775955  117.136239857    30.2602   2   0   0.0646    0.0501   0.1761  -0.0437   0.0763  -0.0678   0.00    1.3
2046 359364.000   34.211775399  117.136284381    29.8135   2   0   0.0645    0.0506   0.1802  -0.0437   0.0781  -0.0681   0.00    1.3
2046 359365.000   34.211775552  117.136326680    28.4350   2   0   0.0642    0.0517   0.1890  -0.0438   0.0819  -0.0687   0.00    1.0
2046 359366.000   34.211775536  117.136371064    28.2964   2   0   0.0639    0.0516   0.1876  -0.0437   0.0815  -0.0688   0.00    1.0
2046 359367.000   34.211774996  117.136414697    28.1084   2   0   0.0637    0.0516   0.1870  -0.0436   0.0814  -0.0690   0.00    1.1
2046 359368.000   34.211772958  117.136459954    28.4837   2   0   0.0631    0.0510   0.1847  -0.0430   0.0800  -0.0680   0.00    1.1
2046 359369.000   34.211771237  117.136504594    28.7475   2   0   0.0628    0.0507   0.1837  -0.0428   0.0795  -0.0679   0.00    1.2
2046 359370.000   34.211769524  117.136549022    29.1016   2   0   0.0625    0.0504   0.1823  -0.0425   0.0788  -0.0674   0.00    1.0
2046 359371.000   34.211767303  117.136593040    29.3011   2   0   0.0622    0.0502   0.1815  -0.0423   0.0782  -0.0670   0.00    1.1
2046 359372.000   34.211765626  117.136636577    29.5039   2   0   0.0619    0.0500   0.1808  -0.0421   0.0778  -0.0667   0.00    1.0
2046 359373.000   34.211763392  117.136679993    29.6981   2   0   0.0617    0.0497   0.1800  -0.0418   0.0774  -0.0663   0.00    1.2
2046 359374.000   34.211761261  117.136722847    29.6830   2   0   0.0614    0.0496   0.1794  -0.0416   0.0770  -0.0659   0.00    1.1
2046 359375.000   34.211759120  117.136765897    29.7639   2   0   0.0611    0.0495   0.1796  -0.0415   0.0770  -0.0659   0.00    1.1
2046 359376.000   34.211756715  117.136808747    29.7622   2   0   0.0608    0.0494   0.1789  -0.0412   0.0767  -0.0654   0.00    1.0
2046 359377.000   34.211755615  117.136851949    30.0479   2   0   0.0607    0.0493   0.1785  -0.0412   0.0763  -0.0652   0.00    1.0
2046 359378.000   34.211756550  117.136894805    30.2938   2   0   0.0603    0.0489   0.1768  -0.0407   0.0753  -0.0641   0.00    1.2
2046 359379.000   34.211758578  117.136936431    30.3355   2   0   0.0601    0.0488   0.1761  -0.0405   0.0750  -0.0639   0.00    1.1
2046 359380.000   34.211761435  117.136977312    30.4134   2   0   0.0598    0.0485   0.1753  -0.0403   0.0744  -0.0632   0.00    1.6
2046 359381.000   34.211765874  117.137016756    30.4966   2   0   0.0604    0.0485   0.1750  -0.0405   0.0740  -0.0626   0.00    1.0
2046 359382.000   34.211770019  117.137056315    30.6068   2   0   0.0602    0.0483   0.1739  -0.0402   0.0734  -0.0618   0.00    1.1
2046 359383.000   34.211773616  117.137095619    30.6486   2   0   0.0599    0.0482   0.1734  -0.0400   0.0731  -0.0616   0.00    1.0
2046 359384.000   34.211775627  117.137135871    30.7877   2   0   0.0597    0.0480   0.1731  -0.0399   0.0729  -0.0614   0.00    1.2
2046 359385.000   34.211777318  117.137175635    29.8781   2   0   0.0596    0.0495   0.1804  -0.0402   0.0768  -0.0626   0.00    1.1
2046 359386.000   34.211778603  117.137218270    29.6213   2   0   0.0594    0.0497   0.1814  -0.0402   0.0774  -0.0626   0.00    1.0
2046 359387.000   34.211779288  117.137261755    29.4001   2   0   0.0593    0.0499   0.1825  -0.0403   0.0780  -0.0629   0.00    1.0
2046 359388.000   34.211779628  117.137305583    29.2221   2   0   0.0592    0.0501   0.1837  -0.0403   0.0787  -0.0632   0.00    1.0
2046 359389.000   34.211780053  117.137347020    27.8810   2   0   0.0590    0.0513   0.1927  -0.0404   0.0827  -0.0639   0.00    1.7
2046 359390.000   34.211779823  117.137390094    27.6817   2   0   0.0587    0.0510   0.1906  -0.0401   0.0818  -0.0634   0.00    1.0
2046 359391.000   34.211778733  117.137434729    28.4987   2   0   0.0584    0.0503   0.1878  -0.0397   0.0800  -0.0626   0.00    1.1
2046 359392.000   34.211777726  117.137477076    28.4547   2   0   0.0582    0.0501   0.1866  -0.0396   0.0795  -0.0624   0.00    1.2
2046 359393.000   34.211776653  117.137519116    28.6543   2   0   0.0580    0.0499   0.1859  -0.0394   0.0792  -0.0624   0.00    1.7
2046 359394.000   34.211775548  117.137560778    28.7293   2   0   0.0578    0.0499   0.1862  -0.0394   0.0793  -0.0625   0.00    1.3
2046 359395.000   34.211774265  117.137603098    29.0764   2   0   0.0574    0.0495   0.1845  -0.0389   0.0782  -0.0616   0.00    1.1
2046 359396.000   34.211774676  117.137645097    29.3285   2   0   0.0570    0.0490   0.1826  -0.0385   0.0772  -0.0608   0.00    1.1
2046 359397.000   34.211776307  117.137687035    29.6100   2   0   0.0566    0.0486   0.1806  -0.0380   0.0762  -0.0599   0.00    1.1
2046 359398.000   34.211778240  117.137728886    29.7289   2   0   0.0563    0.0483   0.1793  -0.0377   0.0755  -0.0593   0.00    1.1
2046 359399.000   34.211779913  117.137769875    29.1891   2   0   0.0563    0.0494   0.1834  -0.0382   0.0780  -0.0607   0.00    1.1
2046 359400.000   34.211780717  117.137813260    28.8628   2   0   0.0562    0.0497   0.1845  -0.0383   0.0787  -0.0611   0.00    1.2
2046 359401.000   34.211780791  117.137858167    28.7410   2   0   0.0560    0.0497   0.1844  -0.0383   0.0788  -0.0613   0.00    1.1
2046 359402.000   34.211780597  117.137903312    28.4625   2   0   0.0559    0.0500   0.1851  -0.0383   0.0794  -0.0617   0.00    1.3
2046 359403.000   34.211780693  117.137949693    28.4303   2   0   0.0557    0.0498   0.1839  -0.0382   0.0788  -0.0614   0.00    1.2
2046 359404.000   34.211781361  117.137996325    28.4628   2   0   0.0555    0.0496   0.1830  -0.0380   0.0784  -0.0613   0.00    1.2
2046 359405.000   34.211781995  117.138042200    28.0387   2   0   0.0555    0.0503   0.1860  -0.0383   0.0801  -0.0622   0.00    1.2
2046 359406.000   34.211782492  117.138088616    27.7561   2   0   0.0554    0.0505   0.1868  -0.0384   0.0806  -0.0625   0.00    1.0
2046 359407.000   34.211782619  117.138135916    27.6982   2   0   0.0552    0.0504   0.1867  -0.0383   0.0806  -0.0625   0.00    1.1
2046 359408.000   34.211782907  117.138183578    27.7666   2   0   0.0550    0.0500   0.1848  -0.0380   0.0796  -0.0620   0.00    1.0
2046 359409.000   34.211783503  117.138230619    27.6265   2   0   0.0549    0.0504   0.1860  -0.0382   0.0804  -0.0626   0.00    1.0
2046 359410.000   34.211783737  117.138277808    27.7213   2   0   0.0547    0.0502   0.1846  -0.0380   0.0798  -0.0622   0.00    1.1
2046 359411.000   34.211783544  117.138324831    27.9705   2   0   0.0545    0.0499   0.1827  -0.0378   0.0789  -0.0618   0.00    1.3
2046 359412.000   34.211783796  117.138369683    27.7167   2   0   0.0544    0.0503   0.1849  -0.0380   0.0801  -0.0625   0.00    1.0
2046 359413.000   34.211783267  117.138414792    28.0088   2   0   0.0542    0.0498   0.1830  -0.0376   0.0790  -0.0620   0.00    1.1
2046 359414.000   34.211782861  117.138459303    28.3573   2   0   0.0538    0.0493   0.1807  -0.0371   0.0777  -0.0609   0.00    1.2
2046 359415.000   34.211782643  117.138503993    28.6242   2   0   0.0536    0.0491   0.1793  -0.0369   0.0771  -0.0606   0.00    1.4
2046 359416.000   34.211782843  117.138549430    28.7128   2   0   0.0534    0.0489   0.1779  -0.0367   0.0766  -0.0602   0.00    1.0
2046 359417.000   34.211782989  117.138597214    28.8716   2   0   0.0531    0.0485   0.1761  -0.0364   0.0756  -0.0594   0.00    1.1
2046 359418.000   34.211782821  117.138645344    29.0191   2   0   0.0528    0.0484   0.1746  -0.0361   0.0750  -0.0588   0.00    1.0
2046 359419.000   34.211782167  117.138693781    29.2121   2   0   0.0524    0.0480   0.1727  -0.0357   0.0740  -0.0580   0.00    1.1
2046 359420.000   34.211781456  117.138742199    29.2682   2   0   0.0522    0.0478   0.1715  -0.0354   0.0734  -0.0576   0.00    1.1
2046 359421.000   34.211780962  117.138791033    29.3062   2   0   0.0520    0.0476   0.1705  -0.0353   0.0729  -0.0574   0.00    1.1
2046 359422.000   34.211779455  117.138839030    29.2767   2   0   0.0519    0.0475   0.1701  -0.0351   0.0726  -0.0571   0.00    1.0
2046 359423.000   34.211777156  117.138886266    29.2805   2   0   0.0517    0.0473   0.1693  -0.0350   0.0721  -0.0569   0.00    1.0
2046 359424.000   34.211775398  117.138933534    29.2802   2   0   0.0516    0.0471   0.1685  -0.0348   0.0716  -0.0566   0.00    1.1
2046 359425.000   34.211776740  117.138981690    29.3429   2   0   0.0513    0.0468   0.1673  -0.0345   0.0710  -0.0561   0.00    1.1
2046 359426.000   34.211780965  117.139029912    29.4363   2   0   0.0511    0.0466   0.1663  -0.0342   0.0704  -0.0555   0.00    1.1
2046 359427.000   34.211787745  117.139077714    29.4166   2   0   0.0510    0.0465   0.1661  -0.0341   0.0702  -0.0555   0.00    1.1
2046 359428.000   34.211795373  117.139125878    29.4789   2   0   0.0508    0.0464   0.1653  -0.0340   0.0698  -0.0552   0.00    1.2
2046 359429.000   34.211802738  117.139173522    29.6134   2   0   0.0506    0.0461   0.1640  -0.0336   0.0690  -0.0546   0.00    1.0
2046 359430.000   34.211809932  117.139220022    29.6543   2   0   0.0505    0.0459   0.1634  -0.0335   0.0686  -0.0545   0.00    1.0
2046 359431.000   34.211817072  117.139266435    29.6935   2   0   0.0503    0.0458   0.1627  -0.0334   0.0682  -0.0543   0.00    1.1
2046 359432.000   34.211824585  117.139314937    29.8968   2   0   0.0503    0.0458   0.1623  -0.0334   0.0677  -0.0538   0.00    1.0
2046 359433.000   34.211833180  117.139363999    29.9615   2   0   0.0503    0.0457   0.1617  -0.0334   0.0673  -0.0536   0.00    1.1
2046 359434.000   34.211842398  117.139411969    30.0284   2   0   0.0503    0.0456   0.1610  -0.0334   0.0668  -0.0534   0.00    1.0
2046 359435.000   34.211852208  117.139459706    30.0839   2   0   0.0502    0.0456   0.1604  -0.0333   0.0664  -0.0532   0.00    1.0
2046 359436.000   34.211863018  117.139507543    30.1412   2   0   0.0501    0.0455   0.1598  -0.0333   0.0660  -0.0530   0.00    1.2
2046 359437.000   34.211874340  117.139555281    30.2240   2   0   0.0501    0.0454   0.1590  -0.0332   0.0656  -0.0529   0.00    1.0
2046 359438.000   34.211885760  117.139602525    30.2081   2   0   0.0500    0.0453   0.1586  -0.0332   0.0654  -0.0527   0.00    1.1
2046 359439.000   34.211895337  117.139650026    30.2089   2   0   0.0499    0.0453   0.1582  -0.0331   0.0652  -0.0527   0.00    1.2
2046 359440.000   34.211903614  117.139698131    30.2775   2   0   0.0498    0.0452   0.1578  -0.0330   0.0650  -0.0526   0.00    1.1
2046 359441.000   34.211912531  117.139746164    30.2975   2   0   0.0497    0.0451   0.1567  -0.0329   0.0646  -0.0526   0.00    1.3
2046 359442.000   34.211922712  117.139794404    30.4255   2   0   0.0496    0.0450   0.1559  -0.0329   0.0640  -0.0521   0.00    1.1
2046 359443.000   34.211935570  117.139842183    30.5143   2   0   0.0495    0.0448   0.1547  -0.0327   0.0632  -0.0518   0.00    1.0
2046 359444.000   34.211951235  117.139889154    30.5977   2   0   0.0494    0.0446   0.1536  -0.0326   0.0626  -0.0515   0.00    1.0
2046 359445.000   34.211968688  117.139935459    30.6725   2   0   0.0492    0.0444   0.1526  -0.0324   0.0621  -0.0513   0.00    1.1
2046 359446.000   34.211986916  117.139981243    30.7141   2   0   0.0491    0.0442   0.1517  -0.0322   0.0616  -0.0510   0.00    1.1
2046 359447.000   34.212004959  117.140026755    30.8154   2   0   0.0489    0.0440   0.1508  -0.0321   0.0611  -0.0508   0.00    1.0
2046 359448.000   34.212021944  117.140073183    30.8321   2   0   0.0488    0.0438   0.1500  -0.0319   0.0606  -0.0505   0.00    1.0
2046 359449.000   34.212039707  117.140119201    30.8916   2   0   0.0487    0.0437   0.1491  -0.0317   0.0601  -0.0503   0.00    1.1
2046 359450.000   34.212057717  117.140164312    30.9651   2   0   0.0485    0.0435   0.1482  -0.0316   0.0597  -0.0501   0.00    1.3
2046 359451.000   34.212076612  117.140208156    31.0568   2   0   0.0483    0.0432   0.1470  -0.0313   0.0589  -0.0496   0.00    1.1
2046 359452.000   34.212096969  117.140250578    31.1623   2   0   0.0483    0.0432   0.1459  -0.0313   0.0581  -0.0489   0.00    1.2
2046 359453.000   34.212118531  117.140292258    31.2596   2   0   0.0481    0.0430   0.1449  -0.0310   0.0574  -0.0483   0.00    1.0
2046 359454.000   34.212140931  117.140333664    31.2768   2   0   0.0480    0.0430   0.1447  -0.0310   0.0574  -0.0484   0.00    1.0
2046 359455.000   34.212163566  117.140374900    31.3453   2   0   0.0479    0.0427   0.1437  -0.0308   0.0568  -0.0481   0.00    1.0
2046 359456.000   34.212185362  117.140417106    31.4680   2   0   0.0477    0.0425   0.1425  -0.0305   0.0560  -0.0475   0.00    1.1
2046 359457.000   34.212207516  117.140459809    31.5119   2   0   0.0475    0.0423   0.1416  -0.0303   0.0555  -0.0471   0.00    1.1
2046 359458.000   34.212230494  117.140502520    31.5681   2   0   0.0474    0.0423   0.1415  -0.0303   0.0555  -0.0471   0.00    1.2
2046 359459.000   34.212253421  117.140545023    31.6561   2   0   0.0472    0.0420   0.1402  -0.0300   0.0546  -0.0466   0.00    1.1
2046 359460.000   34.212275814  117.140587951    31.7355   2   0   0.0471    0.0420   0.1392  -0.0299   0.0538  -0.0459   0.00    1.1
2046 359461.000   34.212299149  117.140629851    31.8015   2   0   0.0471    0.0419   0.1386  -0.0299   0.0533  -0.0457   0.00    1.2
2046 359462.000   34.212322860  117.140669300    31.8607   2   0   0.0470    0.0419   0.1388  -0.0299   0.0532  -0.0456   0.00    1.1
2046 359463.000   34.212345943  117.140706270    31.9493   2   0   0.0469    0.0417   0.1376  -0.0297   0.0527  -0.0454   0.00    1.0
2046 359464.000   34.212368030  117.140741155    32.0682   2   0   0.0468    0.0415   0.1368  -0.0296   0.0523  -0.0452   0.00    1.1
2046 359465.000   34.212388989  117.140774783    32.1333   2   0   0.0467    0.0415   0.1368  -0.0296   0.0523  -0.0453   0.00    1.3
2046 359466.000   34.212410766  117.140808056    32.2322   2   0   0.0466    0.0414   0.1365  -0.0295   0.0521  -0.0452   0.00    1.1
2046 359467.000   34.212435562  117.140841037    32.1743   2   0   0.0465    0.0414   0.1362  -0.0294   0.0520  -0.0452   0.00    1.2
2046 359468.000   34.212461246  117.140874525    32.2872   2   0   0.0464    0.0413   0.1355  -0.0292   0.0516  -0.0448   0.00    1.1
2046 359469.000   34.212486814  117.140908326    32.4077   2   0   0.0462    0.0411   0.1349  -0.0290   0.0511  -0.0445   0.00    1.4
2046 359470.000   34.212511983  117.140942631    32.3988   2   0   0.0460    0.0409   0.1339  -0.0288   0.0505  -0.0440   0.00    1.0
2046 359471.000   34.212537611  117.140976619    32.4371   2   0   0.0460    0.0409   0.1340  -0.0287   0.0505  -0.0441   0.00    1.0
2046 359472.000   34.212564048  117.141010182    32.5157   2   0   0.0459    0.0408   0.1334  -0.0286   0.0502  -0.0440   0.00    1.0
2046 359473.000   34.212590305  117.141044397    32.6135   2   0   0.0457    0.0406   0.1327  -0.0284   0.0498  -0.0436   0.00    1.0
2046 359474.000   34.212616425  117.141079190    32.6945   2   0   0.0455    0.0404   0.1314  -0.0281   0.0490  -0.0430   0.00    1.0
2046 359475.000   34.212643923  117.141113529    32.8142   2   0   0.0453    0.0402   0.1304  -0.0279   0.0484  -0.0425   0.00    1.1
2046 359476.000   34.212672599  117.141146448    32.8762   2   0   0.0452    0.0401   0.1298  -0.0278   0.0480  -0.0424   0.00    1.0
2046 359477.000   34.212701912  117.141177853    32.9718   2   0   0.0451    0.0400   0.1291  -0.0277   0.0477  -0.0422   0.00    1.1
2046 359478.000   34.212732088  117.141208679    33.1072   2   0   0.0450    0.0399   0.1285  -0.0276   0.0473  -0.0420   0.00    1.0
2046 359479.000   34.212762634  117.141239092    33.3057   2   0   0.0448    0.0398   0.1283  -0.0275   0.0472  -0.0419   0.00    1.1
2046 359480.000   34.212793783  117.141268202    33.2233   2   0   0.0448    0.0398   0.1281  -0.0274   0.0472  -0.0418   0.00    1.0
2046 359481.000   34.212824939  117.141297653    33.3149   2   0   0.0447    0.0398   0.1277  -0.0273   0.0470  -0.0417   0.00    1.2
2046 359482.000   34.212856534  117.141326780    33.4527   2   0   0.0446    0.0396   0.1272  -0.0272   0.0467  -0.0415   0.00    1.0
2046 359483.000   34.212888399  117.141355548    33.8164   2   0   0.0445    0.0398   0.1281  -0.0273   0.0473  -0.0419   0.00    1.1
2046 359484.000   34.212920994  117.141383798    34.0542   2   0   0.0447    0.0411   0.1334  -0.0281   0.0512  -0.0438   0.00    1.0
2046 359485.000   34.212953199  117.141412095    34.3844   2   0   0.0445    0.0408   0.1326  -0.0279   0.0506  -0.0434   0.00    1.1
2046 359486.000   34.212986107  117.141439004    34.4856   2   0   0.0443    0.0405   0.1310  -0.0276   0.0497  -0.0427   0.00    1.0
2046 359487.000   34.213018655  117.141465918    34.7942   2   0   0.0441    0.0405   0.1307  -0.0275   0.0497  -0.0427   0.00    1.0
2046 359488.000   34.213051313  117.141492238    35.0419   2   0   0.0440    0.0404   0.1302  -0.0274   0.0495  -0.0426   0.00    1.1
2046 359489.000   34.213083968  117.141516578    35.3069   2   0   0.0439    0.0403   0.1296  -0.0274   0.0493  -0.0425   0.00    1.0
2046 359490.000   34.213117248  117.141537643    35.6050   2   0   0.0439    0.0402   0.1292  -0.0273   0.0491  -0.0425   0.00    1.1
2046 359491.000   34.213151486  117.141556466    35.6686   2   0   0.0437    0.0401   0.1292  -0.0271   0.0488  -0.0422   0.00    1.1
2046 359492.000   34.213186183  117.141576008    36.0030   2   0   0.0436    0.0401   0.1295  -0.0271   0.0490  -0.0423   0.00    1.0
2046 359493.000   34.213223133  117.141596482    36.0594   2   0   0.0434    0.0399   0.1286  -0.0269   0.0485  -0.0417   0.00    1.0
2046 359494.000   34.213259838  117.141617518    36.0845   2   0   0.0432    0.0398   0.1278  -0.0267   0.0481  -0.0413   0.00    1.1
2046 359495.000   34.213296264  117.141639048    36.0566   2   0   0.0431    0.0396   0.1271  -0.0265   0.0477  -0.0409   0.00    1.0
2046 359496.000   34.213332423  117.141661059    36.0069   2   0   0.0429    0.0395   0.1267  -0.0263   0.0474  -0.0405   0.00    1.0
2046 359497.000   34.213368044  117.141684445    36.4603   2   0   0.0430    0.0396   0.1276  -0.0265   0.0480  -0.0412   0.00    1.1
2046 359498.000   34.213404570  117.141706200    36.5597   2   0   0.0429    0.0396   0.1270  -0.0264   0.0477  -0.0411   0.00    1.0
2046 359499.000   34.213439478  117.141727606    36.9393   2   0   0.0428    0.0396   0.1273  -0.0265   0.0481  -0.0414   0.00    1.0
2046 359500.000   34.213472859  117.141750598    37.1853   2   0   0.0427    0.0396   0.1270  -0.0264   0.0480  -0.0415   0.00    1.0
2046 359501.000   34.213507079  117.141774609    37.3624   2   0   0.0427    0.0396   0.1268  -0.0264   0.0481  -0.0416   0.00    1.0
2046 359502.000   34.213542182  117.141797361    37.5876   2   0   0.0426    0.0395   0.1265  -0.0264   0.0480  -0.0416   0.00    1.0
2046 359503.000   34.213577921  117.141816711    37.5259   2   0   0.0424    0.0394   0.1256  -0.0262   0.0476  -0.0414   0.00    1.0
2046 359504.000   34.213613585  117.141835083    37.6957   2   0   0.0424    0.0394   0.1255  -0.0262   0.0476  -0.0415   0.00    1.0
2046 359505.000   34.213650258  117.141854276    37.7544   2   0   0.0423    0.0393   0.1253  -0.0262   0.0475  -0.0415   0.00    1.0
2046 359506.000   34.213686870  117.141875511    37.7613   2   0   0.0422    0.0392   0.1248  -0.0260   0.0472  -0.0411   0.00    1.0
2046 359507.000   34.213722918  117.141896574    37.8149   2   0   0.0421    0.0391   0.1247  -0.0260   0.0471  -0.0412   0.00    1.0
2046 359508.000   34.213758653  117.141916506    37.8513   2   0   0.0420    0.0391   0.1245  -0.0259   0.0471  -0.0412   0.00    1.0
2046 359509.000   34.213794159  117.141938399    37.8934   2   0   0.0419    0.0390   0.1237  -0.0258   0.0466  -0.0408   0.00    1.0
2046 359510.000   34.213828253  117.141962976    38.4192   2   0   0.0418    0.0391   0.1248  -0.0258   0.0471  -0.0412   0.00    1.1
2046 359511.000   34.213862724  117.141988549    38.4132   2   0   0.0417    0.0389   0.1239  -0.0256   0.0466  -0.0407   0.00    1.2
2046 359512.000   34.213896336  117.142013740    38.6171   2   0   0.0416    0.0389   0.1240  -0.0255   0.0466  -0.0407   0.00    1.1
2046 359513.000   34.213929373  117.142038186    38.6532   2   0   0.0415    0.0388   0.1235  -0.0254   0.0463  -0.0405   0.00    1.0
2046 359514.000   34.213961862  117.142062115    38.7093   2   0   0.0414    0.0387   0.1233  -0.0254   0.0462  -0.0404   0.00    1.0
2046 359515.000   34.213993526  117.142087302    39.1093   2   0   0.0414    0.0388   0.1242  -0.0254   0.0466  -0.0407   0.00    1.2
2046 359516.000   34.214025352  117.142112419    39.0644   2   0   0.0415    0.0388   0.1253  -0.0254   0.0468  -0.0415   0.00    1.3
2046 359517.000   34.214054408  117.142136510    39.4095   2   0   0.0413    0.0388   0.1246  -0.0254   0.0468  -0.0408   0.00    1.1
2046 359518.000   34.214083054  117.142160172    39.6436   2   0   0.0413    0.0388   0.1252  -0.0254   0.0471  -0.0410   0.00    1.0
2046 359519.000   34.214111749  117.142183747    39.8355   2   0   0.0412    0.0388   0.1253  -0.0254   0.0472  -0.0410   0.00    1.1
2046 359520.000   34.214142007  117.142208530    39.9480   2   0   0.0411    0.0388   0.1255  -0.0253   0.0471  -0.0410   0.00    1.1
2046 359521.000   34.214173067  117.142233986    39.8869   2   0   0.0409    0.0386   0.1244  -0.0251   0.0465  -0.0404   0.00    1.0
2046 359522.000   34.214204017  117.142260392    39.7501   2   0   0.0408    0.0384   0.1236  -0.0249   0.0461  -0.0401   0.00    1.0
2046 359523.000   34.214234308  117.142287484    39.6529   2   0   0.0407    0.0383   0.1229  -0.0247   0.0457  -0.0398   0.00    1.0
2046 359524.000   34.214262938  117.142314259    39.5495   2   0   0.0406    0.0382   0.1223  -0.0246   0.0454  -0.0395   0.00    1.0
2046 359525.000   34.214290073  117.142340488    39.4791   2   0   0.0404    0.0381   0.1216  -0.0244   0.0450  -0.0392   0.00    1.0
2046 359526.000   34.214316445  117.142365414    39.4001   2   0   0.0403    0.0379   0.1208  -0.0242   0.0446  -0.0390   0.00    1.0
2046 359527.000   34.214342781  117.142389629    39.3176   2   0   0.0402    0.0378   0.1200  -0.0241   0.0442  -0.0387   0.00    1.0
2046 359528.000   34.214370695  117.142415874    39.2735   2   0   0.0400    0.0377   0.1194  -0.0240   0.0439  -0.0385   0.00    1.0
2046 359529.000   34.214399592  117.142442592    39.2179   2   0   0.0399    0.0376   0.1188  -0.0238   0.0436  -0.0383   0.00    1.1
2046 359530.000   34.214428335  117.142469864    39.1418   2   0   0.0398    0.0374   0.1181  -0.0237   0.0432  -0.0380   0.00    1.0
2046 359531.000   34.214456393  117.142498289    39.2207   2   0   0.0398    0.0374   0.1181  -0.0238   0.0434  -0.0384   0.00    1.0
2046 359532.000   34.214484041  117.142527574    39.4494   2   0   0.0398    0.0375   0.1184  -0.0239   0.0437  -0.0387   0.00    1.0
2046 359533.000   34.214512093  117.142555915    39.2184   2   0   0.0397    0.0373   0.1174  -0.0237   0.0432  -0.0384   0.00    1.0
2046 359534.000   34.214538536  117.142586443    39.4172   2   0   0.0397    0.0374   0.1177  -0.0238   0.0435  -0.0388   0.00    1.0
2046 359535.000   34.214564722  117.142617216    39.7121   2   0   0.0396    0.0375   0.1190  -0.0238   0.0439  -0.0390   0.00    1.0
2046 359536.000   34.214590714  117.142648183    39.9211   2   0   0.0396    0.0375   0.1196  -0.0239   0.0443  -0.0392   0.00    1.1
2046 359537.000   34.214616321  117.142679203    40.0091   2   0   0.0396    0.0376   0.1199  -0.0239   0.0445  -0.0393   0.00    1.1
2046 359538.000   34.214642150  117.142710850    40.0098   2   0   0.0395    0.0376   0.1198  -0.0238   0.0444  -0.0393   0.00    1.0
2046 359539.000   34.214668666  117.142741889    39.8067   2   0   0.0395    0.0378   0.1199  -0.0239   0.0447  -0.0394   0.00    1.0
2046 359540.000   34.214695253  117.142774023    40.1183   2   0   0.0395    0.0380   0.1213  -0.0240   0.0455  -0.0398   0.00    1.0
2046 359541.000   34.214721590  117.142806360    40.4000   2   0   0.0395    0.0381   0.1224  -0.0242   0.0454  -0.0396   0.00    1.1
2046 359542.000   34.214747816  117.142837151    39.5673   2   0   0.0468    0.0971   0.5485  -0.0531   0.2232  -0.1222   0.00    0.0
2046 359543.000   34.214773861  117.142865829    37.4209   2   0   0.0623    0.1781   1.0499  -0.0947   0.4283  -0.2276   0.00    0.0
2046 359544.000   34.214797532  117.142901786    39.1018   2   0   0.0472    0.1028   0.5852  -0.0554   0.2380  -0.1282   0.00    0.0
2046 359545.000   34.214821581  117.142934631    39.2767   2   0   0.0458    0.0930   0.5222  -0.0506   0.2123  -0.1156   0.00    0.0
2046 359546.000   34.214845104  117.142967654    39.1939   2   0   0.0452    0.0898   0.5017  -0.0489   0.2040  -0.1113   0.00    0.0
2046 359547.000   34.214868484  117.143000355    38.8360   2   0   0.0444    0.0856   0.4754  -0.0465   0.1930  -0.1052   0.00    0.0
2046 359548.000   34.214891331  117.143033148    38.5433   2   0   0.0435    0.0804   0.4424  -0.0438   0.1792  -0.0976   0.00    0.0
2046 359549.000   34.214913644  117.143066276    38.1522   2   0   0.0429    0.0767   0.4186  -0.0418   0.1691  -0.0922   0.00    0.0
2046 359550.000   34.214935190  117.143100200    37.8372   2   0   0.0426    0.0738   0.3998  -0.0404   0.1612  -0.0885   0.00    0.0
2046 359551.000   34.214956951  117.143135780    37.7156   2   0   0.0423    0.0712   0.3832  -0.0391   0.1543  -0.0853   0.00    0.0
2046 359552.000   34.214979060  117.143172728    37.6081   2   0   0.0420    0.0689   0.3686  -0.0381   0.1482  -0.0824   0.00    1.0
2046 359553.000   34.215002123  117.143209832    37.4825   2   0   0.0418    0.0670   0.3557  -0.0371   0.1426  -0.0797   0.00    1.1
2046 359554.000   34.215026043  117.143246431    37.3869   2   0   0.0416    0.0658   0.3479  -0.0366   0.1395  -0.0784   0.00    1.1
2046 359555.000   34.215050213  117.143282281    37.3713   2   0   0.0415    0.0647   0.3405  -0.0361   0.1363  -0.0771   0.00    1.0
2046 359556.000   34.215073971  117.143317652    37.2478   2   0   0.0413    0.0636   0.3332  -0.0356   0.1333  -0.0758   0.00    1.2
2046 359557.000   34.215097266  117.143352673    37.3152   2   0   0.0415    0.0635   0.3288  -0.0359   0.1321  -0.0758   0.00    1.0
2046 359558.000   34.215120131  117.143387186    37.1637   2   0   0.0413    0.0625   0.3222  -0.0353   0.1292  -0.0745   0.00    1.2
2046 359559.000   34.215144097  117.143423790    37.0466   2   0   0.0412    0.0615   0.3161  -0.0348   0.1266  -0.0733   0.00    1.0
2046 359560.000   34.215169689  117.143462608    36.9963   2   0   0.0411    0.0607   0.3104  -0.0344   0.1241  -0.0722   0.00    1.1
2046 359561.000   34.215196163  117.143503584    37.2468   2   0   0.0413    0.0608   0.3076  -0.0348   0.1236  -0.0725   0.00    1.1
2046 359562.000   34.215223150  117.143544336    36.9494   2   0   0.0412    0.0603   0.3031  -0.0346   0.1219  -0.0719   0.00    1.0
2046 359563.000   34.215250362  117.143585251    36.7654   2   0   0.0411    0.0593   0.2959  -0.0341   0.1189  -0.0703   0.00    1.1
2046 359564.000   34.215277291  117.143625657    36.6401   2   0   0.0407    0.0578   0.2875  -0.0331   0.1149  -0.0679   0.00    1.1
2046 359565.000   34.215303642  117.143665442    36.5692   2   0   0.0406    0.0572   0.2834  -0.0328   0.1132  -0.0672   0.00    1.2
2046 359566.000   34.215330199  117.143704814    36.4991   2   0   0.0405    0.0566   0.2793  -0.0325   0.1114  -0.0664   0.00    1.2
2046 359567.000   34.215357712  117.143745236    36.4615   2   0   0.0404    0.0559   0.2747  -0.0322   0.1095  -0.0657   0.00    1.0
2046 359568.000   34.215386192  117.143785016    36.3588   2   0   0.0405    0.0558   0.2706  -0.0322   0.1082  -0.0652   0.00    1.0
2046 359569.000   34.215415502  117.143824140    36.2368   2   0   0.0402    0.0548   0.2648  -0.0315   0.1055  -0.0636   0.00    1.0
2046 359570.000   34.215445730  117.143863330    36.1847   2   0   0.0400    0.0542   0.2611  -0.0311   0.1038  -0.0625   0.00    1.0
2046 359571.000   34.215476810  117.143902645    36.3477   2   0   0.0402    0.0547   0.2600  -0.0316   0.1041  -0.0632   0.00    1.2
2046 359572.000   34.215507537  117.143939881    36.3071   2   0   0.0401    0.0540   0.2559  -0.0313   0.1023  -0.0623   0.00    1.0
2046 359573.000   34.215537574  117.143976134    36.3330   2   0   0.0400    0.0535   0.2521  -0.0309   0.1006  -0.0614   0.00    1.1
2046 359574.000   34.215568784  117.144013038    36.3868   2   0   0.0401    0.0539   0.2508  -0.0314   0.1008  -0.0620   0.00    1.1
2046 359575.000   34.215600806  117.144050284    36.4501   2   0   0.0401    0.0537   0.2479  -0.0314   0.1000  -0.0618   0.00    1.0
2046 359576.000   34.215633105  117.144086848    36.4007   2   0   0.0399    0.0529   0.2423  -0.0308   0.0975  -0.0603   0.00    1.2
2046 359577.000   34.215664530  117.144122088    36.3171   2   0   0.0397    0.0522   0.2381  -0.0303   0.0956  -0.0591   0.00    1.1
2046 359578.000   34.215696599  117.144157373    36.2485   2   0   0.0395    0.0515   0.2337  -0.0298   0.0935  -0.0578   0.00    1.1
2046 359579.000   34.215730269  117.144193272    36.5086   2   0   0.0397    0.0522   0.2341  -0.0305   0.0945  -0.0589   0.00    1.2
2046 359580.000   34.215765379  117.144229291    37.2095   2   0   0.0475    0.1026   0.5669  -0.0568   0.2335  -0.1300   0.00    0.0
2046 359581.000   34.215802455  117.144260587    35.8193   2   0   0.0599    0.1630   0.9368  -0.0887   0.3860  -0.2102   0.00    0.0
2046 359582.000   34.215839558  117.144292620    34.7628   2   0   0.0726    0.2142   1.2410  -0.1165   0.5119  -0.2786   0.00    0.0
2046 359583.000   34.215875125  117.144329670    35.7146   2   0   0.0540    0.1373   0.7811  -0.0748   0.3218  -0.1754   0.00    0.0
2046 359584.000   34.215911214  117.144364450    35.4819   2   0   0.0443    0.0884   0.4824  -0.0484   0.1974  -0.1086   0.00    0.0
2046 359585.000   34.215947465  117.144399396    35.5417   2   0   0.0440    0.0867   0.4704  -0.0475   0.1927  -0.1063   0.00    0.0
2046 359586.000   34.215984153  117.144434461    35.4163   2   0   0.0437    0.0850   0.4589  -0.0466   0.1880  -0.1037   0.00    0.0
2046 359587.000   34.216021043  117.144467959    35.0615   2   0   0.0582    0.1545   0.8821  -0.0845   0.3641  -0.1993   0.00    0.0
2046 359588.000   34.216057832  117.144501647    34.8415   2   0   0.0759    0.2243   1.2956  -0.1227   0.5356  -0.2930   0.00    0.0
2046 359589.000   34.216094203  117.144536843    35.4705   2   0   0.0566    0.1464   0.8301  -0.0804   0.3432  -0.1887   0.00    0.0
2046 359590.000   34.216130329  117.144571509    35.7938   2   0   0.0531    0.1312   0.7370  -0.0721   0.3048  -0.1680   0.00    0.0
2046 359591.000   34.216166302  117.144605769    35.8923   2   0   0.0517    0.1244   0.6945  -0.0685   0.2875  -0.1587   0.00    0.0
2046 359592.000   34.216202130  117.144639772    36.0471   2   0   0.0505    0.1187   0.6587  -0.0655   0.2728  -0.1509   0.00    0.0
2046 359593.000   34.216237613  117.144673045    36.1922   2   0   0.0494    0.1131   0.6234  -0.0625   0.2584  -0.1432   0.00    0.0
2046 359594.000   34.216272923  117.144705790    36.1333   2   0   0.0483    0.1083   0.5940  -0.0598   0.2463  -0.1366   0.00    0.0
2046 359595.000   34.216308035  117.144738713    36.0409   2   0   0.0475    0.1042   0.5684  -0.0576   0.2357  -0.1308   0.00    0.0
2046 359596.000   34.216343631  117.144771703    35.9794   2   0   0.0467    0.1004   0.5445  -0.0555   0.2258  -0.1255   0.00    0.0
2046 359597.000   34.216379445  117.144803882    35.9190   2   0   0.0457    0.0949   0.5107  -0.0526   0.2117  -0.1181   0.00    0.0
2046 359598.000   34.216414380  117.144836074    35.7367   2   0   0.0449    0.0902   0.4820  -0.0501   0.1995  -0.1115   0.00    0.0
2046 359599.000   34.216448062  117.144867422    35.4006   2   0   0.0595    0.1581   0.8949  -0.0871   0.3710  -0.2048   0.00    0.0
2046 359600.000   34.216480853  117.144898146    35.1606   2   0   0.0772    0.2271   1.3034  -0.1249   0.5406  -0.2975   0.00    0.0
2046 359601.000   34.216513180  117.144929716    35.5311   2   0   0.0550    0.1382   0.7758  -0.0764   0.3216  -0.1781   0.00    0.0
2046 359602.000   34.216546607  117.144962553    35.9924   2   0   0.0521    0.1255   0.6974  -0.0695   0.2893  -0.1607   0.00    0.0
2046 359603.000   34.216581036  117.144994872    35.8868   2   0   0.0509    0.1195   0.6603  -0.0663   0.2741  -0.1525   0.00    0.0
2046 359604.000   34.216615788  117.145027773    36.0435   2   0   0.0501    0.1157   0.6354  -0.0643   0.2640  -0.1471   0.00    0.0
2046 359605.000   34.216650333  117.145060716    36.0906   2   0   0.0487    0.1085   0.5909  -0.0605   0.2457  -0.1375   0.00    0.0
2046 359606.000   34.216684560  117.145093248    35.9604   2   0   0.0475    0.1028   0.5550  -0.0575   0.2309  -0.1297   0.00    0.0
2046 359607.000   34.216718398  117.145125670    36.0168   2   0   0.0470    0.0999   0.5356  -0.0559   0.2231  -0.1255   0.00    0.0
2046 359608.000   34.216752990  117.145157226    36.0547   2   0   0.0464    0.0970   0.5168  -0.0544   0.2153  -0.1214   0.00    0.0
2046 359609.000   34.216786704  117.145188609    36.1327   2   0   0.0459    0.0946   0.5011  -0.0531   0.2090  -0.1180   0.00    0.0
2046 359610.000   34.216819123  117.145219152    36.1005   2   0   0.0454    0.0923   0.4871  -0.0518   0.2031  -0.1148   0.00    0.0
2046 359611.000   34.216851262  117.145248716    35.7843   2   0   0.0636    0.1731   0.9757  -0.0959   0.4063  -0.2252   0.00    0.0
2046 359612.000   34.216885290  117.145277270    34.3470   2   0   0.0950    0.2902   1.6599  -0.1601   0.6912  -0.3814   0.00    0.0
2046 359613.000   34.216919687  117.145308183    33.6771   2   0   0.1011    0.3117   1.7840  -0.1719   0.7430  -0.4100   0.00    0.0
2046 359614.000   34.216953548  117.145340358    33.5946   2   0   0.1012    0.3118   1.7840  -0.1721   0.7432  -0.4103   0.00    0.0
2046 359615.000   34.216987513  117.145371949    33.6014   2   0   0.1036    0.3193   1.8256  -0.1765   0.7609  -0.4206   0.00    0.0
2046 359616.000   34.217021430  117.145403091    33.7660   2   0   0.1047    0.3223   1.8415  -0.1783   0.7678  -0.4248   0.00    0.0
2046 359617.000   34.217055072  117.145433755    33.8459   2   0   0.0659    0.1814   1.0231  -0.1006   0.4262  -0.2366   0.00    0.0
2046 359618.000   34.217088974  117.145465012    33.9122   2   0   0.0606    0.1605   0.8990  -0.0892   0.3747  -0.2083   0.00    0.0
2046 359619.000   34.217121974  117.145496218    34.2912   2   0   0.0567    0.1438   0.7987  -0.0802   0.3331  -0.1859   0.00    0.0
2046 359620.000   34.217154563  117.145525870    34.7267   2   0   0.0538    0.1311   0.7218  -0.0733   0.3012  -0.1689   0.00    0.0
2046 359621.000   34.217186541  117.145553069    34.8768   2   0   0.0523    0.1246   0.6825  -0.0698   0.2849  -0.1600   0.00    0.0
2046 359622.000   34.217217577  117.145579297    34.8922   2   0   0.0501    0.1143   0.6212  -0.0642   0.2592  -0.1460   0.00    0.0
2046 359623.000   34.217248418  117.145604406    35.1139   2   0   0.0491    0.1096   0.5924  -0.0616   0.2472  -0.1395   0.00    0.0
2046 359624.000   34.217280334  117.145628293    35.3023   2   0   0.0482    0.1056   0.5679  -0.0595   0.2371  -0.1340   0.00    0.0
2046 359625.000   34.217313295  117.145652273    35.5154   2   0   0.0475    0.1022   0.5469  -0.0576   0.2284  -0.1293   0.00    0.0
2046 359626.000   34.217346988  117.145675662    35.5658   2   0   0.0469    0.0995   0.5296  -0.0561   0.2213  -0.1253   0.00    0.0
2046 359627.000   34.217381414  117.145699384    35.8337   2   0   0.0464    0.0971   0.5141  -0.0548   0.2149  -0.1220   0.00    0.0
2046 359628.000   34.217417052  117.145722145    35.8826   2   0   0.0458    0.0936   0.4922  -0.0530   0.2059  -0.1173   0.00    0.0
2046 359629.000   34.217452635  117.145743426    35.9088   2   0   0.0454    0.0911   0.4765  -0.0518   0.1994  -0.1143   0.00    0.0
2046 359630.000   34.217487946  117.145763727    35.9403   2   0   0.0451    0.0891   0.4636  -0.0509   0.1941  -0.1118   0.00    0.0
2046 359631.000   34.217523157  117.145784094    36.1027   2   0   0.0449    0.0874   0.4524  -0.0501   0.1895  -0.1098   0.00    0.0
2046 359632.000   34.217558418  117.145804063    36.1667   2   0   0.0446    0.0855   0.4407  -0.0492   0.1846  -0.1075   0.00    0.0
2046 359633.000   34.217593698  117.145823235    36.2348   2   0   0.0442    0.0835   0.4272  -0.0481   0.1791  -0.1047   0.00    0.0
2046 359634.000   34.217628687  117.145842798    36.4014   2   0   0.0439    0.0818   0.4159  -0.0472   0.1745  -0.1023   0.00    0.0
2046 359635.000   34.217663982  117.145861924    36.4645   2   0   0.0436    0.0800   0.4038  -0.0463   0.1695  -0.0998   0.00    0.0
2046 359636.000   34.217699538  117.145880455    36.3531   2   0   0.0431    0.0774   0.3888  -0.0448   0.1630  -0.0961   0.00    0.0
2046 359637.000   34.217735489  117.145897990    36.2774   2   0   0.0426    0.0752   0.3753  -0.0436   0.1572  -0.0929   0.00    1.0
2046 359638.000   34.217771492  117.145913273    35.9332   2   0   0.0420    0.0729   0.3609  -0.0421   0.1510  -0.0892   0.00    1.1
2046 359639.000   34.217807251  117.145929013    36.0076   2   0   0.0418    0.0716   0.3525  -0.0415   0.1476  -0.0875   0.00    1.0
2046 359640.000   34.217843738  117.145942621    35.4276   2   0   0.0413    0.0696   0.3401  -0.0402   0.1422  -0.0843   0.00    1.1
2046 359641.000   34.217879623  117.145955414    35.1447   2   0   0.0409    0.0678   0.3287  -0.0391   0.1373  -0.0815   0.00    1.0
2046 359642.000   34.217915322  117.145967491    34.9687   2   0   0.0406    0.0664   0.3201  -0.0383   0.1335  -0.0793   0.00    1.1
2046 359643.000   34.217950422  117.145980409    35.4922   2   0   0.0406    0.0657   0.3154  -0.0381   0.1317  -0.0788   0.00    1.0
2046 359644.000   34.217987991  117.145993036    35.7469   2   0   0.0405    0.0651   0.3106  -0.0378   0.1298  -0.0780   0.00    1.2
2046 359645.000   34.218024783  117.146005898    35.9530   2   0   0.0404    0.0644   0.3058  -0.0375   0.1278  -0.0771   0.00    1.0
2046 359646.000   34.218060469  117.146017533    36.1165   2   0   0.0403    0.0638   0.3010  -0.0372   0.1259  -0.0763   0.00    1.0
2046 359647.000   34.218095148  117.146028229    36.2553   2   0   0.0402    0.0631   0.2964  -0.0369   0.1240  -0.0755   0.00    1.1
2046 359648.000   34.218129611  117.146038037    36.2493   2   0   0.0402    0.0625   0.2925  -0.0367   0.1224  -0.0748   0.00    1.0
2046 359649.000   34.218164262  117.146047229    36.1963   2   0   0.0401    0.0620   0.2887  -0.0365   0.1209  -0.0743   0.00    1.0
2046 359650.000   34.218199008  117.146056439    36.1503   2   0   0.0400    0.0615   0.2846  -0.0362   0.1192  -0.0737   0.00    1.1
2046 359651.000   34.218233779  117.146065607    36.0898   2   0   0.0400    0.0609   0.2808  -0.0360   0.1177  -0.0732   0.00    1.1
2046 359652.000   34.218269452  117.146074240    36.0084   2   0   0.0399    0.0605   0.2780  -0.0359   0.1165  -0.0728   0.00    1.0
2046 359653.000   34.218304850  117.146081781    36.0080   2   0   0.0399    0.0598   0.2733  -0.0356   0.1145  -0.0720   0.00    1.0
2046 359654.000   34.218340022  117.146088598    36.3968   2   0   0.0399    0.0596   0.2713  -0.0356   0.1138  -0.0721   0.00    1.1
2046 359655.000   34.218375097  117.146093524    36.4586   2   0   0.0400    0.0593   0.2695  -0.0356   0.1130  -0.0718   0.00    1.0
2046 359656.000   34.218410725  117.146097344    36.5740   2   0   0.0400    0.0591   0.2677  -0.0355   0.1122  -0.0716   0.00    1.1
2046 359657.000   34.218445374  117.146100328    36.6325   2   0   0.0400    0.0588   0.2653  -0.0355   0.1112  -0.0714   0.00    1.1
2046 359658.000   34.218479350  117.146103218    36.6981   2   0   0.0400    0.0585   0.2630  -0.0354   0.1103  -0.0711   0.00    1.1
2046 359659.000   34.218513812  117.146106256    36.7225   2   0   0.0400    0.0582   0.2604  -0.0353   0.1093  -0.0707   0.00    1.0
2046 359660.000   34.218548420  117.146109962    36.7052   2   0   0.0399    0.0578   0.2579  -0.0351   0.1083  -0.0704   0.00    1.1
2046 359661.000   34.218583218  117.146113276    36.6659   2   0   0.0399    0.0575   0.2555  -0.0350   0.1073  -0.0700   0.00    1.0
2046 359662.000   34.218619554  117.146114952    36.5024   2   0   0.0397    0.0568   0.2511  -0.0346   0.1054  -0.0689   0.00    1.0
2046 359663.000   34.218656299  117.146115923    36.6195   2   0   0.0396    0.0563   0.2481  -0.0343   0.1040  -0.0682   0.00    1.0
2046 359664.000   34.218693209  117.146116273    36.7622   2   0   0.0396    0.0561   0.2463  -0.0343   0.1033  -0.0681   0.00    1.1
2046 359665.000   34.218730191  117.146116047    36.8426   2   0   0.0396    0.0558   0.2441  -0.0342   0.1024  -0.0678   0.00    1.1
2046 359666.000   34.218767036  117.146116267    36.9240   2   0   0.0396    0.0556   0.2419  -0.0341   0.1016  -0.0675   0.00    1.1
2046 359667.000   34.218803946  117.146117197    36.9813   2   0   0.0395    0.0553   0.2396  -0.0339   0.1007  -0.0671   0.00    1.1
2046 359668.000   34.218840909  117.146118781    36.9996   2   0   0.0394    0.0547   0.2359  -0.0336   0.0991  -0.0661   0.00    1.1
2046 359669.000   34.218878129  117.146119831    36.8055   2   0   0.0392    0.0541   0.2318  -0.0331   0.0973  -0.0648   0.00    1.0
2046 359670.000   34.218914894  117.146120830    36.9452   2   0   0.0391    0.0537   0.2289  -0.0328   0.0960  -0.0641   0.00    1.1
2046 359671.000   34.218951649  117.146121603    37.0306   2   0   0.0390    0.0534   0.2269  -0.0327   0.0952  -0.0638   0.00    1.0
2046 359672.000   34.218989360  117.146121860    37.0299   2   0   0.0390    0.0531   0.2250  -0.0326   0.0944  -0.0635   0.00    1.0
2046 359673.000   34.219027811  117.146122727    37.0211   2   0   0.0389    0.0527   0.2223  -0.0323   0.0931  -0.0628   0.00    1.0
2046 359674.000   34.219064491  117.146125675    37.1313   2   0   0.0388    0.0523   0.2202  -0.0321   0.0922  -0.0623   0.00    1.1
2046 359675.000   34.219099440  117.146128793    37.1517   2   0   0.0387    0.0520   0.2180  -0.0319   0.0911  -0.0618   0.00    1.0
2046 359676.000   34.219132977  117.146130533    37.2587   2   0   0.0386    0.0516   0.2157  -0.0316   0.0901  -0.0613   0.00    1.1
2046 359677.000   34.219166341  117.146131487    37.1135   2   0   0.0384    0.0511   0.2126  -0.0312   0.0887  -0.0603   0.00    1.1
2046 359678.000   34.219201058  117.146131861    36.8900   2   0   0.0383    0.0507   0.2099  -0.0309   0.0874  -0.0593   0.00    1.1
2046 359679.000   34.219235928  117.146132381    37.0689   2   0   0.0383    0.0506   0.2092  -0.0310   0.0872  -0.0594   0.00    1.1
2046 359680.000   34.219271760  117.146131494    37.1786   2   0   0.0382    0.0503   0.2073  -0.0308   0.0863  -0.0589   0.00    1.0
2046 359681.000   34.219307788  117.146127468    37.3155   2   0   0.0382    0.0503   0.2070  -0.0308   0.0861  -0.0590   0.00    1.0
2046 359682.000   34.219344008  117.146118958    37.4171   2   0   0.0383    0.0502   0.2065  -0.0308   0.0859  -0.0590   0.00    1.0
2046 359683.000   34.219378766  117.146106829    37.4446   2   0   0.0382    0.0499   0.2046  -0.0306   0.0850  -0.0584   0.00    1.0
2046 359684.000   34.219412389  117.146093661    37.3383   2   0   0.0381    0.0496   0.2021  -0.0304   0.0840  -0.0578   0.00    1.0
2046 359685.000   34.219446677  117.146080169    37.3627   2   0   0.0380    0.0493   0.2004  -0.0301   0.0832  -0.0573   0.00    1.1
2046 359686.000   34.219481670  117.146065001    37.3645   2   0   0.0379    0.0490   0.1989  -0.0300   0.0824  -0.0569   0.00    1.2
2046 359687.000   34.219515491  117.146047454    37.3632   2   0   0.0378    0.0487   0.1971  -0.0298   0.0816  -0.0564   0.00    1.1
2046 359688.000   34.219547126  117.146028063    37.3743   2   0   0.0377    0.0484   0.1950  -0.0296   0.0807  -0.0558   0.00    1.1
2046 359689.000   34.219577412  117.146006821    37.6133   2   0   0.0378    0.0482   0.1944  -0.0294   0.0801  -0.0561   0.00    1.1
2046 359690.000   34.219607684  117.145984032    37.5445   2   0   0.0377    0.0480   0.1927  -0.0293   0.0794  -0.0556   0.00    1.1
2046 359691.000   34.219637013  117.145959396    37.4935   2   0   0.0376    0.0478   0.1917  -0.0291   0.0789  -0.0552   0.00    1.1
2046 359692.000   34.219665271  117.145933222    37.4893   2   0   0.0376    0.0476   0.1907  -0.0290   0.0784  -0.0550   0.00    1.1
2046 359693.000   34.219692408  117.145905989    37.4461   2   0   0.0375    0.0474   0.1898  -0.0289   0.0779  -0.0547   0.00    1.1
2046 359694.000   34.219717822  117.145878085    37.3780   2   0   0.0375    0.0472   0.1888  -0.0287   0.0774  -0.0544   0.00    1.2
2046 359695.000   34.219742574  117.145848135    37.3270   2   0   0.0374    0.0470   0.1876  -0.0286   0.0769  -0.0541   0.00    1.1
2046 359696.000   34.219765871  117.145818084    37.3188   2   0   0.0374    0.0469   0.1868  -0.0285   0.0764  -0.0538   0.00    1.0
2046 359697.000   34.219788237  117.145787469    37.2269   2   0   0.0373    0.0467   0.1858  -0.0284   0.0759  -0.0536   0.00    1.0
2046 359698.000   34.219808935  117.145755336    37.4370   2   0   0.0374    0.0465   0.1855  -0.0282   0.0755  -0.0538   0.00    1.0
2046 359699.000   34.219829434  117.145722985    37.3931   2   0   0.0374    0.0464   0.1846  -0.0281   0.0750  -0.0535   0.00    1.0
2046 359700.000   34.219848617  117.145691501    37.4271   2   0   0.0373    0.0462   0.1838  -0.0280   0.0746  -0.0532   0.00    1.1
2046 359701.000   34.219867322  117.145657128    37.3318   2   0   0.0373    0.0461   0.1829  -0.0279   0.0742  -0.0530   0.00    1.0
2046 359702.000   34.219882364  117.145620285    37.3034   2   0   0.0372    0.0458   0.1816  -0.0277   0.0735  -0.0525   0.00    1.0
2046 359703.000   34.219894670  117.145581981    37.3622   2   0   0.0371    0.0456   0.1804  -0.0275   0.0730  -0.0522   0.00    1.0
2046 359704.000   34.219906047  117.145542031    37.4348   2   0   0.0370    0.0454   0.1794  -0.0273   0.0724  -0.0518   0.00    1.1
2046 359705.000   34.219916354  117.145501223    37.3858   2   0   0.0370    0.0454   0.1794  -0.0273   0.0725  -0.0519   0.00    1.3
2046 359706.000   34.219925368  117.145461905    37.3522   2   0   0.0369    0.0453   0.1789  -0.0272   0.0721  -0.0518   0.00    1.3
2046 359707.000   34.219933144  117.145421776    37.3284   2   0   0.0369    0.0451   0.1783  -0.0271   0.0718  -0.0516   0.00    1.5
2046 359708.000   34.219940527  117.145381077    37.3610   2   0   0.0368    0.0449   0.1772  -0.0270   0.0713  -0.0512   0.00    1.0
2046 359709.000   34.219948119  117.145340242    37.4246   2   0   0.0367    0.0447   0.1761  -0.0268   0.0707  -0.0508   0.00    1.0
2046 359710.000   34.219955685  117.145299424    37.4987   2   0   0.0366    0.0445   0.1750  -0.0266   0.0701  -0.0504   0.00    1.2
2046 359711.000   34.219963118  117.145258231    37.5997   2   0   0.0366    0.0445   0.1749  -0.0266   0.0701  -0.0504   0.00    1.0
2046 359712.000   34.219970102  117.145216592    37.7141   2   0   0.0366    0.0444   0.1745  -0.0265   0.0699  -0.0504   0.00    1.0
2046 359713.000   34.219977262  117.145175187    37.8197   2   0   0.0366    0.0444   0.1742  -0.0265   0.0698  -0.0504   0.00    1.2
2046 359714.000   34.219985076  117.145135681    37.8727   2   0   0.0366    0.0443   0.1739  -0.0265   0.0696  -0.0503   0.00    1.1
2046 359715.000   34.219993085  117.145097235    37.9960   2   0   0.0365    0.0441   0.1728  -0.0263   0.0690  -0.0499   0.00    1.0
2046 359716.000   34.220001003  117.145057049    38.0860   2   0   0.0364    0.0438   0.1715  -0.0261   0.0683  -0.0495   0.00    1.0
2046 359717.000   34.220008834  117.145015573    38.1479   2   0   0.0364    0.0438   0.1712  -0.0261   0.0683  -0.0495   0.00    1.0
2046 359718.000   34.220016397  117.144973482    38.2312   2   0   0.0363    0.0437   0.1705  -0.0260   0.0679  -0.0494   0.00    1.1
2046 359719.000   34.220023765  117.144932990    38.3209   2   0   0.0363    0.0435   0.1698  -0.0260   0.0675  -0.0492   0.00    1.1
2046 359720.000   34.220031148  117.144893267    38.4383   2   0   0.0363    0.0435   0.1694  -0.0259   0.0673  -0.0491   0.00    1.0
2046 359721.000   34.220038840  117.144852795    38.5430   2   0   0.0362    0.0433   0.1686  -0.0258   0.0670  -0.0490   0.00    1.0
2046 359722.000   34.220046784  117.144812545    38.6236   2   0   0.0362    0.0433   0.1683  -0.0258   0.0668  -0.0489   0.00    1.1
2046 359723.000   34.220054499  117.144772650    38.7477   2   0   0.0362    0.0431   0.1675  -0.0257   0.0664  -0.0488   0.00    1.1
2046 359724.000   34.220062279  117.144732950    38.8381   2   0   0.0362    0.0431   0.1672  -0.0257   0.0663  -0.0487   0.00    1.4
2046 359725.000   34.220069892  117.144693250    38.9025   2   0   0.0362    0.0430   0.1666  -0.0256   0.0660  -0.0486   0.00    1.1
2046 359726.000   34.220077567  117.144653558    38.9656   2   0   0.0361    0.0429   0.1659  -0.0256   0.0656  -0.0485   0.00    1.2
2046 359727.000   34.220085182  117.144613842    39.0960   2   0   0.0361    0.0428   0.1657  -0.0256   0.0656  -0.0485   0.00    1.0
2046 359728.000   34.220092832  117.144574143    39.2335   2   0   0.0361    0.0428   0.1655  -0.0255   0.0655  -0.0485   0.00    1.1
2046 359729.000   34.220100580  117.144535117    39.2812   2   0   0.0361    0.0427   0.1652  -0.0255   0.0654  -0.0485   0.00    1.0
2046 359730.000   34.220107850  117.144496658    39.3648   2   0   0.0361    0.0427   0.1650  -0.0255   0.0652  -0.0485   0.00    1.0
2046 359731.000   34.220115082  117.144456768    39.4576   2   0   0.0360    0.0424   0.1637  -0.0253   0.0646  -0.0480   0.00    1.0
2046 359732.000   34.220122306  117.144417376    39.5673   2   0   0.0359    0.0423   0.1629  -0.0252   0.0642  -0.0477   0.00    1.3
2046 359733.000   34.220128806  117.144379367    39.6508   2   0   0.0358    0.0421   0.1617  -0.0250   0.0635  -0.0473   0.00    1.2
2046 359734.000   34.220135097  117.144344178    39.7309   2   0   0.0357    0.0419   0.1608  -0.0248   0.0631  -0.0469   0.00    1.1
2046 359735.000   34.220140933  117.144310953    39.7630   2   0   0.0357    0.0417   0.1598  -0.0247   0.0625  -0.0466   0.00    1.0
2046 359736.000   34.220146591  117.144278476    39.8126   2   0   0.0356    0.0415   0.1585  -0.0244   0.0618  -0.0461   0.00    1.0
2046 359737.000   34.220152525  117.144247045    39.8127   2   0   0.0355    0.0413   0.1572  -0.0242   0.0612  -0.0456   0.00    1.1
2046 359738.000   34.220158720  117.144215003    39.8995   2   0   0.0354    0.0411   0.1562  -0.0241   0.0606  -0.0453   0.00    1.0
2046 359739.000   34.220165907  117.144182637    39.9564   2   0   0.0353    0.0409   0.1551  -0.0239   0.0600  -0.0449   0.00    1.3
2046 359740.000   34.220175497  117.144153451    40.0007   2   0   0.0353    0.0407   0.1540  -0.0237   0.0595  -0.0446   0.00    1.1
2046 359741.000   34.220187242  117.144127485    40.0274   2   0   0.0352    0.0405   0.1527  -0.0236   0.0588  -0.0442   0.00    1.0
2046 359742.000   34.220200006  117.144104500    40.0102   2   0   0.0351    0.0402   0.1515  -0.0234   0.0581  -0.0437   0.00    1.0
2046 359743.000   34.220213691  117.144086752    39.9819   2   0   0.0350    0.0400   0.1502  -0.0232   0.0574  -0.0434   0.00    1.1
2046 359744.000   34.220226297  117.144072990    39.9821   2   0   0.0349    0.0398   0.1490  -0.0230   0.0568  -0.0430   0.00    1.0
2046 359745.000   34.220233825  117.144066760    39.9564   2   0   0.0348    0.0396   0.1479  -0.0229   0.0562  -0.0427   0.00    1.1
2046 359746.000   34.220239916  117.144062478    39.9201   2   0   0.0348    0.0394   0.1466  -0.0227   0.0556  -0.0424   0.00    1.0
2046 359747.000   34.220248114  117.144056472    39.8780   2   0   0.0347    0.0392   0.1454  -0.0226   0.0550  -0.0420   0.00    1.2
2046 359748.000   34.220256000  117.144048935    39.8656   2   0   0.0346    0.0390   0.1442  -0.0224   0.0544  -0.0418   0.00    1.1
2046 359749.000   34.220260966  117.144042534    39.8377   2   0   0.0345    0.0389   0.1431  -0.0223   0.0538  -0.0415   0.00    1.0
2046 359750.000   34.220266197  117.144035409    39.8164   2   0   0.0344    0.0387   0.1419  -0.0221   0.0532  -0.0412   0.00    1.1
2046 359751.000   34.220272223  117.144026156    39.7868   2   0   0.0344    0.0385   0.1408  -0.0220   0.0527  -0.0410   0.00    1.0
2046 359752.000   34.220275442  117.144018977    39.7346   2   0   0.0343    0.0383   0.1397  -0.0218   0.0522  -0.0407   0.00    1.1
2046 359753.000   34.220277225  117.144014697    39.6927   2   0   0.0342    0.0382   0.1387  -0.0217   0.0516  -0.0405   0.00    1.2
2046 359754.000   34.220277700  117.144013441    39.6554   2   0   0.0341    0.0380   0.1376  -0.0215   0.0511  -0.0402   0.00    1.1
2046 359755.000   34.220277627  117.144013462    39.6124   2   0   0.0341    0.0378   0.1366  -0.0214   0.0506  -0.0400   0.00    1.0
2046 359756.000   34.220277579  117.144013596    39.5791   2   0   0.0340    0.0377   0.1357  -0.0213   0.0501  -0.0397   0.00    1.1
2046 359757.000   34.220277525  117.144013607    39.5346   2   0   0.0339    0.0375   0.1347  -0.0211   0.0497  -0.0395   0.00    1.0
2046 359758.000   34.220277488  117.144013650    39.4865   2   0   0.0339    0.0374   0.1337  -0.0210   0.0492  -0.0393   0.00    1.0
2046 359759.000   34.220277450  117.144013696    39.4409   2   0   0.0338    0.0373   0.1330  -0.0209   0.0488  -0.0391   0.00    1.0
2046 359760.000   34.220277404  117.144013763    39.4029   2   0   0.0337    0.0371   0.1322  -0.0208   0.0485  -0.0389   0.00    1.2
2046 359761.000   34.220277379  117.144013829    39.3785   2   0   0.0337    0.0370   0.1314  -0.0207   0.0480  -0.0387   0.00    1.1
2046 359762.000   34.220277377  117.144013773    39.3458   2   0   0.0336    0.0368   0.1305  -0.0206   0.0475  -0.0385   0.00    1.0
2046 359763.000   34.220277366  117.144013768    39.3103   2   0   0.0335    0.0367   0.1297  -0.0205   0.0471  -0.0382   0.00    1.1
2046 359764.000   34.220277360  117.144013732    39.2777   2   0   0.0335    0.0366   0.1289  -0.0203   0.0467  -0.0380   0.00    1.0
2046 359765.000   34.220277330  117.144013717    39.2476   2   0   0.0334    0.0364   0.1282  -0.0202   0.0463  -0.0378   0.00    1.1
2046 359766.000   34.220277318  117.144013683    39.2170   2   0   0.0333    0.0363   0.1274  -0.0201   0.0459  -0.0376   0.00    1.0
2046 359767.000   34.220277313  117.144013672    39.1876   2   0   0.0333    0.0362   0.1266  -0.0200   0.0455  -0.0374   0.00    1.0
2046 359768.000   34.220277339  117.144013636    39.1539   2   0   0.0332    0.0361   0.1258  -0.0199   0.0451  -0.0372   0.00    1.0
2046 359769.000   34.220277332  117.144013584    39.1196   2   0   0.0331    0.0359   0.1251  -0.0198   0.0447  -0.0371   0.00    1.0
2046 359770.000   34.220277330  117.144013553    39.0926   2   0   0.0331    0.0358   0.1243  -0.0197   0.0443  -0.0369   0.00    1.0
2046 359771.000   34.220277330  117.144013516    39.0659   2   0   0.0330    0.0357   0.1236  -0.0196   0.0440  -0.0367   0.00    1.0
2046 359772.000   34.220277325  117.144013493    39.0320   2   0   0.0329    0.0356   0.1229  -0.0195   0.0436  -0.0365   0.00    1.0
2046 359773.000   34.220277322  117.144013443    39.0092   2   0   0.0329    0.0355   0.1222  -0.0194   0.0433  -0.0364   0.00    1.0
2046 359774.000   34.220277344  117.144013441    38.9799   2   0   0.0328    0.0354   0.1215  -0.0193   0.0429  -0.0362   0.00    1.0
2046 359775.000   34.220277347  117.144013426    38.9504   2   0   0.0328    0.0352   0.1208  -0.0192   0.0426  -0.0360   0.00    1.0
2046 359776.000   34.220277340  117.144013439    38.9187   2   0   0.0327    0.0351   0.1201  -0.0191   0.0422  -0.0359   0.00    1.0
2046 359777.000   34.220277294  117.144013445    38.8946   2   0   0.0326    0.0350   0.1195  -0.0190   0.0419  -0.0357   0.00    1.0
2046 359778.000   34.220277294  117.144013426    38.8653   2   0   0.0326    0.0349   0.1188  -0.0189   0.0416  -0.0356   0.00    1.0
2046 359779.000   34.220277284  117.144013405    38.8396   2   0   0.0325    0.0348   0.1182  -0.0188   0.0413  -0.0354   0.00    1.0
2046 359780.000   34.220277265  117.144013375    38.8152   2   0   0.0324    0.0347   0.1176  -0.0188   0.0410  -0.0353   0.00    1.1
2046 359781.000   34.220277263  117.144013350    38.7918   2   0   0.0324    0.0346   0.1170  -0.0187   0.0407  -0.0351   0.00    1.1
2046 359782.000   34.220277262  117.144013342    38.7683   2   0   0.0323    0.0345   0.1164  -0.0186   0.0404  -0.0350   0.00    1.1
2046 359783.000   34.220277273  117.144013309    38.7418   2   0   0.0323    0.0344   0.1158  -0.0185   0.0401  -0.0349   0.00    1.0
2046 359784.000   34.220277269  117.144013281    38.7160   2   0   0.0322    0.0343   0.1152  -0.0184   0.0398  -0.0347   0.00    1.1
2046 359785.000   34.220277250  117.144013278    38.6926   2   0   0.0321    0.0342   0.1146  -0.0183   0.0395  -0.0346   0.00    1.1
2046 359786.000   34.220277244  117.144013285    38.6677   2   0   0.0321    0.0341   0.1141  -0.0182   0.0392  -0.0344   0.00    1.1
2046 359787.000   34.220277230  117.144013264    38.6499   2   0   0.0320    0.0340   0.1135  -0.0182   0.0389  -0.0343   0.00    1.0
2046 359788.000   34.220277216  117.144013265    38.6247   2   0   0.0320    0.0339   0.1130  -0.0181   0.0387  -0.0342   0.00    1.1
2046 359789.000   34.220277212  117.144013241    38.6025   2   0   0.0319    0.0338   0.1124  -0.0180   0.0384  -0.0341   0.00    1.1
2046 359790.000   34.220277192  117.144013214    38.5794   2   0   0.0319    0.0338   0.1119  -0.0179   0.0381  -0.0339   0.00    1.0
2046 359791.000   34.220277187  117.144013245    38.5637   2   0   0.0318    0.0337   0.1114  -0.0178   0.0379  -0.0338   0.00    1.0
2046 359792.000   34.220277195  117.144013222    38.5404   2   0   0.0318    0.0336   0.1109  -0.0178   0.0376  -0.0337   0.00    1.3
2046 359793.000   34.220277167  117.144013199    38.5192   2   0   0.0317    0.0335   0.1103  -0.0177   0.0374  -0.0336   0.00    1.1
2046 359794.000   34.220277160  117.144013186    38.5012   2   0   0.0316    0.0334   0.1099  -0.0176   0.0371  -0.0335   0.00    1.1
2046 359795.000   34.220277155  117.144013153    38.4830   2   0   0.0316    0.0333   0.1094  -0.0175   0.0369  -0.0333   0.00    1.3
2046 359796.000   34.220277152  117.144013137    38.4635   2   0   0.0315    0.0332   0.1089  -0.0175   0.0366  -0.0332   0.00    1.0
2046 359797.000   34.220277125  117.144013136    38.4443   2   0   0.0315    0.0332   0.1084  -0.0174   0.0364  -0.0331   0.00    1.0
2046 359798.000   34.220277123  117.144013146    38.4227   2   0   0.0314    0.0331   0.1079  -0.0173   0.0361  -0.0330   0.00    1.0
2046 359799.000   34.220277117  117.144013156    38.4022   2   0   0.0314    0.0330   0.1075  -0.0173   0.0359  -0.0329   0.00    1.0
2046 359800.000   34.220277122  117.144013134    38.3843   2   0   0.0313    0.0329   0.1070  -0.0172   0.0357  -0.0328   0.00    1.0
2046 359801.000   34.220277108  117.144013133    38.3660   2   0   0.0313    0.0328   0.1066  -0.0171   0.0354  -0.0327   0.00    1.0
2046 359802.000   34.220277119  117.144013110    38.3475   2   0   0.0312    0.0328   0.1061  -0.0170   0.0352  -0.0326   0.00    1.1
2046 359803.000   34.220277105  117.144013111    38.3290   2   0   0.0312    0.0327   0.1057  -0.0170   0.0350  -0.0325   0.00    1.1
2046 359804.000   34.220277099  117.144013092    38.3089   2   0   0.0311    0.0326   0.1053  -0.0169   0.0348  -0.0324   0.00    1.0
2046 359805.000   34.220277080  117.144013095    38.2930   2   0   0.0311    0.0325   0.1048  -0.0168   0.0346  -0.0323   0.00    1.0
2046 359806.000   34.220277082  117.144013099    38.2765   2   0   0.0310    0.0325   0.1044  -0.0168   0.0344  -0.0322   0.00    1.0
2046 359807.000   34.220277069  117.144013084    38.2616   2   0   0.0310    0.0324   0.1040  -0.0167   0.0341  -0.0321   0.00    1.0
2046 359808.000   34.220277077  117.144013101    38.2432   2   0   0.0309    0.0323   0.1036  -0.0166   0.0339  -0.0320   0.00    1.1
2046 359809.000   34.220277071  117.144013094    38.2203   2   0   0.0309    0.0323   0.1032  -0.0166   0.0337  -0.0319   0.00    1.1
2046 359810.000   34.220277065  117.144013079    38.2129   2   0   0.0308    0.0322   0.1028  -0.0165   0.0335  -0.0318   0.00    1.0
2046 359811.000   34.220277053  117.144013031    38.2046   2   0   0.0308    0.0321   0.1025  -0.0165   0.0333  -0.0317   0.00    1.1
2046 359812.000   34.220277017  117.144013043    38.1906   2   0   0.0307    0.0320   0.1021  -0.0164   0.0331  -0.0316   0.00    1.0
2046 359813.000   34.220276992  117.144013026    38.1748   2   0   0.0307    0.0320   0.1017  -0.0163   0.0329  -0.0315   0.00    1.0
2046 359814.000   34.220276974  117.144013026    38.1588   2   0   0.0306    0.0319   0.1013  -0.0163   0.0327  -0.0314   0.00    1.0
2046 359815.000   34.220276957  117.144013008    38.1458   2   0   0.0306    0.0318   0.1009  -0.0162   0.0325  -0.0313   0.00    1.0
2046 359816.000   34.220276969  117.144013019    38.1348   2   0   0.0306    0.0318   0.1006  -0.0162   0.0323  -0.0313   0.00    1.0
2046 359817.000   34.220276978  117.144012967    38.1163   2   0   0.0305    0.0317   0.1002  -0.0161   0.0322  -0.0312   0.00    1.2
2046 359818.000   34.220276968  117.144012961    38.1032   2   0   0.0305    0.0317   0.0998  -0.0160   0.0320  -0.0311   0.00    1.0
2046 359819.000   34.220276928  117.144012987    38.0889   2   0   0.0304    0.0316   0.0995  -0.0160   0.0318  -0.0310   0.00    1.1
2046 359820.000   34.220276914  117.144012988    38.0829   2   0   0.0304    0.0315   0.0991  -0.0159   0.0316  -0.0309   0.00    1.2
2046 359821.000   34.220276916  117.144013008    38.0674   2   0   0.0303    0.0315   0.0988  -0.0159   0.0314  -0.0308   0.00    1.0
2046 359822.000   34.220276888  117.144012980    38.0514   2   0   0.0303    0.0314   0.0985  -0.0158   0.0313  -0.0308   0.00    1.1
2046 359823.000   34.220276893  117.144012941    38.0399   2   0   0.0303    0.0313   0.0981  -0.0158   0.0311  -0.0307   0.00    1.2
2046 359824.000   34.220276872  117.144012943    38.0249   2   0   0.0302    0.0313   0.0978  -0.0157   0.0309  -0.0306   0.00    1.0
2046 359825.000   34.220276863  117.144012960    38.0145   2   0   0.0302    0.0312   0.0975  -0.0156   0.0308  -0.0305   0.00    1.2
2046 359826.000   34.220276882  117.144012949    38.0048   2   0   0.0301    0.0312   0.0972  -0.0156   0.0306  -0.0304   0.00    1.0
2046 359827.000   34.220276883  117.144012946    37.9993   2   0   0.0301    0.0311   0.0969  -0.0155   0.0304  -0.0303   0.00    1.0
2046 359828.000   34.220276879  117.144012972    37.9928   2   0   0.0301    0.0310   0.0966  -0.0155   0.0303  -0.0302   0.00    1.1
2046 359829.000   34.220276919  117.144012937    37.9868   2   0   0.0300    0.0310   0.0963  -0.0154   0.0301  -0.0302   0.00    1.1
2046 359830.000   34.220276919  117.144012957    37.9839   2   0   0.0300    0.0310   0.0961  -0.0154   0.0299  -0.0300   0.00    1.3
2046 359831.000   34.220276905  117.144012956    37.9764   2   0   0.0300    0.0309   0.0959  -0.0154   0.0297  -0.0299   0.00    1.0
2046 359832.000   34.220276804  117.144013106    37.9579   2   0   0.0299    0.0309   0.0956  -0.0153   0.0296  -0.0298   0.00    1.2
2046 359833.000   34.220276782  117.144013059    37.9504   2   0   0.0299    0.0308   0.0953  -0.0153   0.0294  -0.0297   0.00    1.0
2046 359834.000   34.220276792  117.144013090    37.9336   2   0   0.0298    0.0307   0.0950  -0.0152   0.0293  -0.0297   0.00    1.2
2046 359835.000   34.220276766  117.144013085    37.9182   2   0   0.0298    0.0307   0.0948  -0.0152   0.0291  -0.0296   0.00    1.0
2046 359836.000   34.220276761  117.144013143    37.9085   2   0   0.0298    0.0306   0.0945  -0.0151   0.0290  -0.0295   0.00    1.0
2046 359837.000   34.220276759  117.144013147    37.8908   2   0   0.0297    0.0306   0.0942  -0.0151   0.0288  -0.0295   0.00    1.2
2046 359838.000   34.220276758  117.144013147    37.8836   2   0   0.0297    0.0305   0.0940  -0.0150   0.0287  -0.0294   0.00    1.2
2046 359839.000   34.220276729  117.144013163    37.8765   2   0   0.0297    0.0305   0.0937  -0.0150   0.0285  -0.0293   0.00    1.0
2046 359840.000   34.220276726  117.144013160    37.8682   2   0   0.0296    0.0304   0.0934  -0.0149   0.0284  -0.0292   0.00    1.1
2046 359841.000   34.220276713  117.144013158    37.8573   2   0   0.0296    0.0304   0.0932  -0.0149   0.0283  -0.0292   0.00    1.1
2046 359842.000   34.220276718  117.144013148    37.8493   2   0   0.0296    0.0303   0.0929  -0.0148   0.0281  -0.0291   0.00    1.0
2046 359843.000   34.220276715  117.144013143    37.8360   2   0   0.0295    0.0303   0.0927  -0.0148   0.0280  -0.0290   0.00    1.0
2046 359844.000   34.220276688  117.144013156    37.8394   2   0   0.0295    0.0302   0.0924  -0.0147   0.0278  -0.0290   0.00    1.0
2046 359845.000   34.220276618  117.144013258    37.8279   2   0   0.0295    0.0302   0.0922  -0.0147   0.0277  -0.0289   0.00    1.0
2046 359846.000   34.220276611  117.144013293    37.8074   2   0   0.0294    0.0301   0.0919  -0.0146   0.0276  -0.0288   0.00    1.1
2046 359847.000   34.220276577  117.144013319    37.7971   2   0   0.0294    0.0301   0.0917  -0.0146   0.0274  -0.0288   0.00    1.0
2046 359848.000   34.220276602  117.144013309    37.7967   2   0   0.0294    0.0300   0.0914  -0.0145   0.0273  -0.0287   0.00    1.0
2046 359849.000   34.220276590  117.144013348    37.7824   2   0   0.0293    0.0300   0.0912  -0.0145   0.0272  -0.0286   0.00    1.1
2046 359850.000   34.220276561  117.144013310    37.7788   2   0   0.0293    0.0299   0.0910  -0.0144   0.0270  -0.0286   0.00    1.0
2046 359851.000   34.220276595  117.144013303    37.7687   2   0   0.0293    0.0299   0.0907  -0.0144   0.0269  -0.0285   0.00    1.0
2046 359852.000   34.220276594  117.144013391    37.7645   2   0   0.0292    0.0298   0.0905  -0.0144   0.0268  -0.0285   0.00    1.0
2046 359853.000   34.220276544  117.144013387    37.7532   2   0   0.0292    0.0298   0.0903  -0.0143   0.0267  -0.0284   0.00    1.0
2046 359854.000   34.220276560  117.144013397    37.7406   2   0   0.0292    0.0298   0.0900  -0.0142   0.0266  -0.0283   0.00    1.1
2046 359855.000   34.220276530  117.144013421    37.7322   2   0   0.0291    0.0297   0.0898  -0.0142   0.0264  -0.0283   0.00    1.0
2046 359856.000   34.220276479  117.144013449    37.7199   2   0   0.0291    0.0297   0.0896  -0.0141   0.0263  -0.0282   0.00    1.1
2046 359857.000   34.220276480  117.144013435    37.7152   2   0   0.0291    0.0297   0.0894  -0.0141   0.0262  -0.0281   0.00    1.1
2046 359858.000   34.220276489  117.144013451    37.7096   2   0   0.0290    0.0296   0.0892  -0.0140   0.0261  -0.0281   0.00    1.0
2046 359859.000   34.220276479  117.144013428    37.7004   2   0   0.0290    0.0296   0.0890  -0.0140   0.0260  -0.0280   0.00    1.0
2046 359860.000   34.220276483  117.144013415    37.6904   2   0   0.0290    0.0296   0.0887  -0.0139   0.0259  -0.0280   0.00    1.1
2046 359861.000   34.220276483  117.144013423    37.6776   2   0   0.0289    0.0295   0.0885  -0.0139   0.0258  -0.0279   0.00    1.0
2046 359862.000   34.220276494  117.144013471    37.6733   2   0   0.0289    0.0295   0.0883  -0.0139   0.0257  -0.0278   0.00    1.0
2046 359863.000   34.220276478  117.144013474    37.6608   2   0   0.0289    0.0295   0.0881  -0.0138   0.0256  -0.0278   0.00    1.1
2046 359864.000   34.220276467  117.144013482    37.6526   2   0   0.0288    0.0294   0.0879  -0.0138   0.0255  -0.0277   0.00    1.2
2046 359865.000   34.220276434  117.144013465    37.6452   2   0   0.0288    0.0294   0.0876  -0.0137   0.0254  -0.0277   0.00    1.1
2046 359866.000   34.220276464  117.144013494    37.6351   2   0   0.0288    0.0294   0.0874  -0.0137   0.0252  -0.0276   0.00    1.0
2046 359867.000   34.220276471  117.144013457    37.6274   2   0   0.0287    0.0293   0.0872  -0.0136   0.0251  -0.0276   0.00    1.0
2046 359868.000   34.220276480  117.144013457    37.6128   2   0   0.0287    0.0293   0.0870  -0.0136   0.0250  -0.0275   0.00    1.1
2046 359869.000   34.220276446  117.144013466    37.6144   2   0   0.0287    0.0292   0.0868  -0.0135   0.0249  -0.0275   0.00    1.0
2046 359870.000   34.220276441  117.144013448    37.6063   2   0   0.0286    0.0292   0.0866  -0.0135   0.0248  -0.0274   0.00    1.1
2046 359871.000   34.220276432  117.144013433    37.6009   2   0   0.0286    0.0291   0.0864  -0.0135   0.0247  -0.0274   0.00    1.0
2046 359872.000   34.220276404  117.144013450    37.5873   2   0   0.0286    0.0291   0.0862  -0.0134   0.0246  -0.0273   0.00    1.1
2046 359873.000   34.220276392  117.144013489    37.5793   2   0   0.0285    0.0291   0.0860  -0.0134   0.0245  -0.0273   0.00    1.0
2046 359874.000   34.220276372  117.144013551    37.5794   2   0   0.0285    0.0291   0.0858  -0.0133   0.0244  -0.0272   0.00    1.1
2046 359875.000   34.220276387  117.144013569    37.5725   2   0   0.0285    0.0290   0.0856  -0.0133   0.0243  -0.0272   0.00    1.1
2046 359876.000   34.220276387  117.144013565    37.5684   2   0   0.0285    0.0290   0.0855  -0.0132   0.0242  -0.0271   0.00    1.1
2046 359877.000   34.220276392  117.144013537    37.5610   2   0   0.0284    0.0290   0.0853  -0.0132   0.0241  -0.0271   0.00    1.2
2046 359878.000   34.220276373  117.144013536    37.5535   2   0   0.0284    0.0289   0.0851  -0.0132   0.0240  -0.0270   0.00    1.0
2046 359879.000   34.220276396  117.144013541    37.5421   2   0   0.0284    0.0289   0.0849  -0.0131   0.0239  -0.0270   0.00    1.2
2046 359880.000   34.220276372  117.144013543    37.5328   2   0   0.0284    0.0288   0.0847  -0.0131   0.0237  -0.0270   0.00    1.0
2046 359881.000   34.220276356  117.144013528    37.5324   2   0   0.0283    0.0288   0.0846  -0.0130   0.0236  -0.0269   0.00    1.0
2046 359882.000   34.220276318  117.144013524    37.5379   2   0   0.0283    0.0288   0.0844  -0.0130   0.0235  -0.0269   0.00    1.1
2046 359883.000   34.220276371  117.144013533    37.5336   2   0   0.0283    0.0287   0.0842  -0.0129   0.0234  -0.0269   0.00    1.0
2046 359884.000   34.220276309  117.144013471    37.5283   2   0   0.0283    0.0287   0.0841  -0.0129   0.0233  -0.0268   0.00    1.1
2046 359885.000   34.220276362  117.144013607    37.5001   2   0   0.0282    0.0287   0.0839  -0.0128   0.0232  -0.0268   0.00    1.2
2046 359886.000   34.220276333  117.144013601    37.4949   2   0   0.0282    0.0286   0.0837  -0.0128   0.0230  -0.0268   0.00    1.2
2046 359887.000   34.220276307  117.144013634    37.4368   2   0   0.0282    0.0286   0.0836  -0.0127   0.0229  -0.0268   0.00    1.1
2046 359888.000   34.220276215  117.144013740    37.4496   2   0   0.0282    0.0286   0.0835  -0.0126   0.0229  -0.0267   0.00    1.0
2046 359889.000   34.220276216  117.144013676    37.4887   2   0   0.0282    0.0286   0.0834  -0.0126   0.0228  -0.0267   0.00    1.1
2046 359890.000   34.220276267  117.144013726    37.4667   2   0   0.0282    0.0287   0.0837  -0.0127   0.0232  -0.0270   0.00    1.0
2046 359891.000   34.220276170  117.144013763    37.4429   2   0   0.0282    0.0287   0.0837  -0.0128   0.0234  -0.0270   0.00    1.1
2046 359892.000   34.220276214  117.144013626    37.4464   2   0   0.0282    0.0287   0.0837  -0.0128   0.0234  -0.0271   0.00    1.1
2046 359893.000   34.220276403  117.144013763    37.4746   2   0   0.0282    0.0287   0.0835  -0.0124   0.0228  -0.0268   0.00    1.2
2046 359894.000   34.220276569  117.144013800    37.4280   2   0   0.0282    0.0287   0.0834  -0.0123   0.0227  -0.0268   0.00    1.0
2046 359895.000   34.220276367  117.144013788    37.4446   2   0   0.0284    0.0288   0.0838  -0.0125   0.0231  -0.0273   0.00    1.0
2046 359896.000   34.220276253  117.144013704    37.4248   2   0   0.0285    0.0288   0.0839  -0.0127   0.0233  -0.0276   0.00    1.0
2046 359897.000   34.220276243  117.144013745    37.4007   2   0   0.0284    0.0288   0.0837  -0.0127   0.0232  -0.0276   0.00    1.1
2046 359898.000   34.220276268  117.144013627    37.4047   2   0   0.0285    0.0288   0.0836  -0.0126   0.0230  -0.0275   0.00    1.0
2046 359899.000   34.220276438  117.144013544    37.4142   2   0   0.0284    0.0287   0.0834  -0.0126   0.0229  -0.0275   0.00    1.0
2046 359900.000   34.220276481  117.144013496    37.4159   2   0   0.0285    0.0287   0.0833  -0.0127   0.0228  -0.0274   0.00    1.1
2046 359901.000   34.220276474  117.144013489    37.4015   2   0   0.0285    0.0287   0.0832  -0.0127   0.0227  -0.0274   0.00    1.1
2046 359902.000   34.220276484  117.144013512    37.3831   2   0   0.0285    0.0287   0.0832  -0.0127   0.0226  -0.0274   0.00    1.2
2046 359903.000   34.220276496  117.144013500    37.3743   2   0   0.0285    0.0287   0.0831  -0.0127   0.0225  -0.0273   0.00    1.0
2046 359904.000   34.220276476  117.144013525    37.3706   2   0   0.0285    0.0287   0.0830  -0.0128   0.0224  -0.0273   0.00    1.4
2046 359905.000   34.220276484  117.144013520    37.3672   2   0   0.0285    0.0286   0.0829  -0.0127   0.0224  -0.0273   0.00    1.1
2046 359906.000   34.220276473  117.144013527    37.3666   2   0   0.0285    0.0286   0.0828  -0.0127   0.0223  -0.0273   0.00    1.1
2046 359907.000   34.220276459  117.144013535    37.3649   2   0   0.0285    0.0286   0.0827  -0.0127   0.0223  -0.0273   0.00    1.1
2046 359908.000   34.220276464  117.144013537    37.3686   2   0   0.0285    0.0286   0.0826  -0.0126   0.0222  -0.0273   0.00    1.3
2046 359909.000   34.220276457  117.144013573    37.3771   2   0   0.0284    0.0285   0.0825  -0.0126   0.0221  -0.0273   0.00    1.1
2046 359910.000   34.220276449  117.144013572    37.3754   2   0   0.0284    0.0285   0.0825  -0.0126   0.0222  -0.0273   0.00    1.1
2046 359911.000   34.220276465  117.144013570    37.3772   2   0   0.0284    0.0285   0.0823  -0.0126   0.0221  -0.0273   0.00    1.0
2046 359912.000   34.220276478  117.144013576    37.3759   2   0   0.0284    0.0285   0.0823  -0.0126   0.0220  -0.0273   0.00    1.1
2046 359913.000   34.220276465  117.144013573    37.3606   2   0   0.0284    0.0284   0.0822  -0.0126   0.0220  -0.0273   0.00    1.0
2046 359914.000   34.220276419  117.144013571    37.3545   2   0   0.0285    0.0284   0.0821  -0.0126   0.0219  -0.0274   0.00    1.0
2046 359915.000   34.220276433  117.144013565    37.3528   2   0   0.0285    0.0284   0.0821  -0.0126   0.0218  -0.0274   0.00    1.0
2046 359916.000   34.220276423  117.144013586    37.3526   2   0   0.0285    0.0284   0.0820  -0.0126   0.0217  -0.0274   0.00    1.1
2046 359917.000   34.220276302  117.144013712    37.3615   2   0   0.0285    0.0284   0.0821  -0.0126   0.0218  -0.0275   0.00    1.3
2046 359918.000   34.220276201  117.144013868    37.3301   2   0   0.0285    0.0284   0.0818  -0.0127   0.0216  -0.0274   0.00    1.0
2046 359919.000   34.220276140  117.144013938    37.3191   2   0   0.0285    0.0284   0.0817  -0.0127   0.0215  -0.0273   0.00    1.0
2046 359920.000   34.220276169  117.144013936    37.3123   2   0   0.0285    0.0284   0.0815  -0.0127   0.0215  -0.0273   0.00    1.0
2046 359921.000   34.220276207  117.144013837    37.3122   2   0   0.0284    0.0283   0.0814  -0.0127   0.0214  -0.0272   0.00    1.0
2046 359922.000   34.220276193  117.144013809    37.3133   2   0   0.0284    0.0283   0.0812  -0.0127   0.0214  -0.0272   0.00    1.2
2046 359923.000   34.220276173  117.144013807    37.3135   2   0   0.0284    0.0283   0.0811  -0.0127   0.0213  -0.0272   0.00    1.0
2046 359924.000   34.220276143  117.144013797    37.3147   2   0   0.0284    0.0283   0.0809  -0.0127   0.0213  -0.0271   0.00    1.1
2046 359925.000   34.220276120  117.144013828    37.3086   2   0   0.0284    0.0283   0.0808  -0.0128   0.0212  -0.0271   0.00    1.1
2046 359926.000   34.220276129  117.144013833    37.3022   2   0   0.0284    0.0283   0.0807  -0.0128   0.0212  -0.0271   0.00    1.0
2046 359927.000   34.220276324  117.144013700    37.3187   2   0   0.0284    0.0282   0.0805  -0.0128   0.0211  -0.0271   0.00    1.1
2046 359928.000   34.220276234  117.144013840    37.3044   2   0   0.0284    0.0282   0.0806  -0.0127   0.0210  -0.0272   0.00    1.0
2046 359929.000   34.220276342  117.144013904    37.2895   2   0   0.0284    0.0282   0.0805  -0.0127   0.0209  -0.0273   0.00    1.1
2046 359930.000   34.220276356  117.144013946    37.2829   2   0   0.0284    0.0282   0.0804  -0.0127   0.0209  -0.0273   0.00    1.0
2046 359931.000   34.220276311  117.144013976    37.2790   2   0   0.0284    0.0281   0.0803  -0.0126   0.0207  -0.0272   0.00    1.0
2046 359932.000   34.220276288  117.144013975    37.2848   2   0   0.0284    0.0281   0.0801  -0.0126   0.0206  -0.0272   0.00    1.1
2046 359933.000   34.220276237  117.144013992    37.2806   2   0   0.0283    0.0281   0.0800  -0.0125   0.0205  -0.0272   0.00    1.1
2046 359934.000   34.220276181  117.144013936    37.2870   2   0   0.0283    0.0280   0.0798  -0.0125   0.0204  -0.0271   0.00    1.0
2046 359935.000   34.220275927  117.144014148    37.2437   2   0   0.0285    0.0283   0.0810  -0.0130   0.0216  -0.0280   0.00    1.0
2046 359936.000   34.220276162  117.144013959    37.2973   2   0   0.0286    0.0284   0.0813  -0.0131   0.0219  -0.0283   0.00    1.2
2046 359937.000   34.220276154  117.144013886    37.2754   2   0   0.0286    0.0284   0.0814  -0.0132   0.0221  -0.0285   0.00    1.1
2046 359938.000   34.220276214  117.144014012    37.2446   2   0   0.0286    0.0283   0.0811  -0.0131   0.0218  -0.0284   0.00    1.0
2046 359939.000   34.220276137  117.144013982    37.2550   2   0   0.0286    0.0283   0.0810  -0.0131   0.0217  -0.0283   0.00    1.0
2046 359940.000   34.220276137  117.144013998    37.2751   2   0   0.0286    0.0284   0.0812  -0.0132   0.0219  -0.0286   0.00    1.0
2046 359941.000   34.220276128  117.144014039    37.2806   2   0   0.0286    0.0283   0.0809  -0.0131   0.0216  -0.0285   0.00    1.1
